LEDGER,FISCAL_YEAR,PERIOD,ORGID,OPER_UNIT,ACCOUNT,DEPT,LOCATION,POSTED_TOTAL
Actuals,2020,1,ABC Inc.,Region B,20000,1500,18,3.7455525027244195e7
Actuals,2020,1,ABC Inc.,Region A,37000,1100,17,3.525029155330796e7
Actuals,2020,1,ABC Inc.,Region C,27000,1100,19,5.477839804822506e7
Actuals,2020,1,ABC Inc.,Region A,28000,1400,12,9.11243429951506e6
Actuals,2020,1,ABC Inc.,Region C,21000,1200,22,6.14543408469106e7
Actuals,2020,1,ABC Inc.,Region A,21000,1200,13,7.69288664010695e7
Actuals,2020,1,ABC Inc.,Region A,43000,1400,12,4.956261332581976e7
Actuals,2020,1,ABC Inc.,Region C,45000,1500,15,3.1567836943659477e7
Actuals,2020,1,ABC Inc.,Region B,34000,1300,16,8.716362559455068e7
Actuals,2020,1,ABC Inc.,Region B,36000,1400,20,6.801035831564724e7
Actuals,2020,1,ABC Inc.,Region B,27000,1400,19,3.52687850844834e7
Actuals,2020,1,ABC Inc.,Region A,13000,1500,22,8.123082630264555e6
Actuals,2020,1,ABC Inc.,Region B,32000,1300,14,9.890405104879521e7
Actuals,2020,1,ABC Inc.,Region C,31000,1400,21,3.1335694767136745e7
Actuals,2020,1,ABC Inc.,Region B,17000,1100,15,3.508827667964267e7
Actuals,2020,1,ABC Inc.,Region C,39000,1100,19,4.62702574669251e7
Actuals,2020,1,ABC Inc.,Region A,37000,1300,15,1.8855047018548075e7
Actuals,2020,1,ABC Inc.,Region A,25000,1200,17,5.074028936692562e7
Actuals,2020,1,ABC Inc.,Region B,22000,1100,11,5.699537360808489e7
Actuals,2020,1,ABC Inc.,Region A,44000,1300,18,2.8042095720782157e7
Actuals,2020,1,ABC Inc.,Region A,44000,1200,18,9.234142446069773e7
Actuals,2020,1,ABC Inc.,Region A,31000,1500,22,7.219814619458592e7
Actuals,2020,1,ABC Inc.,Region B,41000,1100,17,7.813880643066584e6
Actuals,2020,1,ABC Inc.,Region C,37000,1500,19,7.16572699832639e7
Actuals,2020,1,ABC Inc.,Region B,21000,1300,11,7.732978519656073e7
Actuals,2020,1,ABC Inc.,Region B,45000,1500,18,3.56041583183282e7
Actuals,2020,1,ABC Inc.,Region C,35000,1100,12,6.3558760870413974e7
Actuals,2020,1,ABC Inc.,Region C,39000,1500,15,3.8548461820781186e7
Actuals,2020,1,ABC Inc.,Region B,31000,1200,21,4.299465150611914e6
Actuals,2020,1,ABC Inc.,Region B,26000,1200,19,9.958489341197626e7
Actuals,2020,1,ABC Inc.,Region C,23000,1400,13,1.6207181584627407e7
Actuals,2020,1,ABC Inc.,Region B,35000,1100,19,3.318285928550312e7
Actuals,2020,1,ABC Inc.,Region A,37000,1200,21,8.008701902893356e6
Actuals,2020,1,ABC Inc.,Region C,12000,1200,13,7.520417689966442e7
Actuals,2020,1,ABC Inc.,Region B,34000,1500,22,8.4705037971982e7
Actuals,2020,1,ABC Inc.,Region A,18000,1500,16,7.267471567422292e7
Actuals,2020,1,ABC Inc.,Region C,15000,1200,13,2.551540399916081e7
Actuals,2020,1,ABC Inc.,Region C,40000,1500,13,6.1713131108518645e7
Actuals,2020,1,ABC Inc.,Region B,13000,1100,15,2.533194776422896e7
Actuals,2020,1,ABC Inc.,Region A,21000,1100,14,9.237525839883068e7
Actuals,2020,1,ABC Inc.,Region A,17000,1500,17,7.019322104616077e7
Actuals,2020,1,ABC Inc.,Region A,25000,1500,15,9.625311452734157e7
Actuals,2020,1,ABC Inc.,Region B,14000,1300,12,3.7072148458627865e7
Actuals,2020,1,ABC Inc.,Region A,16000,1100,17,2.2171352330516934e7
Actuals,2020,1,ABC Inc.,Region A,36000,1200,15,3.638386792548409e6
Actuals,2020,1,ABC Inc.,Region C,12000,1100,17,1.5271471939472426e6
Actuals,2020,1,ABC Inc.,Region C,18000,1400,13,5.405720504252696e7
Actuals,2020,1,ABC Inc.,Region A,36000,1300,19,4.809695561796335e6
Actuals,2020,1,ABC Inc.,Region C,36000,1500,12,4.419654022053379e7
Actuals,2020,1,ABC Inc.,Region C,21000,1500,16,9.745041024590485e7
Actuals,2020,1,ABC Inc.,Region C,15000,1100,16,5.517811615436743e7
Actuals,2020,1,ABC Inc.,Region C,20000,1100,16,7.285794398103046e7
Actuals,2020,1,ABC Inc.,Region B,31000,1400,13,5.211772355795157e7
Actuals,2020,1,ABC Inc.,Region C,44000,1300,21,2.6674139706334986e7
Actuals,2020,1,ABC Inc.,Region C,11000,1500,21,6.31003828412274e7
Actuals,2020,1,ABC Inc.,Region A,12000,1100,13,1.6040704604166767e7
Actuals,2020,1,ABC Inc.,Region C,16000,1500,20,7.728453440457049e7
Actuals,2020,1,ABC Inc.,Region A,19000,1300,18,7.420503091251864e7
Actuals,2020,1,ABC Inc.,Region B,33000,1500,15,8.141777247597472e7
Actuals,2020,1,ABC Inc.,Region B,17000,1200,22,1.3173763673090423e6
Actuals,2020,1,ABC Inc.,Region A,35000,1300,12,6.220697861447459e7
Actuals,2020,1,ABC Inc.,Region A,17000,1400,15,8.11664804529137e7
Actuals,2020,1,ABC Inc.,Region B,31000,1300,12,5.710597546666245e7
Actuals,2020,1,ABC Inc.,Region C,24000,1300,16,3.356065085615501e7
Actuals,2020,1,ABC Inc.,Region B,20000,1200,14,9.569295193957673e7
Actuals,2020,1,ABC Inc.,Region A,22000,1500,22,7.864014599827439e7
Actuals,2020,1,ABC Inc.,Region C,32000,1500,12,3.1636294773678876e7
Actuals,2020,1,ABC Inc.,Region C,14000,1200,20,5.9699451138906814e7
Actuals,2020,1,ABC Inc.,Region B,12000,1500,19,6.795545137982883e7
Actuals,2020,1,ABC Inc.,Region C,37000,1200,15,5.3799454525264844e7
Actuals,2020,1,ABC Inc.,Region A,37000,1300,18,5.031138934964007e7
Actuals,2020,1,ABC Inc.,Region C,26000,1400,17,1.3624853987322705e7
Actuals,2020,1,ABC Inc.,Region B,36000,1100,13,5.3463212134360306e7
Actuals,2020,1,ABC Inc.,Region C,22000,1500,17,9.9145323631864e6
Actuals,2020,1,ABC Inc.,Region C,12000,1500,12,4.7155675008539274e7
Actuals,2020,1,ABC Inc.,Region C,15000,1400,18,8.670339191189779e6
Actuals,2020,1,ABC Inc.,Region A,12000,1300,22,1.707914115706206e7
Actuals,2020,1,ABC Inc.,Region C,25000,1500,15,1.4510213006171357e7
Actuals,2020,1,ABC Inc.,Region B,24000,1400,14,9.251390762942848e7
Actuals,2020,1,ABC Inc.,Region C,18000,1300,20,1.105698017203135e7
Actuals,2020,1,ABC Inc.,Region A,43000,1200,16,6.076184843283248e7
Actuals,2020,1,ABC Inc.,Region C,29000,1400,16,3.607573952874894e7
Actuals,2020,1,ABC Inc.,Region C,31000,1100,18,8.224346469195653e7
Actuals,2020,1,ABC Inc.,Region B,37000,1200,19,1.0284991390479226e6
Actuals,2020,1,ABC Inc.,Region A,28000,1100,20,5.2588708240312256e7
Actuals,2020,1,ABC Inc.,Region C,12000,1500,16,8.31506109344743e7
Actuals,2020,1,ABC Inc.,Region B,24000,1100,20,3.090894844554927e7
Actuals,2020,1,ABC Inc.,Region B,37000,1100,15,4.0143444481117176e6
Actuals,2020,1,ABC Inc.,Region A,12000,1400,17,9.312277147348766e7
Actuals,2020,1,ABC Inc.,Region C,12000,1500,11,7.073009397146691e7
Actuals,2020,1,ABC Inc.,Region B,13000,1100,14,6.0201200277655594e7
Actuals,2020,1,ABC Inc.,Region A,37000,1100,11,2.9707957119958874e7
Actuals,2020,1,ABC Inc.,Region A,13000,1500,14,5.699619019344206e7
Actuals,2020,1,ABC Inc.,Region C,12000,1100,12,2.4727666122112934e7
Actuals,2020,1,ABC Inc.,Region C,17000,1100,17,1.7750684705867913e7
Actuals,2020,1,ABC Inc.,Region A,15000,1500,22,5.3859960864131875e7
Actuals,2020,1,ABC Inc.,Region A,28000,1300,14,5.877528985360041e7
Actuals,2020,1,ABC Inc.,Region C,37000,1400,21,5.0589831597932085e7
Actuals,2020,1,ABC Inc.,Region B,43000,1200,13,8.415250215571564e7
Actuals,2020,1,ABC Inc.,Region C,44000,1400,16,6.180623278113827e7
Actuals,2020,1,ABC Inc.,Region B,14000,1300,11,9.793562157117334e7
Actuals,2020,1,ABC Inc.,Region C,44000,1100,12,4.154631382071889e7
Actuals,2020,1,ABC Inc.,Region B,27000,1500,19,1.475879452376242e7
Actuals,2020,1,ABC Inc.,Region B,36000,1400,21,3.192927249600519e6
Actuals,2020,1,ABC Inc.,Region B,28000,1200,13,8.663677371089162e7
Actuals,2020,1,ABC Inc.,Region B,19000,1100,16,8.172781717072102e7
Actuals,2020,1,ABC Inc.,Region A,25000,1300,17,3.14856520310273e7
Actuals,2020,1,ABC Inc.,Region C,13000,1300,15,2.4006849896188844e6
Actuals,2020,1,ABC Inc.,Region A,39000,1100,19,9.075338360254861e7
Actuals,2020,1,ABC Inc.,Region B,15000,1300,19,6.029183423589961e7
Actuals,2020,1,ABC Inc.,Region A,45000,1100,12,4.2855845579372495e7
Actuals,2020,1,ABC Inc.,Region C,26000,1200,15,5.662628352123402e7
Actuals,2020,1,ABC Inc.,Region C,25000,1400,19,1.4849429169098372e6
Actuals,2020,1,ABC Inc.,Region C,20000,1300,20,2.1233436145492267e7
Actuals,2020,1,ABC Inc.,Region B,19000,1500,13,9.648399773840417e7
Actuals,2020,1,ABC Inc.,Region C,17000,1300,19,6.0846972444281064e7
Actuals,2020,1,ABC Inc.,Region A,19000,1100,17,5.566889590927995e7
Actuals,2020,1,ABC Inc.,Region B,27000,1300,21,4.353534468873963e7
Actuals,2020,1,ABC Inc.,Region A,40000,1200,18,2.9104839018007345e7
Actuals,2020,1,ABC Inc.,Region A,11000,1100,14,1.0587702479395656e7
Actuals,2020,1,ABC Inc.,Region C,28000,1200,17,2.656787837099287e7
Actuals,2020,1,ABC Inc.,Region C,13000,1400,16,2.2933489503314454e7
Actuals,2020,1,ABC Inc.,Region A,32000,1100,14,6.6871882919178985e7
Actuals,2020,1,ABC Inc.,Region A,34000,1400,15,1.0620225324075727e7
Actuals,2020,1,ABC Inc.,Region A,35000,1200,20,7.850754799102132e7
Actuals,2020,1,ABC Inc.,Region A,15000,1400,16,6.225592551571142e7
Actuals,2020,1,ABC Inc.,Region C,12000,1400,20,5.157907313219583e7
Actuals,2020,1,ABC Inc.,Region C,45000,1200,17,7.17244381846166e7
Actuals,2020,1,ABC Inc.,Region A,19000,1300,19,5.796064174046134e6
Actuals,2020,1,ABC Inc.,Region B,28000,1400,22,1.6543878408440571e7
Actuals,2020,1,ABC Inc.,Region C,13000,1100,22,6.587259070814924e7
Actuals,2020,1,ABC Inc.,Region A,43000,1200,16,9.186021502161694e7
Actuals,2020,1,ABC Inc.,Region C,38000,1200,21,9.229419724378463e6
Actuals,2020,1,ABC Inc.,Region A,14000,1500,17,7.444454694833139e7
Actuals,2020,1,ABC Inc.,Region B,37000,1500,13,4.5488592516226046e7
Actuals,2020,1,ABC Inc.,Region A,45000,1200,20,1.8663952971484844e7
Actuals,2020,1,ABC Inc.,Region B,22000,1500,21,5.250330195563439e7
Actuals,2020,1,ABC Inc.,Region B,33000,1200,16,3.4738598640996754e7
Actuals,2020,1,ABC Inc.,Region A,44000,1400,15,6.566668368134141e7
Actuals,2020,1,ABC Inc.,Region A,20000,1400,20,3.270364497477466e7
Actuals,2020,1,ABC Inc.,Region C,32000,1500,12,4.3735868734976135e7
Actuals,2020,1,ABC Inc.,Region A,24000,1500,11,5.450569807811273e7
Actuals,2020,1,ABC Inc.,Region B,17000,1500,12,8.95536230679419e7
Actuals,2020,1,ABC Inc.,Region C,45000,1100,13,4.770191406878277e7
Actuals,2020,1,ABC Inc.,Region C,17000,1500,17,5.55241271841489e6
Actuals,2020,1,ABC Inc.,Region A,21000,1400,21,4.159245332085324e7
Actuals,2020,1,ABC Inc.,Region A,39000,1100,15,3.182926415270172e7
Actuals,2020,1,ABC Inc.,Region A,26000,1400,22,8.715145249149741e7
Actuals,2020,1,ABC Inc.,Region A,21000,1400,16,5.272024013112524e7
Actuals,2020,1,ABC Inc.,Region A,28000,1300,20,1.6940736125357535e7
Actuals,2020,1,ABC Inc.,Region A,13000,1400,11,1.1038221252901047e7
Actuals,2020,1,ABC Inc.,Region A,16000,1400,20,6.01727382353717e7
Actuals,2020,1,ABC Inc.,Region C,19000,1400,20,5.411935319054127e7
Actuals,2020,1,ABC Inc.,Region C,19000,1100,13,8.492407461205623e7
Actuals,2020,1,ABC Inc.,Region B,29000,1100,21,3.1483625611179087e7
Actuals,2020,1,ABC Inc.,Region C,18000,1200,14,9.833929927933213e7
Actuals,2020,1,ABC Inc.,Region B,24000,1200,20,3.23378858931858e7
Actuals,2020,1,ABC Inc.,Region B,45000,1100,17,4.5747049918323755e7
Actuals,2020,1,ABC Inc.,Region B,33000,1500,17,2.2133978913199347e6
Actuals,2020,1,ABC Inc.,Region A,18000,1300,19,6.857487698110987e7
Actuals,2020,1,ABC Inc.,Region C,37000,1300,18,4.135565612719966e7
Actuals,2020,1,ABC Inc.,Region B,21000,1100,16,8.320680583522412e7
Actuals,2020,1,ABC Inc.,Region C,18000,1200,16,7.645114296401119e7
Actuals,2020,1,ABC Inc.,Region A,11000,1500,19,3.3040641384221636e7
Actuals,2020,1,ABC Inc.,Region A,45000,1500,14,5.797608452071907e7
Actuals,2020,1,ABC Inc.,Region C,26000,1300,11,5.405279445304955e6
Actuals,2020,1,ABC Inc.,Region A,26000,1400,21,9.087186328656e7
Actuals,2020,1,ABC Inc.,Region C,14000,1500,12,7.495710737614222e7
Actuals,2020,1,ABC Inc.,Region A,32000,1200,11,9.088431330163708e7
Actuals,2020,1,ABC Inc.,Region C,37000,1300,15,2.0063568529826336e7
Actuals,2020,1,ABC Inc.,Region C,37000,1200,13,7.11789640455139e7
Actuals,2020,1,ABC Inc.,Region B,35000,1500,11,6.165913558184246e7
Actuals,2020,1,ABC Inc.,Region C,36000,1300,12,2.254585112481472e7
Actuals,2020,1,ABC Inc.,Region C,29000,1400,17,4.530181749571045e7
Actuals,2020,1,ABC Inc.,Region A,28000,1100,21,2.777435795923826e7
Actuals,2020,1,ABC Inc.,Region C,44000,1300,22,1.274242173819543e7
Actuals,2020,1,ABC Inc.,Region C,19000,1100,22,5.744473958068389e7
Actuals,2020,1,ABC Inc.,Region A,17000,1400,13,9.427651687977175e7
Actuals,2020,1,ABC Inc.,Region C,30000,1300,22,7.819192711308737e7
Actuals,2020,1,ABC Inc.,Region A,36000,1200,18,1.932610213896476e7
Actuals,2020,1,ABC Inc.,Region A,35000,1100,11,4.180008476769322e7
Actuals,2020,1,ABC Inc.,Region B,28000,1400,16,9.216898616010821e7
Actuals,2020,1,ABC Inc.,Region C,21000,1300,14,6.25472607828022e7
Actuals,2020,1,ABC Inc.,Region B,13000,1400,15,9.20468824009281e7
Actuals,2020,1,ABC Inc.,Region C,39000,1400,16,9.767262581732711e7
Actuals,2020,1,ABC Inc.,Region B,42000,1400,16,4.966161380383238e6
Actuals,2020,1,ABC Inc.,Region C,19000,1500,19,5.154947377701082e7
Actuals,2020,1,ABC Inc.,Region B,45000,1300,20,2.9811753190153133e7
Actuals,2020,1,ABC Inc.,Region B,35000,1100,18,6.3729863654065266e7
Actuals,2020,1,ABC Inc.,Region A,44000,1200,21,4.9613984885613985e7
Actuals,2020,1,ABC Inc.,Region B,23000,1400,13,7.465300040118495e7
Actuals,2020,1,ABC Inc.,Region C,17000,1100,17,1.4625922588340612e6
Actuals,2020,1,ABC Inc.,Region C,45000,1400,11,8.709164334820853e7
Actuals,2020,1,ABC Inc.,Region C,41000,1200,17,5.607735112647095e7
Actuals,2020,1,ABC Inc.,Region C,14000,1400,19,1.8969544491198699e6
Actuals,2020,1,ABC Inc.,Region B,23000,1100,16,6.0102418971865745e6
Actuals,2020,1,ABC Inc.,Region B,42000,1200,22,6.823383263032712e6
Actuals,2020,1,ABC Inc.,Region A,33000,1100,21,8.630282045763695e7
Actuals,2020,1,ABC Inc.,Region C,26000,1300,13,6.168816170921998e7
Actuals,2020,1,ABC Inc.,Region C,41000,1300,22,9.996345697720498e7
Actuals,2020,1,ABC Inc.,Region B,29000,1100,22,6.693985749364484e7
Actuals,2020,1,ABC Inc.,Region B,21000,1400,13,260248.27157791198
Actuals,2020,1,ABC Inc.,Region B,39000,1200,14,3.6311583150004935e6
Actuals,2020,1,ABC Inc.,Region B,42000,1300,14,7.61783006403008e7
Actuals,2020,1,ABC Inc.,Region C,28000,1400,16,9.030054521356152e7
Actuals,2020,1,ABC Inc.,Region C,45000,1300,20,3.9476753334966704e7
Actuals,2020,1,ABC Inc.,Region C,27000,1500,14,1.613806602874226e7
Actuals,2020,1,ABC Inc.,Region B,37000,1100,22,4.7200763788557835e7
Actuals,2020,1,ABC Inc.,Region B,31000,1500,16,6.341988713140082e7
Actuals,2020,1,ABC Inc.,Region A,17000,1500,15,3.8141787602889046e7
Actuals,2020,1,ABC Inc.,Region C,37000,1400,12,1.8547715312601577e6
Actuals,2020,1,ABC Inc.,Region C,42000,1400,14,8.581648921956725e7
Actuals,2020,1,ABC Inc.,Region C,35000,1200,14,2.295065369314707e7
Actuals,2020,1,ABC Inc.,Region A,40000,1400,13,1.0520615543259649e7
Actuals,2020,1,ABC Inc.,Region B,37000,1100,17,5.321155986138076e7
Actuals,2020,1,ABC Inc.,Region B,41000,1500,12,4.238357803116258e7
Actuals,2020,1,ABC Inc.,Region C,45000,1300,22,6.508530425184091e7
Actuals,2020,1,ABC Inc.,Region A,22000,1100,14,8.082446168931278e6
Actuals,2020,1,ABC Inc.,Region B,39000,1100,22,3.8902668758052816e6
Actuals,2020,1,ABC Inc.,Region A,30000,1100,17,1.8031147816041604e7
Actuals,2020,1,ABC Inc.,Region A,31000,1200,20,8.649830958366981e7
Actuals,2020,1,ABC Inc.,Region A,20000,1200,14,2.0472986540457793e7
Actuals,2020,1,ABC Inc.,Region A,14000,1100,11,2.921527137736025e7
Actuals,2020,1,ABC Inc.,Region A,13000,1400,22,4.821069752727757e7
Actuals,2020,1,ABC Inc.,Region B,45000,1500,18,4.4597762601755716e7
Actuals,2020,1,ABC Inc.,Region C,12000,1200,14,3.332984920928469e7
Actuals,2020,1,ABC Inc.,Region B,11000,1200,15,1.3266142268726522e7
Actuals,2020,1,ABC Inc.,Region C,40000,1300,14,1.74072403638176e7
Actuals,2020,1,ABC Inc.,Region A,16000,1400,15,6.885810510788012e7
Actuals,2020,1,ABC Inc.,Region B,13000,1200,22,8.396147017343187e7
Actuals,2020,1,ABC Inc.,Region C,30000,1300,13,8.353631403149085e7
Actuals,2020,1,ABC Inc.,Region A,28000,1100,11,5.9026221663887e7
Actuals,2020,1,ABC Inc.,Region C,37000,1500,18,7.772811675767753e7
Actuals,2020,1,ABC Inc.,Region A,31000,1200,12,3.792858766035651e7
Actuals,2020,1,ABC Inc.,Region B,14000,1200,19,1.8773149378882024e7
Actuals,2020,1,ABC Inc.,Region B,16000,1100,12,2.7134053590627614e7
Actuals,2020,1,ABC Inc.,Region C,14000,1100,22,8.161633779401252e7
Actuals,2020,1,ABC Inc.,Region A,15000,1200,11,9.601747527251576e7
Actuals,2020,1,ABC Inc.,Region A,27000,1500,14,4.419297991920997e7
Actuals,2020,1,ABC Inc.,Region B,26000,1100,15,6.412269415107075e6
Actuals,2020,1,ABC Inc.,Region A,27000,1300,18,8.791676454692237e7
Actuals,2020,1,ABC Inc.,Region B,30000,1400,19,1.6726175235346597e7
Actuals,2020,1,ABC Inc.,Region B,17000,1200,15,1.4927973367937818e7
Actuals,2020,1,ABC Inc.,Region C,21000,1500,17,1.692408431008675e7
Actuals,2020,1,ABC Inc.,Region A,43000,1400,11,8.86780146499021e6
Actuals,2020,1,ABC Inc.,Region C,35000,1400,15,3.5993226192812975e6
Actuals,2020,1,ABC Inc.,Region B,14000,1200,16,1.805605987544414e7
Actuals,2020,1,ABC Inc.,Region B,19000,1100,19,1.922088172677465e7
Actuals,2020,1,ABC Inc.,Region A,31000,1500,20,3.210368863474279e7
Actuals,2020,1,ABC Inc.,Region C,43000,1200,21,9.240153028433654e7
Actuals,2020,1,ABC Inc.,Region B,26000,1400,17,1.2074493562474864e7
Actuals,2020,1,ABC Inc.,Region B,31000,1200,15,5.652256706148862e6
Actuals,2020,1,ABC Inc.,Region B,19000,1300,17,9.787510465965222e7
Actuals,2020,1,ABC Inc.,Region A,11000,1100,21,5.4907282356434606e7
Actuals,2020,1,ABC Inc.,Region A,36000,1400,19,6.153252336858043e7
Actuals,2020,1,ABC Inc.,Region C,40000,1500,13,4.437073897072742e7
Actuals,2020,1,ABC Inc.,Region A,42000,1100,20,9.201877450827785e7
Actuals,2020,1,ABC Inc.,Region A,32000,1100,19,4.841831056041124e7
Actuals,2020,1,ABC Inc.,Region C,18000,1500,15,3.1632575220073268e7
Actuals,2020,1,ABC Inc.,Region A,34000,1200,14,4.8226478353434585e7
Actuals,2020,1,ABC Inc.,Region C,37000,1100,15,1.1798136960563743e7
Actuals,2020,1,ABC Inc.,Region A,43000,1200,19,4.474669176964297e6
Actuals,2020,1,ABC Inc.,Region B,20000,1400,19,5.882316425380763e6
Actuals,2020,1,ABC Inc.,Region B,13000,1100,18,1.3906794590140903e7
Actuals,2020,1,ABC Inc.,Region C,18000,1200,19,1.1995557441318505e7
Actuals,2020,1,ABC Inc.,Region B,12000,1100,17,9.644495102294019e7
Actuals,2020,1,ABC Inc.,Region A,27000,1500,19,3.486542982487819e7
Actuals,2020,1,ABC Inc.,Region C,20000,1400,13,7.70276190856976e7
Actuals,2020,1,ABC Inc.,Region C,24000,1300,20,8.421312319144825e6
Actuals,2020,1,ABC Inc.,Region A,21000,1300,13,1.928711290859185e7
Actuals,2020,1,ABC Inc.,Region A,26000,1400,14,4.473303418593244e6
Actuals,2020,1,ABC Inc.,Region A,43000,1500,11,7.331899108535664e7
Actuals,2020,1,ABC Inc.,Region B,31000,1300,21,3.392020771183435e6
Actuals,2020,1,ABC Inc.,Region B,29000,1300,11,8.09161343994588e7
Actuals,2020,1,ABC Inc.,Region B,37000,1100,16,3.2838004532515917e7
Actuals,2020,1,ABC Inc.,Region C,22000,1300,14,1.6151599300790288e7
Actuals,2020,1,ABC Inc.,Region A,42000,1300,16,6.019064851756484e7
Actuals,2020,1,ABC Inc.,Region A,31000,1300,20,1.0970475588802364e7
Actuals,2020,1,ABC Inc.,Region B,43000,1100,17,2.8721351126895178e7
Actuals,2020,1,ABC Inc.,Region A,14000,1300,15,8.181972942886175e7
Actuals,2020,1,ABC Inc.,Region C,19000,1400,11,9.63468990972341e7
Actuals,2020,1,ABC Inc.,Region A,32000,1400,22,4.365785376709434e7
Actuals,2020,1,ABC Inc.,Region C,42000,1200,21,7.88133616485996e7
Actuals,2020,1,ABC Inc.,Region C,28000,1500,15,3.0839967109854493e7
Actuals,2020,1,ABC Inc.,Region C,35000,1100,18,4.995621203435002e7
Actuals,2020,1,ABC Inc.,Region B,44000,1100,16,6.734671472785392e7
Actuals,2020,1,ABC Inc.,Region C,34000,1100,17,4.196620723204949e7
Actuals,2020,1,ABC Inc.,Region C,34000,1500,18,4.696660982659426e7
Actuals,2020,1,ABC Inc.,Region B,17000,1300,19,8.400614280212507e7
Actuals,2020,1,ABC Inc.,Region A,18000,1300,22,6.46905662546454e7
Actuals,2020,1,ABC Inc.,Region B,29000,1300,12,6.4237265376590304e7
Actuals,2020,1,ABC Inc.,Region B,14000,1300,20,2.9301577297025282e7
Actuals,2020,1,ABC Inc.,Region A,21000,1400,17,1.7714454313275695e7
Actuals,2020,1,ABC Inc.,Region C,32000,1300,12,1.2129506996884244e7
Actuals,2020,1,ABC Inc.,Region A,42000,1400,13,8.12336914824967e7
Actuals,2020,1,ABC Inc.,Region C,20000,1100,21,6.781804232164025e7
Actuals,2020,1,ABC Inc.,Region C,12000,1400,17,7.34593221976347e7
Actuals,2020,1,ABC Inc.,Region C,37000,1200,21,2.2883152522270035e7
Actuals,2020,1,ABC Inc.,Region A,40000,1300,16,5.9231784692300096e7
Actuals,2020,1,ABC Inc.,Region C,41000,1300,16,3.0772587544540376e6
Actuals,2020,1,ABC Inc.,Region B,34000,1100,22,7.187776759219451e7
Actuals,2020,1,ABC Inc.,Region B,38000,1200,19,4.571514173401177e7
Actuals,2020,1,ABC Inc.,Region C,18000,1100,17,6.422797744390043e7
Actuals,2020,1,ABC Inc.,Region A,37000,1100,15,8.037147642532067e7
Actuals,2020,1,ABC Inc.,Region B,39000,1400,13,6.092899963040622e7
Actuals,2020,1,ABC Inc.,Region C,29000,1500,15,4.5999827780070916e7
Actuals,2020,1,ABC Inc.,Region A,12000,1100,22,3.722389189874294e7
Actuals,2020,1,ABC Inc.,Region A,22000,1200,16,6.448800505504923e7
Actuals,2020,1,ABC Inc.,Region C,40000,1500,22,9.812571491873443e7
Actuals,2020,1,ABC Inc.,Region C,14000,1400,13,7.578536158084176e7
Actuals,2020,1,ABC Inc.,Region A,31000,1300,11,7.601491982404765e7
Actuals,2020,1,ABC Inc.,Region B,16000,1200,14,4.628508812439372e7
Actuals,2020,1,ABC Inc.,Region B,20000,1400,19,6.6245217611994065e7
Actuals,2020,1,ABC Inc.,Region A,18000,1200,19,9.893725194410624e7
Actuals,2020,1,ABC Inc.,Region A,39000,1100,22,2.9009631526748415e7
Actuals,2020,1,ABC Inc.,Region B,24000,1500,21,9.727308823787394e7
Actuals,2020,1,ABC Inc.,Region C,15000,1300,19,6.353987857573544e7
Actuals,2020,1,ABC Inc.,Region A,41000,1500,15,6.797885002976458e7
Actuals,2020,1,ABC Inc.,Region A,30000,1200,19,5.834577890519343e6
Actuals,2020,1,ABC Inc.,Region B,26000,1300,17,2.8458337944711685e7
Actuals,2020,1,ABC Inc.,Region B,26000,1200,21,6.1726210304448e7
Actuals,2020,1,ABC Inc.,Region B,13000,1300,15,5.1131183601679966e7
Actuals,2020,1,ABC Inc.,Region C,21000,1500,19,5.039953752763491e7
Actuals,2020,1,ABC Inc.,Region C,17000,1300,12,5.691806276605562e7
Actuals,2020,1,ABC Inc.,Region C,27000,1500,20,9.965445404333907e7
Actuals,2020,1,ABC Inc.,Region B,36000,1100,13,6.0554026822012804e7
Actuals,2020,1,ABC Inc.,Region B,30000,1100,17,7.844881276925059e7
Actuals,2020,1,ABC Inc.,Region B,20000,1500,12,6.75493342464222e7
Actuals,2020,1,ABC Inc.,Region B,17000,1200,21,9.682525592696954e7
Actuals,2020,1,ABC Inc.,Region A,25000,1400,17,5.792065166956587e7
Actuals,2020,1,ABC Inc.,Region C,44000,1400,11,1.0282400494800726e7
Actuals,2020,1,ABC Inc.,Region B,12000,1300,14,6.72356768240656e7
Actuals,2020,1,ABC Inc.,Region B,45000,1500,21,6.497113658191547e7
Actuals,2020,1,ABC Inc.,Region B,18000,1400,14,9.567895608978598e7
Actuals,2020,1,ABC Inc.,Region A,42000,1300,11,5.532148516940371e7
Actuals,2020,1,ABC Inc.,Region B,11000,1300,17,2.7344941173213612e7
Actuals,2020,1,ABC Inc.,Region A,39000,1100,19,8.485772228604916e7
Actuals,2020,1,ABC Inc.,Region C,28000,1500,11,2.9085320077677622e7
Actuals,2020,1,ABC Inc.,Region C,35000,1300,11,5.822029156956109e7
Actuals,2020,1,ABC Inc.,Region B,35000,1400,11,5.933713729095017e7
Actuals,2020,1,ABC Inc.,Region C,30000,1100,16,6.080539039521553e7
Actuals,2020,1,ABC Inc.,Region A,27000,1200,13,2.3135966933017872e7
Actuals,2020,1,ABC Inc.,Region A,22000,1200,14,4.361598896058916e6
Actuals,2020,1,ABC Inc.,Region B,43000,1100,16,3.729908874702439e7
Actuals,2020,1,ABC Inc.,Region C,30000,1200,19,3.405029598322763e7
Actuals,2020,1,ABC Inc.,Region C,39000,1400,19,8.478377897108895e7
Actuals,2020,1,ABC Inc.,Region A,34000,1400,12,6.613592506704905e7
Actuals,2020,1,ABC Inc.,Region C,15000,1400,12,4.960088490384828e7
Actuals,2020,1,ABC Inc.,Region B,25000,1400,16,8.343822741478102e6
Actuals,2020,1,ABC Inc.,Region C,44000,1200,14,3.646058908437128e7
Actuals,2020,1,ABC Inc.,Region B,27000,1100,20,4.631971023830516e7
Actuals,2020,1,ABC Inc.,Region A,19000,1100,16,1.3383950588352522e7
Actuals,2020,1,ABC Inc.,Region B,40000,1400,12,7.880497854115339e7
Actuals,2020,1,ABC Inc.,Region A,11000,1100,17,6.433981566792929e7
Actuals,2020,1,ABC Inc.,Region C,43000,1100,11,9.445207223136272e7
Actuals,2020,1,ABC Inc.,Region B,43000,1200,21,6.74379089501136e7
Actuals,2020,1,ABC Inc.,Region C,28000,1500,15,6.815088296718755e7
Actuals,2020,1,ABC Inc.,Region A,33000,1500,22,4.5201526296755165e7
Actuals,2020,1,ABC Inc.,Region A,40000,1100,18,7.90246830950152e6
Actuals,2020,1,ABC Inc.,Region C,16000,1500,16,1.0947107633698016e7
Actuals,2020,1,ABC Inc.,Region A,11000,1400,18,8.864663334060709e7
Actuals,2020,1,ABC Inc.,Region A,20000,1300,16,5.123001112109551e7
Actuals,2020,1,ABC Inc.,Region B,32000,1500,17,3.524755899499871e7
Actuals,2020,1,ABC Inc.,Region C,30000,1200,17,6.455677158286905e7
Actuals,2020,1,ABC Inc.,Region C,45000,1400,12,4.9001922195112824e7
Actuals,2020,1,ABC Inc.,Region A,35000,1100,14,6.235711518273895e7
Actuals,2020,1,ABC Inc.,Region B,34000,1100,15,1.0727137883739224e7
Actuals,2020,1,ABC Inc.,Region B,13000,1400,22,5.6515533519665174e7
Actuals,2020,1,ABC Inc.,Region C,42000,1100,17,9.281210231630461e7
Actuals,2020,1,ABC Inc.,Region B,12000,1200,11,9.437188358338278e6
Actuals,2020,1,ABC Inc.,Region C,24000,1400,22,9.028750942090623e7
Actuals,2020,1,ABC Inc.,Region A,12000,1100,12,3.2730878590504777e7
Actuals,2020,1,ABC Inc.,Region A,45000,1300,15,3.680255170092919e7
Actuals,2020,1,ABC Inc.,Region B,43000,1100,19,9.605208601352385e7
Actuals,2020,1,ABC Inc.,Region A,31000,1200,16,7.91255269210804e7
Actuals,2020,1,ABC Inc.,Region C,42000,1500,21,8.712593841040476e7
Actuals,2020,1,ABC Inc.,Region B,41000,1100,17,8.935503357674989e7
Actuals,2020,1,ABC Inc.,Region C,36000,1200,21,7.536779373941678e7
Actuals,2020,1,ABC Inc.,Region B,38000,1100,20,4.181234749939352e7
Actuals,2020,1,ABC Inc.,Region A,21000,1100,22,5.510301701384082e7
Actuals,2020,1,ABC Inc.,Region B,38000,1300,18,4.6169623141774975e7
Actuals,2020,1,ABC Inc.,Region B,37000,1100,11,2.0639384144414973e7
Actuals,2020,1,ABC Inc.,Region A,21000,1100,15,1.6332841619609384e7
Actuals,2020,1,ABC Inc.,Region B,38000,1200,18,7.795921063657981e7
Actuals,2020,1,ABC Inc.,Region C,11000,1500,12,8.005347104320785e7
Actuals,2020,1,ABC Inc.,Region C,40000,1300,19,5.935562754221056e7
Actuals,2020,1,ABC Inc.,Region B,14000,1100,22,4.673934386507695e6
Actuals,2020,1,ABC Inc.,Region B,17000,1300,15,7.854949965958016e7
Actuals,2020,1,ABC Inc.,Region A,38000,1100,20,8.193853375051141e7
Actuals,2020,1,ABC Inc.,Region C,19000,1200,19,9.78787259438956e7
Actuals,2020,1,ABC Inc.,Region C,38000,1300,15,5.471373970586796e7
Actuals,2020,1,ABC Inc.,Region A,25000,1200,18,4.8279595180380575e7
Actuals,2020,1,ABC Inc.,Region C,42000,1400,11,5.682856221724766e7
Actuals,2020,1,ABC Inc.,Region C,20000,1100,16,7.11401508320005e7
Actuals,2020,1,ABC Inc.,Region A,31000,1100,15,2.54143536521919e7
Actuals,2020,1,ABC Inc.,Region B,45000,1500,14,7.919254638818318e6
Actuals,2020,1,ABC Inc.,Region B,41000,1400,20,9.170906012494127e7
Actuals,2020,1,ABC Inc.,Region C,27000,1400,22,6.226417753315872e6
Actuals,2020,1,ABC Inc.,Region C,41000,1400,13,4.9199866370984614e7
Actuals,2020,1,ABC Inc.,Region B,37000,1100,19,5.392298449588018e7
Actuals,2020,1,ABC Inc.,Region C,32000,1400,16,3.043700953937146e7
Actuals,2020,1,ABC Inc.,Region B,45000,1300,16,7.956584930440529e7
Actuals,2020,1,ABC Inc.,Region A,41000,1400,19,6.052015908991143e7
Actuals,2020,1,ABC Inc.,Region B,31000,1300,11,4.308742083910792e7
Actuals,2020,1,ABC Inc.,Region A,20000,1100,16,2.8999042689373557e7
Actuals,2020,1,ABC Inc.,Region A,43000,1200,20,1.5298199120650169e7
Actuals,2020,1,ABC Inc.,Region A,26000,1100,14,3.2449807896673653e7
Actuals,2020,1,ABC Inc.,Region B,23000,1300,11,8.665225032416347e7
Actuals,2020,1,ABC Inc.,Region C,34000,1400,19,3.4690454967983656e7
Actuals,2020,1,ABC Inc.,Region B,42000,1100,11,2.2985269870006707e6
Actuals,2020,1,ABC Inc.,Region C,34000,1500,11,2.1288133896695115e7
Actuals,2020,1,ABC Inc.,Region B,32000,1500,20,249984.46793589313
Actuals,2020,1,ABC Inc.,Region C,27000,1200,22,4.543570511943162e7
Actuals,2020,1,ABC Inc.,Region B,28000,1400,13,2.355843730629352e7
Actuals,2020,1,ABC Inc.,Region B,13000,1200,17,4.16089219522912e7
Actuals,2020,1,ABC Inc.,Region B,18000,1300,16,5.579101017196267e7
Actuals,2020,1,ABC Inc.,Region B,20000,1500,19,8.203443461108688e7
Actuals,2020,1,ABC Inc.,Region B,31000,1500,11,7.669958043520109e6
Actuals,2020,1,ABC Inc.,Region A,11000,1300,18,2.655104678361122e7
Actuals,2020,1,ABC Inc.,Region C,44000,1200,13,9.825371761971273e7
Actuals,2020,1,ABC Inc.,Region C,16000,1100,13,7.660810198925671e7
Actuals,2020,1,ABC Inc.,Region C,28000,1100,16,5.659842230694321e7
Actuals,2020,1,ABC Inc.,Region C,27000,1500,22,6.2230621530520014e7
Actuals,2020,1,ABC Inc.,Region C,14000,1100,12,4.7022728267746404e7
Actuals,2020,1,ABC Inc.,Region C,15000,1500,16,6.217628212988083e7
Actuals,2020,1,ABC Inc.,Region C,28000,1400,18,4.596021863235022e7
Actuals,2020,1,ABC Inc.,Region A,14000,1200,22,4.34779446506845e7
Actuals,2020,1,ABC Inc.,Region B,17000,1100,18,4.006768754597303e7
Actuals,2020,1,ABC Inc.,Region A,26000,1500,13,6.706028382149123e7
Actuals,2020,1,ABC Inc.,Region B,20000,1300,18,6.757812183660683e6
Actuals,2020,1,ABC Inc.,Region B,27000,1100,13,4.2023384569009826e7
Actuals,2020,1,ABC Inc.,Region C,37000,1100,20,5.076373377300043e7
Actuals,2020,1,ABC Inc.,Region B,24000,1500,16,7.157262462142801e7
Actuals,2020,1,ABC Inc.,Region A,21000,1500,22,3.4626210395658384e6
Actuals,2020,1,ABC Inc.,Region C,43000,1400,12,8.238717526163402e7
Actuals,2020,1,ABC Inc.,Region C,25000,1300,14,2.529108659130914e7
Actuals,2020,1,ABC Inc.,Region A,42000,1300,16,1.5117914838097524e7
Actuals,2020,1,ABC Inc.,Region C,21000,1300,22,1.1526489445949074e7
Actuals,2020,1,ABC Inc.,Region B,37000,1300,11,5.787387946906197e6
Actuals,2020,1,ABC Inc.,Region A,27000,1400,15,4.23932213001429e7
Actuals,2020,1,ABC Inc.,Region B,30000,1400,13,9.544157678017041e7
Actuals,2020,1,ABC Inc.,Region A,25000,1300,12,4.86847141883819e7
Actuals,2020,1,ABC Inc.,Region B,18000,1300,22,4.988244200176886e7
Actuals,2020,1,ABC Inc.,Region C,35000,1400,14,7.585681516171095e7
Actuals,2020,1,ABC Inc.,Region B,32000,1300,20,7.391426867598842e7
Actuals,2020,1,ABC Inc.,Region C,39000,1200,21,8.853065947778298e7
Actuals,2020,1,ABC Inc.,Region B,12000,1400,21,3.463056008963763e7
Actuals,2020,1,ABC Inc.,Region A,12000,1400,15,7.176000904049776e7
Actuals,2020,1,ABC Inc.,Region A,36000,1300,16,9.315407150651712e6
Actuals,2020,1,ABC Inc.,Region A,21000,1300,12,9.179681593309268e7
Actuals,2020,1,ABC Inc.,Region C,39000,1500,18,1.9031868398510423e7
Actuals,2020,1,ABC Inc.,Region B,36000,1100,13,6.391689411398287e7
Actuals,2020,1,ABC Inc.,Region B,43000,1300,17,1.993405439351709e7
Actuals,2020,1,ABC Inc.,Region A,12000,1100,18,2.6304536760531384e7
Actuals,2020,1,ABC Inc.,Region C,27000,1300,14,4.16611061877078e7
Actuals,2020,1,ABC Inc.,Region A,17000,1500,14,5.963885829742079e7
Actuals,2020,1,ABC Inc.,Region C,13000,1300,11,8.494663501378497e7
Actuals,2020,1,ABC Inc.,Region A,25000,1100,14,8.732850495769651e7
Actuals,2020,1,ABC Inc.,Region C,13000,1500,20,8.395088472636974e7
Actuals,2020,1,ABC Inc.,Region B,23000,1200,18,4.088736757116953e7
Actuals,2020,1,ABC Inc.,Region A,33000,1300,12,862534.4388328849
Actuals,2020,1,ABC Inc.,Region A,29000,1500,14,7.13810148555175e7
Actuals,2020,1,ABC Inc.,Region C,28000,1200,13,2.1140358075456966e7
Actuals,2020,1,ABC Inc.,Region C,42000,1200,16,6.429610201786938e7
Actuals,2020,1,ABC Inc.,Region A,12000,1200,17,8.461758357918937e6
Actuals,2020,1,ABC Inc.,Region A,33000,1400,18,1.761435400225575e6
Actuals,2020,1,ABC Inc.,Region B,34000,1400,11,7.179087505644473e7
Actuals,2020,1,ABC Inc.,Region A,28000,1200,14,7.050315875645663e7
Actuals,2020,1,ABC Inc.,Region B,14000,1200,12,5.10578553399299e7
Actuals,2020,1,ABC Inc.,Region B,38000,1300,13,2.8456460988602107e6
Actuals,2020,1,ABC Inc.,Region A,15000,1200,14,5.9436020121868595e7
Actuals,2020,1,ABC Inc.,Region A,20000,1200,11,2.8556524995841004e7
Actuals,2020,1,ABC Inc.,Region B,24000,1200,17,6.608440446920982e7
Actuals,2020,1,ABC Inc.,Region A,15000,1200,18,8.486962531695811e7
Actuals,2020,1,ABC Inc.,Region B,45000,1100,22,3.85784115919948e7
Actuals,2020,1,ABC Inc.,Region A,35000,1500,16,8.039203462085354e7
Actuals,2020,1,ABC Inc.,Region B,23000,1100,11,1.277722149170295e7
Actuals,2020,1,ABC Inc.,Region B,21000,1400,14,7.151280390925388e7
Actuals,2020,1,ABC Inc.,Region A,16000,1200,17,2.2928273587438863e7
Actuals,2020,1,ABC Inc.,Region B,32000,1500,20,3.853225897244565e7
Actuals,2020,1,ABC Inc.,Region C,35000,1400,20,4.3954588427405514e7
Actuals,2020,1,ABC Inc.,Region B,15000,1500,15,4.687524198789895e6
Actuals,2020,1,ABC Inc.,Region B,17000,1100,16,4.7915125489088684e7
Actuals,2020,1,ABC Inc.,Region B,41000,1400,15,8.50475881838827e7
Actuals,2020,1,ABC Inc.,Region A,24000,1300,18,4.445093877798077e7
Actuals,2020,1,ABC Inc.,Region A,14000,1200,19,7.925781043853179e7
Actuals,2020,1,ABC Inc.,Region A,20000,1400,13,2.666207217437164e7
Actuals,2020,1,ABC Inc.,Region A,38000,1400,12,2.43437703968158e7
Actuals,2020,1,ABC Inc.,Region A,44000,1500,12,8.483393356434977e6
Actuals,2020,1,ABC Inc.,Region C,29000,1500,12,9.870826207689202e7
Actuals,2020,1,ABC Inc.,Region B,34000,1500,12,5.807010813103397e6
Actuals,2020,1,ABC Inc.,Region A,22000,1300,22,9.008973797915839e7
Actuals,2020,1,ABC Inc.,Region A,44000,1100,17,7.168369759453772e7
Actuals,2020,1,ABC Inc.,Region C,44000,1400,13,5.509113608502395e7
Actuals,2020,1,ABC Inc.,Region B,34000,1300,20,1.361695572014755e7
Actuals,2020,1,ABC Inc.,Region B,13000,1500,12,3.308624447855758e7
Actuals,2020,1,ABC Inc.,Region A,30000,1500,18,8.319986351230532e7
Actuals,2020,1,ABC Inc.,Region C,44000,1500,16,6.910814576567373e7
Actuals,2020,1,ABC Inc.,Region B,15000,1300,19,5.531792222483284e7
Actuals,2020,1,ABC Inc.,Region B,32000,1100,19,7.029758022678497e7
Actuals,2020,1,ABC Inc.,Region B,41000,1400,13,7.050435353736004e7
Actuals,2020,1,ABC Inc.,Region B,16000,1200,13,4.700607862142542e7
Actuals,2020,1,ABC Inc.,Region C,40000,1300,20,2.368212520791002e6
Actuals,2020,1,ABC Inc.,Region A,43000,1200,18,5.1506606383572675e7
Actuals,2020,1,ABC Inc.,Region A,11000,1400,21,1.173067962123233e7
Actuals,2020,1,ABC Inc.,Region C,18000,1400,16,6.75359280113641e6
Actuals,2020,1,ABC Inc.,Region C,19000,1400,22,6.854320629268885e7
Actuals,2020,1,ABC Inc.,Region B,33000,1400,18,9.472648838623758e7
Actuals,2020,1,ABC Inc.,Region C,25000,1200,12,2.6173178712520074e7
Actuals,2020,1,ABC Inc.,Region B,17000,1300,18,7.524661643647414e7
Actuals,2020,1,ABC Inc.,Region C,16000,1500,16,6.789819176535875e7
Actuals,2020,1,ABC Inc.,Region C,33000,1100,22,8.741635186605915e7
Actuals,2020,1,ABC Inc.,Region C,30000,1300,22,9.904427296570595e7
Actuals,2020,1,ABC Inc.,Region B,13000,1200,13,6.585255924437964e7
Actuals,2020,1,ABC Inc.,Region B,11000,1400,14,9.177734882567962e7
Actuals,2020,1,ABC Inc.,Region C,17000,1200,20,2.135654194988117e7
Actuals,2020,1,ABC Inc.,Region B,22000,1200,16,6.7432408125442155e6
Actuals,2020,1,ABC Inc.,Region B,21000,1500,22,1.0941746405689968e7
Actuals,2020,1,ABC Inc.,Region C,11000,1300,18,1.4008034775455536e7
Actuals,2020,1,ABC Inc.,Region A,45000,1500,19,4.5650505239767544e7
Actuals,2020,1,ABC Inc.,Region C,37000,1500,14,8.067252572425158e7
Actuals,2020,1,ABC Inc.,Region B,25000,1400,21,3.8152704403908685e7
Actuals,2020,1,ABC Inc.,Region C,23000,1100,21,8.996561589433435e7
Actuals,2020,1,ABC Inc.,Region B,31000,1100,11,3.378132520077285e7
Actuals,2020,1,ABC Inc.,Region A,19000,1500,22,7.631532486704583e7
Actuals,2020,1,ABC Inc.,Region B,44000,1300,21,1.6156846858037021e7
Actuals,2020,1,ABC Inc.,Region A,16000,1400,12,5.1555398540631615e7
Actuals,2020,1,ABC Inc.,Region B,20000,1100,13,8.032572880508034e7
Actuals,2020,1,ABC Inc.,Region C,42000,1300,17,1.1294873552438922e7
Actuals,2020,1,ABC Inc.,Region A,13000,1400,16,6.663726884504798e7
Actuals,2020,1,ABC Inc.,Region B,42000,1200,21,7.266446131190012e7
Actuals,2020,1,ABC Inc.,Region B,12000,1300,18,3.604631019460165e7
Actuals,2020,1,ABC Inc.,Region C,30000,1200,19,9.258822358277689e7
Actuals,2020,1,ABC Inc.,Region C,26000,1300,13,9.43721168571321e7
Actuals,2020,1,ABC Inc.,Region C,36000,1300,19,2.044108093053969e7
Actuals,2020,1,ABC Inc.,Region B,33000,1300,15,4.2259858301272154e7
Actuals,2020,1,ABC Inc.,Region A,19000,1200,20,4.479291043626673e7
Actuals,2020,1,ABC Inc.,Region B,22000,1300,11,5.7083287784579605e7
Actuals,2020,1,ABC Inc.,Region A,38000,1200,13,1.900390311009581e7
Actuals,2020,1,ABC Inc.,Region A,37000,1100,16,9.479084269356161e7
Actuals,2020,1,ABC Inc.,Region B,29000,1500,19,3.362346968352266e7
Actuals,2020,1,ABC Inc.,Region C,13000,1100,13,5.251545141198254e7
Actuals,2020,1,ABC Inc.,Region C,11000,1300,16,6.3225837297559924e7
Actuals,2020,1,ABC Inc.,Region B,12000,1300,17,9.358634751129691e7
Actuals,2020,1,ABC Inc.,Region B,19000,1500,18,8.207476423427063e7
Actuals,2020,1,ABC Inc.,Region A,19000,1200,20,5.467751203523852e6
Actuals,2020,1,ABC Inc.,Region A,43000,1200,15,7.900004994671598e7
Actuals,2020,1,ABC Inc.,Region B,33000,1400,17,7.207737712767924e7
Actuals,2020,1,ABC Inc.,Region B,14000,1200,21,7.362375226945572e7
Actuals,2020,1,ABC Inc.,Region B,20000,1400,13,9.022940279054923e7
Actuals,2020,1,ABC Inc.,Region B,25000,1300,16,896719.8767966145
Actuals,2020,1,ABC Inc.,Region B,32000,1100,16,3.712032648353505e7
Actuals,2020,1,ABC Inc.,Region A,36000,1300,14,7.922634268222481e7
Actuals,2020,1,ABC Inc.,Region B,36000,1400,17,4.715457792726744e7
Actuals,2020,1,ABC Inc.,Region B,16000,1100,19,8.216921388916802e7
Actuals,2020,1,ABC Inc.,Region A,34000,1500,18,8.367415303210251e7
Actuals,2020,1,ABC Inc.,Region B,13000,1400,12,3.586149698961486e7
Actuals,2020,1,ABC Inc.,Region A,28000,1400,12,7.488779038191117e7
Actuals,2020,1,ABC Inc.,Region A,20000,1500,18,7.755963260855148e6
Actuals,2020,1,ABC Inc.,Region C,44000,1400,22,2.7808980522985693e7
Actuals,2020,1,ABC Inc.,Region C,32000,1300,20,4.760572334098644e7
Actuals,2020,1,ABC Inc.,Region A,25000,1200,12,2.430216603143892e7
Actuals,2020,1,ABC Inc.,Region B,33000,1100,12,2.797775132460758e7
Actuals,2020,1,ABC Inc.,Region B,23000,1500,18,1.2237571535509318e7
Actuals,2020,1,ABC Inc.,Region C,32000,1200,22,1.8753464591745228e7
Actuals,2020,1,ABC Inc.,Region B,13000,1300,18,9.855156992523134e7
Actuals,2020,1,ABC Inc.,Region A,13000,1300,19,8.843105782094371e7
Actuals,2020,1,ABC Inc.,Region A,44000,1400,13,2.933915837004779e7
Actuals,2020,1,ABC Inc.,Region A,12000,1300,21,3.569839563451945e7
Actuals,2020,1,ABC Inc.,Region C,24000,1500,14,9.763371091608103e7
Actuals,2020,1,ABC Inc.,Region B,14000,1300,21,1.695185473459806e7
Actuals,2020,1,ABC Inc.,Region C,17000,1500,11,7.63880512129805e7
Actuals,2020,1,ABC Inc.,Region A,37000,1500,21,2.534935645973335e6
Actuals,2020,1,ABC Inc.,Region A,37000,1500,19,7.183145424115245e7
Actuals,2020,1,ABC Inc.,Region A,11000,1400,11,7.007244965559042e7
Actuals,2020,1,ABC Inc.,Region C,30000,1500,13,7.357435689053104e6
Actuals,2020,1,ABC Inc.,Region C,19000,1400,12,8.584812565690549e7
Actuals,2020,1,ABC Inc.,Region B,19000,1200,21,9.818244390308501e7
Actuals,2020,1,ABC Inc.,Region B,32000,1100,12,6.2613358342415415e7
Actuals,2020,1,ABC Inc.,Region C,17000,1500,17,2.940879928087595e7
Actuals,2020,1,ABC Inc.,Region C,36000,1100,14,8.516116008147874e7
Actuals,2020,1,ABC Inc.,Region A,22000,1100,21,1.1845936636805821e7
Actuals,2020,1,ABC Inc.,Region C,11000,1100,21,2.2633091521794613e7
Actuals,2020,1,ABC Inc.,Region C,33000,1200,20,8.147278620883897e7
Actuals,2020,1,ABC Inc.,Region A,11000,1500,19,6.87261804720668e7
Actuals,2020,1,ABC Inc.,Region C,16000,1400,13,3.0353622463327322e7
Actuals,2020,1,ABC Inc.,Region B,42000,1100,11,2.721420304237889e7
Actuals,2020,1,ABC Inc.,Region C,13000,1400,16,5.6484922976973094e7
Actuals,2020,1,ABC Inc.,Region A,37000,1200,17,6.294705694628878e7
Actuals,2020,1,ABC Inc.,Region C,40000,1500,21,5.0248787951215334e7
Actuals,2020,1,ABC Inc.,Region A,17000,1400,16,1.1294281725133548e7
Actuals,2020,1,ABC Inc.,Region A,38000,1300,20,1.4610672476682086e7
Actuals,2020,1,ABC Inc.,Region A,34000,1500,15,3.520329319723807e7
Actuals,2020,1,ABC Inc.,Region B,15000,1500,17,1.8726058808287494e7
Actuals,2020,1,ABC Inc.,Region A,12000,1400,17,2.880401000919812e7
Actuals,2020,1,ABC Inc.,Region C,17000,1300,11,9.98914680973022e6
Actuals,2020,1,ABC Inc.,Region A,41000,1100,21,5.406051404539972e7
Actuals,2020,1,ABC Inc.,Region A,44000,1200,17,8.81867717044309e7
Actuals,2020,1,ABC Inc.,Region C,21000,1300,14,6.700964555024841e7
Actuals,2020,1,ABC Inc.,Region C,14000,1100,22,9.488405992393492e7
Actuals,2020,1,ABC Inc.,Region C,26000,1400,15,3.2542615474043577e6
Actuals,2020,1,ABC Inc.,Region C,11000,1300,18,9.378808869820742e6
Actuals,2020,1,ABC Inc.,Region C,16000,1500,13,3.5813029828074835e7
Actuals,2020,1,ABC Inc.,Region A,21000,1200,22,6.730725512442453e7
Actuals,2020,1,ABC Inc.,Region C,29000,1200,14,1.9105088297547568e7
Actuals,2020,1,ABC Inc.,Region B,16000,1200,21,5.858742068197497e7
Actuals,2020,1,ABC Inc.,Region C,30000,1200,17,5.741585726053431e7
Actuals,2020,1,ABC Inc.,Region B,39000,1200,14,5.094589822572217e7
Actuals,2020,1,ABC Inc.,Region B,28000,1300,13,1.4509477278686034e7
Actuals,2020,1,ABC Inc.,Region C,30000,1300,21,1.1040409821339702e7
Actuals,2020,1,ABC Inc.,Region B,19000,1100,17,6.983668557754168e7
Actuals,2020,1,ABC Inc.,Region A,29000,1100,13,7.262094270237616e7
Actuals,2020,1,ABC Inc.,Region C,12000,1100,14,7.737738119292635e7
Actuals,2020,1,ABC Inc.,Region C,26000,1300,22,3.739419061812015e7
Actuals,2020,1,ABC Inc.,Region A,16000,1300,17,1.454465408738832e7
Actuals,2020,1,ABC Inc.,Region A,38000,1100,21,1.336331372407974e7
Actuals,2020,1,ABC Inc.,Region C,11000,1200,18,8.708517864778252e7
Actuals,2020,1,ABC Inc.,Region C,26000,1100,21,7.279316568735328e6
Actuals,2020,1,ABC Inc.,Region A,42000,1100,13,3.0181176290494327e7
Actuals,2020,1,ABC Inc.,Region B,28000,1300,14,4.940007279928269e7
Actuals,2020,1,ABC Inc.,Region C,30000,1400,11,6.164109976579119e7
Actuals,2020,1,ABC Inc.,Region A,42000,1100,11,6.885725935247643e7
Actuals,2020,1,ABC Inc.,Region C,31000,1100,17,7.593257954105456e7
Actuals,2020,1,ABC Inc.,Region A,27000,1500,17,5.163929495887372e7
Actuals,2020,1,ABC Inc.,Region B,27000,1300,11,2.6919926385026928e7
Actuals,2020,1,ABC Inc.,Region A,11000,1300,14,7.904854430188374e7
Actuals,2020,1,ABC Inc.,Region B,44000,1200,13,2.5193306027110564e6
Actuals,2020,1,ABC Inc.,Region C,25000,1200,15,2.627409941616412e7
Actuals,2020,1,ABC Inc.,Region A,45000,1100,12,3.7868519381224245e7
Actuals,2020,1,ABC Inc.,Region B,41000,1200,22,3.95413280713461e7
Actuals,2020,1,ABC Inc.,Region C,18000,1400,22,9.492861169376653e7
Actuals,2020,1,ABC Inc.,Region B,24000,1500,22,6.414567901506708e7
Actuals,2020,1,ABC Inc.,Region C,28000,1100,17,2.8918259260969836e7
Actuals,2020,1,ABC Inc.,Region A,23000,1100,18,2.2976398669920463e7
Actuals,2020,1,ABC Inc.,Region A,36000,1100,22,9.482262698796256e7
Actuals,2020,1,ABC Inc.,Region A,18000,1300,16,8.61684247170146e7
Actuals,2020,1,ABC Inc.,Region C,25000,1100,19,7.353390871099922e7
Actuals,2020,1,ABC Inc.,Region C,23000,1300,17,9.241046690916244e6
Actuals,2020,1,ABC Inc.,Region A,19000,1200,16,2.1687440507456746e7
Actuals,2020,1,ABC Inc.,Region C,41000,1500,20,8.923110473971489e7
Actuals,2020,1,ABC Inc.,Region A,30000,1200,18,7.757847544362569e7
Actuals,2020,1,ABC Inc.,Region C,12000,1200,16,5.658671970265094e6
Actuals,2020,1,ABC Inc.,Region B,37000,1500,20,5.818405209466909e7
Actuals,2020,1,ABC Inc.,Region B,21000,1200,13,6.0779194892395325e7
Actuals,2020,1,ABC Inc.,Region B,23000,1300,13,8.586669085959457e7
Actuals,2020,1,ABC Inc.,Region A,39000,1100,18,9.337629504309791e7
Actuals,2020,1,ABC Inc.,Region C,41000,1500,16,7.8111986266463315e6
Actuals,2020,1,ABC Inc.,Region A,30000,1100,21,6.783967535700156e7
Actuals,2020,1,ABC Inc.,Region B,22000,1400,14,7.901143408164422e7
Actuals,2020,1,ABC Inc.,Region C,21000,1300,13,8.911835206371582e7
Actuals,2020,1,ABC Inc.,Region B,31000,1200,11,1.928325326977125e7
Actuals,2020,1,ABC Inc.,Region B,13000,1300,14,8.118929059124202e7
Actuals,2020,1,ABC Inc.,Region B,14000,1400,16,5.593179045026203e7
Actuals,2020,1,ABC Inc.,Region B,38000,1400,13,1.683549948394634e7
Actuals,2020,1,ABC Inc.,Region C,30000,1400,11,3.070745724607812e7
Actuals,2020,1,ABC Inc.,Region B,13000,1200,14,5.779946365572929e7
Actuals,2020,1,ABC Inc.,Region B,23000,1400,22,5.9067199787175395e7
Actuals,2020,1,ABC Inc.,Region C,17000,1200,18,2.899584169100835e7
Actuals,2020,1,ABC Inc.,Region B,11000,1100,17,2.3250585781386513e7
Actuals,2020,1,ABC Inc.,Region A,11000,1300,22,9.36010070460075e7
Actuals,2020,1,ABC Inc.,Region C,39000,1200,22,2.5010587040995903e7
Actuals,2020,1,ABC Inc.,Region B,41000,1500,21,3.8930462919400185e7
Actuals,2020,1,ABC Inc.,Region C,31000,1500,11,3.122188032567468e7
Actuals,2020,1,ABC Inc.,Region A,34000,1400,14,8.928929560583411e7
Actuals,2020,1,ABC Inc.,Region B,45000,1200,21,2.4738654035334485e6
Actuals,2020,1,ABC Inc.,Region C,25000,1400,19,6.1612781109207384e7
Actuals,2020,1,ABC Inc.,Region A,17000,1300,20,1.019255273238302e7
Actuals,2020,1,ABC Inc.,Region C,27000,1400,20,6.91642465955895e7
Actuals,2020,1,ABC Inc.,Region C,44000,1400,13,6.1429821702972375e7
Actuals,2020,1,ABC Inc.,Region A,29000,1100,22,3.1118860381350376e7
Actuals,2020,1,ABC Inc.,Region B,21000,1500,19,3.0122808104249053e6
Actuals,2020,1,ABC Inc.,Region B,33000,1300,11,5.415635445547632e7
Actuals,2020,1,ABC Inc.,Region A,24000,1500,21,7.594901078131527e7
Actuals,2020,1,ABC Inc.,Region A,17000,1400,12,6.897334598630533e7
Actuals,2020,1,ABC Inc.,Region A,23000,1300,14,2.7346223729670327e6
Actuals,2020,1,ABC Inc.,Region C,39000,1100,12,8.692894844249187e7
Actuals,2020,1,ABC Inc.,Region C,37000,1300,18,1.0263358375024678e7
Actuals,2020,1,ABC Inc.,Region A,11000,1300,19,8.931393571441568e7
Actuals,2020,1,ABC Inc.,Region B,18000,1400,20,2.517748467719624e7
Actuals,2020,1,ABC Inc.,Region A,22000,1200,20,8.819955470631653e7
Actuals,2020,1,ABC Inc.,Region C,39000,1200,18,3.3382792595736854e7
Actuals,2020,1,ABC Inc.,Region C,13000,1200,14,2.9438344215620905e7
Actuals,2020,1,ABC Inc.,Region B,35000,1500,16,7.464703566801855e7
Actuals,2020,1,ABC Inc.,Region A,33000,1400,11,6.788033575126022e7
Actuals,2020,1,ABC Inc.,Region B,38000,1300,13,5.665984156828916e7
Actuals,2020,1,ABC Inc.,Region B,16000,1200,22,2.787315449106417e7
Actuals,2020,1,ABC Inc.,Region B,30000,1400,17,7.641396961221156e7
Actuals,2020,1,ABC Inc.,Region A,28000,1300,22,8.584707530852757e7
Actuals,2020,1,ABC Inc.,Region A,37000,1400,13,5.9835987515416846e7
Actuals,2020,1,ABC Inc.,Region C,18000,1200,15,7.334419190695806e7
Actuals,2020,1,ABC Inc.,Region C,25000,1400,17,8.486822936493917e7
Actuals,2020,1,ABC Inc.,Region C,11000,1300,19,5.2950870923707895e7
Actuals,2020,1,ABC Inc.,Region C,19000,1300,20,2.4282061779576525e7
Actuals,2020,1,ABC Inc.,Region B,35000,1400,19,2.1321022716949254e7
Actuals,2020,1,ABC Inc.,Region B,43000,1300,13,3.3139971539083045e7
Actuals,2020,1,ABC Inc.,Region B,28000,1400,14,8.291505521047492e7
Actuals,2020,1,ABC Inc.,Region C,12000,1200,22,6.516978873696497e7
Actuals,2020,1,ABC Inc.,Region C,43000,1400,16,5.506561749050831e6
Actuals,2020,1,ABC Inc.,Region B,34000,1200,19,1.9389565090415318e7
Actuals,2020,1,ABC Inc.,Region B,33000,1200,15,5.400397270547267e7
Actuals,2020,1,ABC Inc.,Region A,38000,1100,20,8.24242990080529e7
Actuals,2020,1,ABC Inc.,Region C,23000,1400,21,47699.772674247855
Actuals,2020,1,ABC Inc.,Region C,20000,1300,18,5.8758658647231795e7
Actuals,2020,1,ABC Inc.,Region B,31000,1200,18,1.3487502028397435e7
Actuals,2020,1,ABC Inc.,Region C,11000,1100,15,2.929529693821664e7
Actuals,2020,1,ABC Inc.,Region C,38000,1300,14,9.864618303435348e7
Actuals,2020,1,ABC Inc.,Region C,39000,1200,22,4.568097133397862e7
Actuals,2020,1,ABC Inc.,Region B,29000,1100,11,9.487790499301553e7
Actuals,2020,1,ABC Inc.,Region A,24000,1300,19,8.910043132055244e7
Actuals,2020,1,ABC Inc.,Region A,12000,1200,14,8.773050173253064e7
Actuals,2020,1,ABC Inc.,Region A,27000,1400,21,6.319499292361119e6
Actuals,2020,1,ABC Inc.,Region A,20000,1300,22,5.518194389676333e7
Actuals,2020,1,ABC Inc.,Region A,18000,1300,20,5.361534559308167e7
Actuals,2020,1,ABC Inc.,Region B,30000,1300,13,9.308410819106309e7
Actuals,2020,1,ABC Inc.,Region B,34000,1100,14,8.411738117698133e7
Actuals,2020,1,ABC Inc.,Region A,18000,1200,22,4.255962759228955e7
Actuals,2020,1,ABC Inc.,Region B,15000,1200,21,1.178435776448643e7
Actuals,2020,1,ABC Inc.,Region A,23000,1500,14,7.146760301273157e7
Actuals,2020,1,ABC Inc.,Region B,33000,1100,17,6.542233251153536e7
Actuals,2020,1,ABC Inc.,Region B,36000,1300,20,6.5206548261854656e7
Actuals,2020,1,ABC Inc.,Region C,38000,1200,11,8.440137069233611e6
Actuals,2020,1,ABC Inc.,Region C,24000,1500,22,2.1881463911476497e7
Actuals,2020,1,ABC Inc.,Region B,45000,1500,13,7.442081002443786e7
Actuals,2020,1,ABC Inc.,Region B,24000,1300,19,9.08246047578671e7
Actuals,2020,1,ABC Inc.,Region A,41000,1500,22,3.217479090017462e7
Actuals,2020,1,ABC Inc.,Region A,27000,1300,17,2.4761282158782415e7
Actuals,2020,1,ABC Inc.,Region A,34000,1300,16,5.42837931762693e6
Actuals,2020,1,ABC Inc.,Region B,36000,1500,19,6.3873696777426556e7
Actuals,2020,1,ABC Inc.,Region B,25000,1500,21,5.209296030300773e7
Actuals,2020,1,ABC Inc.,Region B,33000,1400,18,3.6354704481984302e6
Actuals,2020,1,ABC Inc.,Region A,31000,1200,19,5.321557592782973e7
Actuals,2020,1,ABC Inc.,Region C,37000,1100,22,8.179115747930427e7
Actuals,2020,1,ABC Inc.,Region A,44000,1300,14,5.988106917285565e7
Actuals,2020,1,ABC Inc.,Region B,40000,1200,20,4.086833734716002e7
Actuals,2020,1,ABC Inc.,Region C,35000,1200,13,7.146896027948168e7
Actuals,2020,1,ABC Inc.,Region A,22000,1300,18,5.8351901346326165e7
Actuals,2020,1,ABC Inc.,Region B,24000,1100,13,4.1784346832141164e6
Actuals,2020,1,ABC Inc.,Region C,39000,1300,13,3.761328437953933e7
Actuals,2020,1,ABC Inc.,Region C,30000,1200,12,8.434072929175742e7
Actuals,2020,1,ABC Inc.,Region B,40000,1100,15,6.4799992398709014e7
Actuals,2020,1,ABC Inc.,Region C,39000,1300,14,3.454809046704458e7
Actuals,2020,1,ABC Inc.,Region B,22000,1400,13,8.927236746332212e7
Actuals,2020,1,ABC Inc.,Region C,39000,1300,16,2.0859204298609912e7
Actuals,2020,1,ABC Inc.,Region A,41000,1400,21,3.121796809381122e7
Actuals,2020,1,ABC Inc.,Region C,38000,1400,19,8.504910596966557e7
Actuals,2020,1,ABC Inc.,Region C,26000,1300,19,1.458159154271287e7
Actuals,2020,1,ABC Inc.,Region B,27000,1200,22,1.6430615466325738e7
Actuals,2020,1,ABC Inc.,Region A,26000,1300,22,2.1091748705534596e7
Actuals,2020,1,ABC Inc.,Region C,40000,1400,15,2.385239761144844e7
Actuals,2020,1,ABC Inc.,Region B,30000,1200,18,4.314074529003541e7
Actuals,2020,1,ABC Inc.,Region C,21000,1200,16,4.1102361523153156e7
Actuals,2020,1,ABC Inc.,Region C,40000,1300,13,4.367181309907693e7
Actuals,2020,1,ABC Inc.,Region C,39000,1500,20,5.0528826551987246e7
Actuals,2020,1,ABC Inc.,Region A,35000,1500,18,4.202266613883443e7
Actuals,2020,1,ABC Inc.,Region B,29000,1400,21,1.1965051723969167e7
Actuals,2020,1,ABC Inc.,Region C,37000,1200,14,6.328622025763937e7
Actuals,2020,1,ABC Inc.,Region A,20000,1400,11,2.1507137033451453e7
Actuals,2020,1,ABC Inc.,Region C,31000,1200,22,8.916359010185058e7
Actuals,2020,1,ABC Inc.,Region B,36000,1500,21,9.179412925291865e7
Actuals,2020,1,ABC Inc.,Region A,37000,1100,11,1.4874543015023101e7
Actuals,2020,1,ABC Inc.,Region B,12000,1100,12,1.702508164958849e6
Actuals,2020,1,ABC Inc.,Region C,18000,1300,12,5.527858354887181e7
Actuals,2020,1,ABC Inc.,Region B,39000,1200,14,9.315495564640693e7
Actuals,2020,1,ABC Inc.,Region A,34000,1500,17,4.212867953018761e7
Actuals,2020,1,ABC Inc.,Region C,11000,1300,22,8.925075349784091e7
Actuals,2020,1,ABC Inc.,Region A,19000,1100,17,5.670213849683794e7
Actuals,2020,1,ABC Inc.,Region A,41000,1300,16,3.201415182573657e7
Actuals,2020,1,ABC Inc.,Region C,40000,1500,12,3.1575584102762487e7
Actuals,2020,1,ABC Inc.,Region C,15000,1500,21,6.826537062310028e7
Actuals,2020,1,ABC Inc.,Region C,44000,1500,22,1.7065825791498623e6
Actuals,2020,1,ABC Inc.,Region C,30000,1300,13,3.3135547183686785e7
Actuals,2020,1,ABC Inc.,Region B,14000,1400,14,1.8593966975597586e7
Actuals,2020,1,ABC Inc.,Region A,39000,1200,20,4.471577901048269e7
Actuals,2020,1,ABC Inc.,Region C,38000,1400,13,7.794500594642244e7
Actuals,2020,1,ABC Inc.,Region A,39000,1100,11,7.519757798976312e6
Actuals,2020,1,ABC Inc.,Region A,32000,1400,19,3.785912813250759e7
Actuals,2020,1,ABC Inc.,Region A,19000,1100,13,3.789316275353495e7
Actuals,2020,1,ABC Inc.,Region B,41000,1100,17,2.4955701047700185e7
Actuals,2020,1,ABC Inc.,Region C,19000,1200,21,2.8749293995565027e7
Actuals,2020,1,ABC Inc.,Region B,37000,1100,20,2.5966175946069337e7
Actuals,2020,1,ABC Inc.,Region B,14000,1400,12,3.415961614276855e7
Actuals,2020,1,ABC Inc.,Region C,27000,1300,19,7.943209859129827e7
Actuals,2020,1,ABC Inc.,Region C,25000,1400,19,1.9331929859350827e7
Actuals,2020,1,ABC Inc.,Region C,32000,1100,18,7.6571739054206e6
Actuals,2020,1,ABC Inc.,Region A,28000,1400,14,9.15386673245243e7
Actuals,2020,1,ABC Inc.,Region B,13000,1300,15,9.169595791432898e7
Actuals,2020,1,ABC Inc.,Region B,37000,1400,21,5.161071156669334e7
Actuals,2020,1,ABC Inc.,Region C,28000,1300,12,1.5765202978055714e7
Actuals,2020,1,ABC Inc.,Region A,16000,1200,14,9.229934011937574e7
Actuals,2020,1,ABC Inc.,Region C,34000,1300,16,5.4609639516780384e7
Actuals,2020,1,ABC Inc.,Region C,27000,1400,18,7.271917168549009e7
Actuals,2020,1,ABC Inc.,Region C,33000,1400,13,6.633528468380253e7
Actuals,2020,1,ABC Inc.,Region B,44000,1100,21,2.9564893521752268e7
Actuals,2020,1,ABC Inc.,Region B,28000,1400,22,1.488640612945249e7
Actuals,2020,1,ABC Inc.,Region B,40000,1500,11,2.4570835749398824e7
Actuals,2020,1,ABC Inc.,Region B,21000,1300,13,86968.3376438446
Actuals,2020,1,ABC Inc.,Region B,33000,1500,16,4.3936724636996225e7
Actuals,2020,1,ABC Inc.,Region A,41000,1500,16,7.059577840556277e7
Actuals,2020,1,ABC Inc.,Region A,11000,1200,11,2.9075028590966623e7
Actuals,2020,1,ABC Inc.,Region A,19000,1500,19,9.878342312878558e7
Actuals,2020,1,ABC Inc.,Region A,13000,1500,18,9.548163397987007e7
Actuals,2020,1,ABC Inc.,Region C,37000,1300,20,9.159495795961623e7
Actuals,2020,1,ABC Inc.,Region B,32000,1300,17,4.5187751111631356e7
Actuals,2020,1,ABC Inc.,Region A,43000,1500,22,7.884185228188582e7
Actuals,2020,1,ABC Inc.,Region C,25000,1400,15,6.404435713993498e7
Actuals,2020,1,ABC Inc.,Region A,22000,1100,22,415001.3279848541
Actuals,2020,1,ABC Inc.,Region A,23000,1400,18,6.1792979314607866e7
Actuals,2020,1,ABC Inc.,Region C,11000,1300,15,2.9622367502379477e7
Actuals,2020,1,ABC Inc.,Region B,26000,1500,12,7.48769609850148e7
Actuals,2020,1,ABC Inc.,Region C,32000,1300,15,3.733519021439324e6
Actuals,2020,1,ABC Inc.,Region A,19000,1500,15,8.043531939498329e7
Actuals,2020,1,ABC Inc.,Region A,31000,1200,12,1.8531330571084082e7
Actuals,2020,1,ABC Inc.,Region A,40000,1400,18,2.2827407448032964e7
Actuals,2020,1,ABC Inc.,Region C,38000,1300,15,5.8751882543419875e7
Actuals,2020,1,ABC Inc.,Region B,27000,1100,19,2.1691288488841165e7
Actuals,2020,1,ABC Inc.,Region C,16000,1200,15,7.032234494799107e7
Actuals,2020,1,ABC Inc.,Region A,14000,1300,15,7.148926971132301e7
Actuals,2020,1,ABC Inc.,Region A,30000,1400,11,9.230162057280539e7
Actuals,2020,1,ABC Inc.,Region C,16000,1200,15,2.7701101700261787e7
Actuals,2020,1,ABC Inc.,Region C,21000,1300,13,2.0653879745063342e7
Actuals,2020,1,ABC Inc.,Region A,12000,1200,11,4.817054196187089e7
Actuals,2020,1,ABC Inc.,Region C,20000,1500,12,1.4252400942222277e7
Actuals,2020,1,ABC Inc.,Region B,32000,1400,19,809596.2447595362
Actuals,2020,1,ABC Inc.,Region C,15000,1200,20,8.738084603009578e6
Actuals,2020,1,ABC Inc.,Region C,38000,1500,13,1.6468913743803004e7
Actuals,2020,1,ABC Inc.,Region B,25000,1200,18,5.143249175293725e7
Actuals,2020,1,ABC Inc.,Region A,31000,1500,12,5.380311468183252e6
Actuals,2020,1,ABC Inc.,Region A,28000,1300,21,6.076684186369522e7
Actuals,2020,1,ABC Inc.,Region A,24000,1300,13,5.645177946476322e7
Actuals,2020,1,ABC Inc.,Region C,26000,1300,14,1.234117373873216e7
Actuals,2020,1,ABC Inc.,Region A,30000,1400,13,3.1093115668685824e7
Actuals,2020,1,ABC Inc.,Region C,18000,1400,18,4.936825389437612e7
Actuals,2020,1,ABC Inc.,Region B,18000,1100,14,2.770703190054219e7
Actuals,2020,1,ABC Inc.,Region B,29000,1500,14,8.703987506497823e7
Actuals,2020,1,ABC Inc.,Region A,21000,1400,19,3.096982431774762e7
Actuals,2020,1,ABC Inc.,Region C,37000,1400,22,8.055290244898419e7
Actuals,2020,1,ABC Inc.,Region B,37000,1300,13,5.63589026637202e7
Actuals,2020,1,ABC Inc.,Region A,33000,1400,22,773901.3164378083
Actuals,2020,1,ABC Inc.,Region A,27000,1100,22,3.4469268289792344e7
Actuals,2020,1,ABC Inc.,Region B,38000,1100,21,5.3641238330665916e7
Actuals,2020,1,ABC Inc.,Region B,24000,1100,17,2.926189833947509e7
Actuals,2020,1,ABC Inc.,Region C,42000,1200,22,4.6509929603734404e7
Actuals,2020,1,ABC Inc.,Region B,24000,1400,21,2.589355071112415e7
Actuals,2020,1,ABC Inc.,Region B,34000,1500,21,5.520012336762582e7
Actuals,2020,1,ABC Inc.,Region C,39000,1400,19,7.996117088787207e7
Actuals,2020,1,ABC Inc.,Region C,28000,1100,13,5.296914188715456e7
Actuals,2020,1,ABC Inc.,Region B,23000,1300,21,7.438170891080843e7
Actuals,2020,1,ABC Inc.,Region A,29000,1100,18,4.018340649025379e7
Actuals,2020,1,ABC Inc.,Region C,36000,1500,15,6.913845181413539e7
Actuals,2020,1,ABC Inc.,Region B,13000,1100,22,4.139627464083816e7
Actuals,2020,1,ABC Inc.,Region B,26000,1100,12,1.1632762940638363e7
Actuals,2020,1,ABC Inc.,Region A,45000,1100,18,5.2537193519313e7
Actuals,2020,1,ABC Inc.,Region B,41000,1400,14,6.42920163587019e7
Actuals,2020,1,ABC Inc.,Region A,12000,1200,20,5.883891820631813e7
Actuals,2020,1,ABC Inc.,Region B,18000,1300,22,7.41255831770452e7
Actuals,2020,1,ABC Inc.,Region B,36000,1300,13,9.467051629392153e7
Actuals,2020,1,ABC Inc.,Region C,42000,1500,15,8.164185596843816e7
Actuals,2020,1,ABC Inc.,Region A,17000,1400,21,9.519828091991718e7
Actuals,2020,1,ABC Inc.,Region B,35000,1500,19,5.454863298469327e7
Actuals,2020,1,ABC Inc.,Region A,30000,1400,17,9.018262076842871e7
Actuals,2020,1,ABC Inc.,Region C,39000,1100,22,8.537365498553202e7
Actuals,2020,1,ABC Inc.,Region C,18000,1200,15,8.696445277499808e7
Actuals,2020,1,ABC Inc.,Region B,25000,1100,18,4.14603260243211e7
Actuals,2020,1,ABC Inc.,Region C,44000,1300,21,6.200365583967439e7
Actuals,2020,1,ABC Inc.,Region B,25000,1200,12,5.1142179945476785e7
Actuals,2020,1,ABC Inc.,Region B,11000,1100,18,2.748196779224693e7
Actuals,2020,1,ABC Inc.,Region C,38000,1500,16,7.980541591641888e7
Actuals,2020,1,ABC Inc.,Region B,29000,1200,11,6.389228437703023e7
Actuals,2020,1,ABC Inc.,Region C,12000,1200,16,9.354178629398361e7
Actuals,2020,1,ABC Inc.,Region B,15000,1100,12,7.898835653524853e7
Actuals,2020,1,ABC Inc.,Region C,26000,1300,13,8.067081811687836e7
Actuals,2020,1,ABC Inc.,Region A,26000,1400,17,7.26090495523874e7
Actuals,2020,1,ABC Inc.,Region B,19000,1200,18,9.092074113754638e7
Actuals,2020,1,ABC Inc.,Region C,44000,1200,21,8.647302384694189e6
Actuals,2020,1,ABC Inc.,Region B,23000,1100,12,8.407860377590609e7
Actuals,2020,1,ABC Inc.,Region A,42000,1100,18,6.060949571276857e7
Actuals,2020,1,ABC Inc.,Region B,44000,1300,14,7.187555198381372e7
Actuals,2020,1,ABC Inc.,Region B,16000,1200,22,5.006981714469972e7
Actuals,2020,1,ABC Inc.,Region B,44000,1500,15,6.780010829722232e7
Actuals,2020,1,ABC Inc.,Region A,11000,1400,11,9.141096030404359e7
Actuals,2020,1,ABC Inc.,Region C,36000,1500,22,4.684993851005982e7
Actuals,2020,1,ABC Inc.,Region A,33000,1100,19,6.4975709515637815e7
Actuals,2020,1,ABC Inc.,Region C,27000,1400,18,5.2883156817395225e7
Actuals,2020,1,ABC Inc.,Region C,25000,1300,11,2.1881179114838544e7
Actuals,2020,1,ABC Inc.,Region B,21000,1400,11,4.17616747191789e7
Actuals,2020,1,ABC Inc.,Region B,32000,1500,21,2.428851571215357e7
Actuals,2020,1,ABC Inc.,Region B,39000,1300,22,7.413943370372711e6
Actuals,2020,1,ABC Inc.,Region B,22000,1300,22,4.826843394914756e7
Actuals,2020,1,ABC Inc.,Region C,34000,1100,22,4.602345667800074e7
Actuals,2020,1,ABC Inc.,Region C,24000,1500,11,6.972075225741632e7
Actuals,2020,1,ABC Inc.,Region B,45000,1200,21,4.540884396796049e7
Actuals,2020,1,ABC Inc.,Region C,11000,1100,13,4.941878455274117e7
Actuals,2020,1,ABC Inc.,Region C,12000,1400,12,6.312771406616214e6
Actuals,2020,1,ABC Inc.,Region A,42000,1100,20,4.940793404405475e6
Actuals,2020,1,ABC Inc.,Region A,44000,1400,21,8.012974552551606e7
Actuals,2020,1,ABC Inc.,Region B,43000,1500,14,9.938959607524589e6
Actuals,2020,1,ABC Inc.,Region A,28000,1200,14,1.968989024608928e7
Actuals,2020,1,ABC Inc.,Region C,32000,1200,13,5.637874497686149e7
Actuals,2020,1,ABC Inc.,Region A,33000,1200,20,2.3788450911392454e7
Actuals,2020,1,ABC Inc.,Region C,43000,1500,14,2.652602527233582e7
Actuals,2020,1,ABC Inc.,Region A,26000,1300,20,1.024580008169551e7
Actuals,2020,1,ABC Inc.,Region B,42000,1100,16,5.611303059382635e7
Actuals,2020,1,ABC Inc.,Region A,20000,1500,19,4.370421954554226e6
Actuals,2020,1,ABC Inc.,Region B,11000,1500,14,3.852540222991393e7
Actuals,2020,1,ABC Inc.,Region B,18000,1100,14,6.525244084289333e7
Actuals,2020,1,ABC Inc.,Region B,45000,1200,21,3.654157688575087e7
Actuals,2020,1,ABC Inc.,Region A,24000,1500,21,7.283529844368884e7
Actuals,2020,1,ABC Inc.,Region A,11000,1300,20,3.580085849935596e7
Actuals,2020,1,ABC Inc.,Region B,21000,1300,19,5.112757039813857e7
Actuals,2020,1,ABC Inc.,Region A,27000,1300,11,6.490889259419205e7
Actuals,2020,1,ABC Inc.,Region B,27000,1500,22,1.138829904062666e7
Actuals,2020,1,ABC Inc.,Region B,28000,1300,22,1.893204923394066e7
Actuals,2020,1,ABC Inc.,Region B,41000,1300,12,6.99704754612324e7
Actuals,2020,1,ABC Inc.,Region B,13000,1500,12,6.28706788913887e7
Actuals,2020,1,ABC Inc.,Region A,41000,1500,18,5.732847424504171e7
Actuals,2020,1,ABC Inc.,Region A,35000,1100,14,4.273081659038789e7
Actuals,2020,1,ABC Inc.,Region C,29000,1500,14,7.988472723439287e7
Actuals,2020,1,ABC Inc.,Region A,42000,1100,21,7.336099208670676e7
Actuals,2020,1,ABC Inc.,Region C,31000,1500,20,1.4703703458944328e7
Actuals,2020,1,ABC Inc.,Region B,12000,1100,20,1.8326690830880534e7
Actuals,2020,1,ABC Inc.,Region C,24000,1100,18,4.5991112512245335e7
Actuals,2020,1,ABC Inc.,Region B,12000,1100,20,7.831787560562636e7
Actuals,2020,1,ABC Inc.,Region B,21000,1500,20,6.6725467276503295e7
Actuals,2020,1,ABC Inc.,Region A,16000,1200,15,1.3492871951824626e7
Actuals,2020,1,ABC Inc.,Region C,38000,1500,22,8.574845043974984e7
Actuals,2020,1,ABC Inc.,Region A,27000,1200,20,5.882220382309453e7
Actuals,2020,1,ABC Inc.,Region A,19000,1500,16,2.720467865976669e7
Actuals,2020,1,ABC Inc.,Region A,21000,1500,13,9.523342309056401e7
Actuals,2020,1,ABC Inc.,Region B,14000,1500,12,4.769358525090275e7
Actuals,2020,1,ABC Inc.,Region A,40000,1100,12,8.204486878900741e7
Actuals,2020,1,ABC Inc.,Region A,13000,1300,22,8.065420082309085e7
Actuals,2020,1,ABC Inc.,Region C,22000,1400,21,8.098425941177703e7
Actuals,2020,1,ABC Inc.,Region A,24000,1400,15,3.82890236286084e7
Actuals,2020,1,ABC Inc.,Region C,21000,1400,14,1.8959197036220476e7
Actuals,2020,1,ABC Inc.,Region B,17000,1400,11,1.6410678637090004e6
Actuals,2020,1,ABC Inc.,Region B,14000,1400,15,9.666037114614668e7
Actuals,2020,1,ABC Inc.,Region B,25000,1500,13,3.6186537891977453e6
Actuals,2020,1,ABC Inc.,Region C,31000,1300,13,2.652980954736207e7
Actuals,2020,1,ABC Inc.,Region B,12000,1100,14,1.4842954659077868e7
Actuals,2020,1,ABC Inc.,Region B,39000,1300,15,3.8885204734027565e7
Actuals,2020,1,ABC Inc.,Region B,28000,1200,12,5.5579974229162335e7
Actuals,2020,1,ABC Inc.,Region A,21000,1400,14,2.2632345813960288e7
Actuals,2020,1,ABC Inc.,Region A,34000,1300,15,1.3894305795907669e7
Actuals,2020,1,ABC Inc.,Region C,40000,1200,17,3.8820711892120175e7
Actuals,2020,1,ABC Inc.,Region B,13000,1500,15,9.59823371128098e6
Actuals,2020,1,ABC Inc.,Region B,42000,1300,15,9.45377756165395e7
Actuals,2020,1,ABC Inc.,Region A,23000,1500,13,1.849304550534814e6
Actuals,2020,1,ABC Inc.,Region B,39000,1100,13,2.2687046415311564e7
Actuals,2020,1,ABC Inc.,Region B,43000,1400,12,9.691289658505185e7
Actuals,2020,1,ABC Inc.,Region C,23000,1100,15,9.904992243845478e6
Actuals,2020,1,ABC Inc.,Region A,20000,1300,19,4.105379032674171e7
Actuals,2020,1,ABC Inc.,Region B,39000,1500,12,5.485031207762625e7
Actuals,2020,1,ABC Inc.,Region C,35000,1100,12,2.7045451000799436e7
Actuals,2020,1,ABC Inc.,Region C,39000,1200,17,4.132293115762501e7
Actuals,2020,1,ABC Inc.,Region B,42000,1500,13,7.288441677470912e7
Actuals,2020,1,ABC Inc.,Region C,25000,1400,16,3.849562962203134e7
Actuals,2020,1,ABC Inc.,Region B,20000,1200,16,2.204850440661901e7
Actuals,2020,1,ABC Inc.,Region B,28000,1300,21,7.825391822354402e7
Actuals,2020,1,ABC Inc.,Region A,11000,1300,11,7.165519539686687e7
Actuals,2020,1,ABC Inc.,Region A,15000,1400,16,2.1799712983839393e7
Actuals,2020,1,ABC Inc.,Region C,13000,1300,14,2.4510765384710386e7
Actuals,2020,1,ABC Inc.,Region A,44000,1200,22,3.763347856843351e7
Actuals,2020,1,ABC Inc.,Region B,44000,1300,12,7.491890547328569e7
Actuals,2020,1,ABC Inc.,Region A,30000,1200,22,2.0509230488109488e7
Actuals,2020,1,ABC Inc.,Region C,11000,1100,16,3.0790679920362394e7
Actuals,2020,1,ABC Inc.,Region A,32000,1400,12,1.913064922142199e7
Actuals,2020,1,ABC Inc.,Region C,32000,1200,17,6.016578746792185e7
Actuals,2020,1,ABC Inc.,Region C,39000,1300,17,1.1238229541101906e7
Actuals,2020,1,ABC Inc.,Region B,33000,1300,15,3.4077904745841704e7
Actuals,2020,1,ABC Inc.,Region B,12000,1500,20,3.388449902978362e7
Actuals,2020,1,ABC Inc.,Region B,17000,1300,15,9.89295982645728e6
Actuals,2020,1,ABC Inc.,Region B,37000,1400,21,6.120715004103541e7
Actuals,2020,1,ABC Inc.,Region A,15000,1300,17,6.199214177489832e7
Actuals,2020,1,ABC Inc.,Region C,33000,1300,20,4.776563314161564e6
Actuals,2020,1,ABC Inc.,Region A,25000,1300,17,9.683449954473698e7
Actuals,2020,1,ABC Inc.,Region A,44000,1200,15,9.428616311968166e7
Actuals,2020,1,ABC Inc.,Region C,45000,1500,13,1.167525102828082e6
Actuals,2020,1,ABC Inc.,Region A,12000,1200,18,2.912126661383666e7
Actuals,2020,1,ABC Inc.,Region A,37000,1400,16,4.8087421847435005e7
Actuals,2020,1,ABC Inc.,Region B,23000,1100,12,9.275846784002006e6
Actuals,2020,1,ABC Inc.,Region A,32000,1100,16,8.609084225275333e7
Actuals,2020,1,ABC Inc.,Region C,12000,1500,18,8.77618415370881e7
Actuals,2020,1,ABC Inc.,Region C,24000,1200,11,7.216095223040327e7
Actuals,2020,1,ABC Inc.,Region B,42000,1500,21,1.3519594509737276e7
Actuals,2020,1,ABC Inc.,Region C,16000,1400,13,908568.027519785
Actuals,2020,1,ABC Inc.,Region B,31000,1200,20,3.1338445268104065e7
Actuals,2020,1,ABC Inc.,Region B,33000,1300,22,1.3584618633808676e7
Actuals,2020,1,ABC Inc.,Region C,19000,1100,17,6.880861765940804e6
Actuals,2020,1,ABC Inc.,Region B,29000,1300,17,1.5331034056101501e7
Actuals,2020,1,ABC Inc.,Region B,30000,1100,12,8.558320511398417e7
Actuals,2020,1,ABC Inc.,Region C,39000,1500,13,8.131792024668583e6
Actuals,2020,1,ABC Inc.,Region A,42000,1400,18,4.5882403805945024e7
Actuals,2020,1,ABC Inc.,Region B,21000,1200,12,9.125487016225675e7
Actuals,2020,1,ABC Inc.,Region A,22000,1400,13,5.342979437907567e7
Actuals,2020,1,ABC Inc.,Region A,29000,1200,13,1.610040445032348e7
Actuals,2020,1,ABC Inc.,Region A,31000,1200,22,5.3338560552794576e7
Actuals,2020,1,ABC Inc.,Region C,12000,1400,20,2.3592707680405688e7
Actuals,2020,1,ABC Inc.,Region C,24000,1500,14,6.569235659644858e7
Actuals,2020,1,ABC Inc.,Region B,24000,1300,20,5.193198290969225e7
Actuals,2020,1,ABC Inc.,Region B,44000,1500,11,8.438900789697804e7
