UNIT,PO_DATE,VENDOR,GUDID,QTY,UNIT_PRICE
Sourcing,2021-03-12,"CAREDX, INC.",191072148612,42,99.43936556598162
Services,2021-11-15,"SUTTER MEDICAL TECHNOLOGIES USA, INC.",M7256008545,106,101.33057156899893
ServiceCall,2020-09-16,NEWMARKET BIOMEDICAL LIMITED,10884521795143,146,99.03409362832248
Support,2022-02-08,"WATERS MEDICAL SYSTEMS, LLC",5415067023377,131,97.6662141179193
Sourcing,2020-05-17,"ULTHERA, INC.",385640029568,142,96.72983432132465
Helpdesk,2021-09-30,Desyncra Operating GmbH,889024469587,112,100.7197227203154
Sourcing,2021-08-16,"PRECISION FABRICS GROUP, INC.",4046964244025,67,99.98140132089594
IT,2020-05-03,"Exclusive Group, LLC",840019924641,49,99.26076403331528
Helpdesk,2022-03-20,Quantib B.V.,10845854020838,74,98.1708041003958
Services,2021-05-08,COTTON HIGH TECH SL,192896038707,44,99.92963087039841
ServiceCall,2020-08-15,"ULTIMED, INC.",M454PS60B2UVP0501,98,98.85086016155167
ServiceCall,2020-03-07,R MEDICAL SUPPLY INC,D7781006863L131,141,99.27434260466886
IT,2021-06-09,"AMITY HOLDINGS, LLC",8809596871856,52,97.46184017464134
Services,2020-02-14,Bayer Healthcare LLC,887517053145,63,98.69821906756384
Helpdesk,2022-02-17,"MICROWARE PRECISION CO., LTD.",15099169284019,146,95.64545477917113
Sourcing,2021-11-14,PAN MEDICAL US CORPORATION,815203020447,123,100.80841224562973
Support,2021-10-04,"Kossel Medtech (Suzhou) Co., Ltd.",5708932055741,133,98.39213319858155
Sourcing,2021-12-09,Visage Imaging GmbH,4046445792243,79,101.62803001630222
Maintenance,2021-05-11,DIGITAL HEAT CORPORATION,20613994869849,20,99.14430956320022
Sourcing,2020-05-18,"ROHRER AESTHETICS, LLC",5708296176564,22,98.4075598199192
Sourcing,2021-06-28,MDF Instruments Medifriend Inc.,850005757658,75,100.92229201505396
Sourcing,2021-03-18,Keybo Technologies Ltd,15019517074895,74,101.00184798195572
Maintenance,2020-09-13,"KAZ USA, INC.",840481112607,19,97.62592394196194
IT,2021-12-31,Oscor Inc.,844856036512,52,101.13095725061615
IT,2020-06-08,"ROI CPS, LLC",810060222461,106,100.57995264249736
Maintenance,2021-12-29,"Shenzhen Unique Scales Co., Ltd",24026704537246,126,96.54537571762613
ServiceCall,2020-04-25,Sommetrics,673978064291,3,101.00835298261961
IT,2020-05-08,B.R.A.H.M.S GmbH,889024288409,67,100.7521241055429
Helpdesk,2020-06-03,ANJON HOLDINGS LLC,10193489486926,21,102.081552842693
IT,2021-09-02,GAMBRO INDUSTRIES,884465618556,112,102.13635106583584
Sourcing,2022-03-09,"Diagnostic Automation, Inc.",10195594945978,50,99.05739638612413
Sourcing,2020-03-23,"FUKUDA DENSHI USA, INC.",842048125495,63,100.8469469023951
Support,2020-09-14,PWL SOLUTIONS LLC,887517274472,86,99.991097469976
Sourcing,2021-11-24,MT MonitorTechnik GmbH & Co. KG,10887488547510,74,98.65847708655456
Sourcing,2022-01-21,AMERICAN DENTAL IMPLANT CORPORATION,8033390139120,27,100.29565606602874
Services,2021-05-01,"Lacer Pharma, LLC",840828160360,108,98.35004199524707
Support,2020-01-06,COLOPLAST CORP.,10888277737747,72,99.69345910819472
Sourcing,2022-04-23,Medicel AG,10680651307511,35,96.53767404270778
Services,2021-06-29,"MICROFIT, INC.",3760124131215,112,98.74442187256703
IT,2020-08-09,VOLK OPTICAL INC.,14026704645050,68,100.18637475137804
Support,2020-05-25,LIFE TECHNOLOGIES LIMITED,10888277115538,18,99.5683599784244
Maintenance,2021-08-19,NEODEVICES INC,8806344378315,143,99.61248722082935
Sourcing,2020-11-03,"ALLTECH MEDICAL SYSTEMS AMERICA, INC.",B278RFTSCRW01N0,7,98.80122840447608
Maintenance,2020-02-06,New England Orthodontic Lab,850022178542,31,101.7038855190927
Sourcing,2022-01-26,DE GOTZEN SRL,10841898129582,89,104.83851520489368
Support,2021-10-28,"POTTYMD, LLC",10801902111651,43,100.02762876766066
Support,2021-05-09,AHLSTROM NONWOVENS LLC,8800033148968,96,102.49747962687162
Sourcing,2020-01-09,SPINEGUARD,4546540676276,121,96.81928320240678
Services,2020-10-08,"MAYBORN USA, INC.",4251436933318,117,99.8654051569869
Helpdesk,2020-01-29,DYN'R,845694059367,21,100.21101210881368
ServiceCall,2021-09-02,Calgary Scientific Inc,4047844012239,115,100.83690835419794
IT,2020-05-30,NIDEK TECHNOLOGIES SRL,810042030152,134,100.40731845606456
Sourcing,2020-03-22,"DISTRIBUTION UNLIMITED, LLC",841439110447,115,99.69182769224473
ServiceCall,2020-10-30,MONICA HEALTHCARE LIMITED,8022057012814,79,100.64245047694322
Sourcing,2020-07-12,"PAIGE.AI, INC.",10889981124175,47,100.73621834081212
ServiceCall,2021-01-13,Meridian Medical,840277116628,7,103.8053901402164
Services,2022-04-06,Ermis MedTech GmbH,10889942781522,127,97.7007595853518
Support,2021-07-19,"VASSOL, INC.",889929028667,9,98.9681540322887
Sourcing,2020-07-15,PLATINUM EXPORTS PTY LTD,M684KS0010301,7,103.56611847893267
ServiceCall,2022-02-04,3J'S HEALTHCARE GROUP LLC,4046964229183,146,102.07364551947857
Services,2020-05-12,PROCEPT BIOROBOTICS CORPORATION,10603295245575,114,99.81509918678017
Sourcing,2021-06-22,FIRST CARE PRODUCTS LTD,8717648227097,79,99.49901959655827
Sourcing,2021-04-20,"Biomedical Enterprises, Inc.",10888439768299,63,98.53101187356116
Sourcing,2020-02-24,"Fujian Ercon Medical Management Co., Ltd.",EFOR2892N99070501,60,97.24320625437336
Maintenance,2022-03-14,"DIVERSATEK HEALTHCARE, INC.",841036202163,129,98.12831682582124
Services,2020-11-07,"ATOMO DENTAL, INC.",386120009551,33,98.48407506920321
Services,2021-04-28,ALPHA OMEGA ENGINEERING CO. LTD.,10652927430940,138,101.30080071882936
Sourcing,2022-04-26,"LEADTEK RESEARCH, INC.",4057532119775,123,99.22711123720956
IT,2021-04-24,"ELEVATION SPINE, INC.",8806145471628,95,102.33696339506179
Helpdesk,2020-03-18,ANIMAS CORPORATION,763000307196,11,102.6087641902354
Helpdesk,2020-01-22,QUIDEL CARDIOVASCULAR INC.,15019517146233,114,98.41398597471773
Maintenance,2021-03-15,FORUS HEALTH PRIVATE LIMITED,EFOR72818120101,54,99.00099524147323
Maintenance,2021-02-03,IMACTIS,10195594938222,91,98.89975200150761
Support,2021-11-19,"BARDY DIAGNOSTICS, INC.",10381780084808,143,105.35862158998941
Support,2021-04-17,LHM MEDICAL TECHNOLOGY (HONG KONG) LIMITED,4046964587559,51,97.6804126223189
Maintenance,2020-05-13,Berlin Heart GmbH,15019517105032,55,99.90104901431347
Services,2020-06-06,Otsuka America Pharmaceutical Inc,10351688810496,119,100.9462257990128
ServiceCall,2021-11-29,ALPHA PRO TECH INC,10888857491298,120,98.79805225806446
Support,2021-02-01,RADIALOGICA LLC,880304698024,77,96.39415980469803
Helpdesk,2022-03-01,"Embody, Inc.",5707131357847,134,100.420343392171
Support,2022-02-05,Combinostics Oy,4048551201848,144,101.34285214441478
ServiceCall,2022-01-19,"Eckert & Ziegler Bebig, Inc.",841379169505,121,97.06366400881244
Maintenance,2021-05-14,Norlase ApS,M824SCP677401,47,97.17415337446957
Sourcing,2020-09-30,"HISTOLOGICS, LLC",841036268855,146,101.07503026508351
Helpdesk,2022-02-23,"ENDOLOGIX, INC.",4547248230401,18,100.66273292019359
Support,2020-01-21,Sebe Inc,840937110119,34,102.14452419362698
Maintenance,2020-05-05,Zimmer GmbH,7332747012187,125,101.40548447734639
Services,2021-07-27,"GS Medical Co., Ltd.",10193489335101,17,99.58082177385819
IT,2021-04-05,PANPAC MEDICAL CORPORATION,880304950399,61,101.15621047493941
Support,2021-05-12,G.L.E. Gesellschaft für lichttechnische Erzeugnisse mbH,8809493859223,107,99.08020103411508
Helpdesk,2020-12-14,"DISTRIBUTION UNLIMITED, LLC",4038953859310,85,99.14201789319964
Support,2021-06-16,MEDICAL FINANCE RESOURCES INC,15019517049008,13,99.28622672544077
Helpdesk,2020-07-22,Pjur Group Luxembourg SA,613994835246,47,99.78900983930318
Sourcing,2021-09-16,Dentalpoint AG,8714729815983,82,96.69492281272538
Support,2020-05-27,"INTUITY MEDICAL, INC.",7640178975088,61,98.61140010891438
Sourcing,2021-07-29,"GMS, Gesellschaft für medizinische Sondentechnik mbH",J014660714190,40,99.36950251986114
Support,2020-06-18,VIRAK ORTHOPEDICS LLC,5055788736103,53,100.45108631495914
Sourcing,2021-07-15,"Vascular Solutions, Inc.",8800048403250,119,103.02034614294918
Helpdesk,2021-03-13,"FITBIT, INC.",4711605583701,134,101.09911867075988
ServiceCall,2021-03-25,"CHAMELEON DENTAL PRODUCTS, INC",889095412000,38,98.98254585265244
Maintenance,2022-03-25,CROWN DELTA CORPORATION,842166184602,147,100.05747722259541
IT,2022-02-19,Directa AB,841536134568,70,99.98671330706942
Sourcing,2020-11-27,CALTAG MEDSYSTEMS LIMITED,613994857552,112,103.3254763698148
Sourcing,2021-03-31,"Beijing Dongbo Dental Handpiece Co.,Ltd.",M695302P288812S1,24,99.78157101621596
Services,2021-09-26,QUANTEL MEDICAL,840185303028,127,100.57315040461512
Maintenance,2021-11-21,BALDONI NEUROMODULATION LLC,10888857292734,36,99.97409066610646
ServiceCall,2022-04-15,Coastalaware Holdings Inc,724995203498,25,103.73768967248125
Services,2021-06-27,RSB SPINE LLC,10884527020812,67,100.07742393800173
Maintenance,2020-05-19,"Motex Healthcare(Anhui)Co.,Ltd.",847236006259,28,99.15465275284565
Sourcing,2020-05-06,FOCUS SURGERY INC,887868017322,11,99.18684484247754
Sourcing,2021-03-20,CORTECHS LABS INC,8800033805250,39,103.43292065073435
Services,2020-09-20,"ZIOSOFT, INC.",815871022750,35,104.40081093967343
Support,2020-04-17,"GRACE MANUFACTURING, INC.",190707066833,150,100.68310600553792
Sourcing,2020-08-25,RP Medical Inc,190376351667,33,100.49974335797229
Support,2022-04-11,AJEX Meditech Ltd,385480434041,40,101.7772477350046
Sourcing,2020-02-28,DELBIO INC.,10841898131066,139,101.52351839064397
Sourcing,2022-01-20,"INNO HEALTH TECHNOLOGY CO., LTD.",8800113951464,77,99.07436951276327
Helpdesk,2020-12-30,ULTRATONE SCIENTIFIC INSTRUMENTS LIMITED,190376277769,115,98.73990570365928
ServiceCall,2021-07-24,Octax Microscience GmbH,10886982066701,132,103.81582542603877
ServiceCall,2020-08-28,ESSENTIAL MEDICAL SUPPLY INC,801902004949,35,102.32385226919776
Helpdesk,2021-08-24,"UEDA JAPAN RADIO CO.,LTD.",9321502002332,58,105.14250605719943
Sourcing,2021-09-06,VascoMed GmbH,4046963542696,109,99.96621423334558
ServiceCall,2020-09-15,POLYTECHNIC RESOURCES INC,887517398420,55,100.63776925840398
Helpdesk,2021-12-17,J & J INSTRUMENTS INC,10810050242650,8,101.54007331983162
ServiceCall,2021-04-17,"BLUEGRASS VASCULAR TECHNOLOGIES, INC.",10809160205709,134,101.21253018589844
ServiceCall,2020-01-15,AMI Inc.,D800TMAH0130,97,98.4126074410879
Maintenance,2021-04-04,"ANATOMY SUPPLY PARTNERS, LLC",817524029536,54,100.64372920890827
Sourcing,2021-09-10,"WISC MED, LLC",10195594950422,56,100.9953383031619
Services,2022-01-25,"ROCHESTER ELECTRO-MEDICAL, INC.",10888439486414,110,100.57646138783942
Helpdesk,2021-10-09,"ORGAN RECOVERY SYSTEMS, INC.",D745701147COM00700,4,98.49592765834987
Sourcing,2021-01-05,SHIFENG MEDICAL TECHNOLOGY CO.，LTD.,382830047036,35,100.63872353907276
Sourcing,2022-03-30,TRI-DIM FILTER CORPORATION,4046445895876,17,97.32756040280267
Helpdesk,2020-02-13,CAPSULE TECHNOLOGIE,10630140166150,144,99.23804370845792
Sourcing,2021-08-17,"QARDIO, INC.",10889942008735,41,101.45969100639324
Helpdesk,2020-08-25,"AMPLION CLINICAL COMMUNICATIONS, INC.",7613353028527,75,99.1823538087544
Helpdesk,2021-09-20,PAC-DENT INTERNATIONAL INC,887868003264,6,98.05527485718419
Support,2021-03-25,Adam Lawrence,652221018663,71,99.56480103743213
Services,2021-03-19,CHALICE MEDICAL LIMITED,880304333512,33,98.44076283941068
IT,2020-11-12,"LASER ASSOCIATED SCIENCES, INC.",5706069551747,1,99.40452620528222
Maintenance,2020-06-07,LMT Medical Systems GmbH,818524020639,101,98.30432537600655
Maintenance,2021-08-01,ZHERMACK SPA,M6863100I60090,79,101.38812224994146
Helpdesk,2020-10-21,"Aei Technologies, Inc.",812998029501,64,101.39924746490281
Support,2022-03-23,QUALITY IN FLOW LTD,7613275269671,141,99.98525907841329
Helpdesk,2020-01-13,"Gilero, LLC",8809596876929,88,99.24195900037898
Maintenance,2020-05-29,"Motex Healthcare(Anhui)Co.,Ltd.",M48210023S0,86,98.170610421166
ServiceCall,2021-07-02,IVIMEA,190776088699,123,100.49276482100781
Sourcing,2021-06-06,"Nysale, Inc",10705031032590,148,98.18165308322274
Sourcing,2021-05-04,"Guangzhou Hicare Medical Equipment and Materials Co.,Ltd",J001702011447660,79,99.40989086027425
IT,2021-02-08,BAUI BIOTECH CO. LTD.,613994422149,124,97.90479187443846
Helpdesk,2020-09-24,BUSCH & CO. GmbH & Co. KG,10649111431876,92,103.23897321356328
Maintenance,2022-03-09,NEOSTEO,M454TN6502P0451,7,102.1906453818134
Maintenance,2020-02-23,Monthlycup AB,8800113304024,29,102.75832308003457
IT,2021-10-14,SUPERVALU INC.,10193489884210,32,101.41472397436655
ServiceCall,2020-05-28,"PHILIPS ORAL HEALTHCARE, LLC",B587L122445120,66,98.47592777564375
Support,2020-04-07,Günter Bissinger Medizintechnik GmbH,192896079182,41,99.09541331308702
IT,2020-12-30,MEDSAFETY SOLUTIONS LLC,4582276015484,8,98.73671160227667
Sourcing,2020-01-27,ROCKET MEDICAL PLC,M684480210061,17,98.38623565923046
Sourcing,2021-06-11,"PROFESSIONAL DISPOSABLES INTERNATIONAL, INC.",D8076056021,88,97.7143325537592
Helpdesk,2020-03-14,"SOURCE-RAY, INC.",4050659170629,22,98.96762064504773
ServiceCall,2020-01-15,"Korea New Tech Co., Ltd.",10888857060647,34,101.4423423282444
Sourcing,2020-12-05,"WENZEL SPINE, INC.",20705036012723,114,103.10667613781463
IT,2022-01-23,"SIGHT SCIENCES, INC.",10888439746556,114,100.31491360708701
Support,2022-01-28,"ASSURE TECH. (HANGZHOU) CO., LTD.",D77941405218,134,98.75624153422066
ServiceCall,2021-03-12,2Z Medical,889095109542,76,97.89984778014004
Sourcing,2020-06-24,Consure Medical Private Limited,10190752145863,80,95.65922097050255
Sourcing,2021-05-22,IMPLANTS INTERNATIONAL LTD,842289100695,5,104.45711978903348
Sourcing,2021-08-26,Megagen Implant Co. Ltd,190376074108,72,98.98845013167286
Sourcing,2021-03-10,ELI LILLY AND COMPANY,842271163028,51,99.34825607389165
Sourcing,2021-04-30,Glustich Inc,634782002480,150,101.01290694731725
Sourcing,2022-02-13,CURIUM US LLC,10888439891676,118,98.91612307855208
ServiceCall,2020-11-23,LASCOD SPA,889024005419,11,98.42888592634753
Support,2020-11-21,NZ Technologies Inc,614950016730,119,99.47102228184629
Services,2021-09-27,DEGANIA SILICONE LTD,7613327378849,13,100.37130685520187
Sourcing,2021-08-28,MICROVENTION INC.,10757770494467,69,102.07588732573436
ServiceCall,2020-06-22,"MARDX DIAGNOSTICS, INC.",10193489756319,126,97.47438993095439
Maintenance,2020-11-28,Radiobotics ApS,4046963530679,44,100.72057372757261
Helpdesk,2020-07-30,"ENNOVEA MEDICAL, LLC",889795005915,142,98.97919520543746
IT,2020-03-10,"RETROFIX SCREWS, LLC",840916100193,24,94.04616448591408
Support,2021-09-30,SURGICAL TECHNOLOGY LABORATORIES INC,191072047168,88,99.93751350049378
Maintenance,2020-02-22,ODONTIT S.A.,889024003521,147,100.70709924010917
Services,2021-01-01,CERECOR INC.,613994441010,137,97.28402503051035
Maintenance,2021-09-14,CURA DIGITAL HEALTH SOLUTIONS INC,840828116428,74,106.03861052379507
Helpdesk,2020-09-21,P&P Medical Surgical LLC,8800033133353,44,98.5117221477367
Sourcing,2020-02-19,WESTCLIFF MEDICAL PRODUCTS,884450241943,27,102.91890023535413
Sourcing,2020-01-19,Ypsomed AG,B548BONITASYSTEM0,12,97.47132683813241
Services,2021-03-14,WARD PHOTONICS LLC,191072044419,96,98.42291187406124
Maintenance,2020-07-08,MAR-MED INC.,190660150389,128,97.6328002516417
Support,2020-10-02,"TENSYN MEDICAL, INC.",DVIV668253BU1,20,96.2817679126342
IT,2020-05-09,"CIRCA SCIENTIFIC, LLC",8800046981170,75,100.78967175596237
ServiceCall,2021-12-06,"SUNSET HEALTHCARE SOLUTIONS, INC.",B809M205220310101,10,101.85824905753995
Services,2022-01-17,"Well Lead Medical Co.,Ltd",10887488838472,15,96.85402818727174
Support,2021-09-05,"SCHOTT NORTH AMERICA, INC.",841132174371,50,99.14451751827507
Sourcing,2020-10-08,Shenzhen NearbyExpress Technology Development Company Limited,50630140919280,73,101.28956857067774
Helpdesk,2021-01-24,Lockdown Medical Ltd,4042809215243,137,100.75455124039567
Maintenance,2020-09-17,"ALERE NORTH AMERICA, LLC",844856035485,29,101.08315393751323
Support,2020-07-12,"GEO Medical Co., Ltd.",15019517175783,101,102.43273622291574
IT,2020-04-24,Dentsply Implants Manufacturing GmbH,10381780010654,90,103.53940555011998
Sourcing,2021-05-13,"UZINMEDICARE CO.,LTD",10381780044789,138,98.98042107058068
Helpdesk,2021-08-04,PEDIALIFT LLC,10889942636150,86,100.10600929395785
ServiceCall,2022-03-04,Texas Medical Technology Inc,845225011093,112,98.66332677139488
Helpdesk,2020-09-16,Lifewatch,889024038103,12,97.56263019848683
Sourcing,2020-02-28,STAAR SURGICAL COMPANY,850005237082,120,100.32644649014779
Maintenance,2021-03-28,Digiray Corp.,304040019085,3,97.87575838737821
Support,2021-06-20,HEMOSTATIX MEDICAL TECHNOLOGIES LLC,885556374443,118,95.31148890945026
Services,2021-06-25,"ZENITH TECHNICAL INNOVATIONS, LLC",4045439032532,131,100.0985787935264
Maintenance,2020-09-01,"ICU MEDICAL FLEET SERVICES, LLC",4046826016685,108,97.98045998925652
Support,2020-03-17,"IVES EEG SOLUTIONS, LLC",850800006012,56,101.35650524302832
Sourcing,2021-08-22,"Gpi Usa, Inc.",889795019288,108,100.35716437348293
Sourcing,2020-06-08,"Shenzhen As-Tec Technology Co.,Ltd.",844868004103,119,99.95163513419187
Sourcing,2022-04-11,"ICUBATE, INC",8806195938430,63,99.91723119700227
Sourcing,2022-03-19,"MEDICAL SPECIALTIES DISTRIBUTORS, LLC",801741053160,50,97.98008552121658
Support,2020-06-30,"APLICARE, INC.",810040252747,68,99.1131260218659
ServiceCall,2022-03-25,MK Meditech Inc.,4048551185131,30,101.50071051915577
IT,2021-03-19,ANGIODYNAMICS UK LIMITED,10889942274079,110,101.83723137336453
Services,2021-11-25,BIOPTIMAL INTERNATIONAL PTE. LTD.,10884521160842,29,102.97140420286146
Maintenance,2020-01-19,VECTRACOR INC,10889942049141,113,100.80443194515962
IT,2022-04-09,"Beijing Dongbo Dental Handpiece Co.,Ltd.",8800033352907,56,102.94954099844668
ServiceCall,2020-12-10,Jota AG,7899893213658,46,100.58298761657286
Support,2021-07-15,PLAN 1 HEALTH S.R.L.,841153100397,108,101.15492465983718
Helpdesk,2022-03-21,Digiray Corp.,4546951402426,90,101.18499729242822
Maintenance,2022-03-11,LELTEK INC.,613994986917,91,100.34720958086362
Maintenance,2021-01-04,LIFELINE SOFTWARE INC,D807410451811,15,102.99564223081018
Sourcing,2020-10-07,WATERS TECHNOLOGIES CORPORATION,801741036064,35,99.52610853844537
Maintenance,2020-01-07,"Chongqing Peninsula Medical Technology Co., Ltd.",10888857104877,58,98.47308070175173
ServiceCall,2020-01-10,"PILLAR PALATAL, LLC",846832078868,60,97.57462955412342
ServiceCall,2020-11-20,Ai Whiterabbit Inc,9321502024006,7,101.22958044050706
IT,2020-12-21,NIDEK TECHNOLOGIES SRL,30884521082476,1,98.63290431790301
Maintenance,2020-07-01,"OR SPECIFIC, INC.",10195594141134,83,101.10080829314924
Sourcing,2021-02-20,Diasorin Inc.,889024504448,97,98.82981525784749
Sourcing,2020-03-13,"Kinreen Technology (Shenzhen) Co., Ltd",10653160324263,124,100.13925965910282
Services,2020-05-27,AZER SCIENTIFIC INCORPORATED,10889981117573,124,99.0217657514234
ServiceCall,2022-05-01,"Inkspace Imaging, Inc.",D745701138BSA04450,29,102.1198078489264
Maintenance,2021-11-21,"Spintech, Inc.",5711583025643,42,98.18331245365385
Services,2022-03-05,Kapp Surgical Instrument Co.,83208021404,67,101.3155933091287
Services,2021-10-19,NEUROLOGICA CORP.,10193489611212,112,96.22467439128891
Maintenance,2020-06-30,"Theradome, Inc.",10888439290868,82,101.0665926432926
Sourcing,2021-02-06,"PACIFIC WEST MEDICAL, INC.",B267102014500440,127,96.85925196412565
Helpdesk,2021-01-15,"Suzhou Huanqiu Acupuncture Medical Appliance Co., Ltd.",889024152533,136,100.43714401761851
Maintenance,2021-01-05,"ISORAY MEDICAL, INC.",10888439468311,106,97.31237883480928
IT,2022-02-07,"ATOMO DENTAL, INC.",690521015005,104,101.19215766769284
IT,2020-09-17,CELL MARQUE CORPORATION,D818128450,122,100.4994771371798
Services,2020-07-23,ORTHOXEL DESIGNATED ACTIVITY COMPANY,650551074144,105,104.24301595414363
Services,2021-01-03,"WISCONSIN ALUMINUM FOUNDRY COMPANY, INC.",EDWA1004000P1,20,100.23355365480599
Sourcing,2020-08-21,altona Diagnostics GmbH,5050474766709,97,98.62212649366654
ServiceCall,2020-05-13,"BIOMET 3I, LLC",20845854012960,77,102.31330765921794
Sourcing,2022-01-26,"Wuxi Exanovo Medical Instrument Co., Ltd.",841379166917,7,98.29999860091567
Support,2021-03-14,CTL MEDICAL CORPORATION,5707131349101,132,101.22179335488323
Helpdesk,2022-04-01,Canary Medical USA LLC,10603295013907,115,102.84960492171068
Sourcing,2021-12-22,"Cynosure, Inc.",886158007579,5,101.08610398986754
Helpdesk,2020-08-24,LEONE SPA,4582275822779,115,100.34984219425397
IT,2021-05-16,MED.E.COM,10351688760920,11,100.12890402454094
Support,2021-06-21,"Hologic, Inc.",10887488283210,53,98.84508723349269
IT,2020-10-29,HEALTHY.IO LTD,380652467001,146,100.06968827304385
Services,2021-02-01,ELEKTA LIMITED,190837077006,111,99.31123665403813
Services,2020-09-20,ORTHOXEL DESIGNATED ACTIVITY COMPANY,10195327113612,16,103.80038815492185
ServiceCall,2020-02-24,Simpler Implant Solutions Inc,889795001870,91,100.03457215721721
Sourcing,2020-04-27,"CONVENTUS ORTHOPAEDICS, INC.",10649111430145,77,100.94719124136789
IT,2020-03-11,SCANLAN INTERNATIONAL INC,810020087017,112,97.79415877309475
Helpdesk,2020-08-10,"MICROLINE SURGICAL, INC.",887868261039,119,99.07842097158488
Sourcing,2022-01-28,SUPERVALU INC.,4046964551611,8,94.53860557915318
Support,2021-01-18,REESE PHARMACEUTICAL COMPANY,817278010224,95,98.29178314266807
Sourcing,2020-07-11,SHIMADZU CORPORATION,4046445740268,108,99.50226688451585
Services,2021-04-15,"NEXT MEDICAL PRODUCTS, LLC",889095305685,45,101.73400987886224
Maintenance,2020-11-11,LM-Dental,810033836008,12,100.00489986688883
Services,2021-12-04,Greiner Bio-One GmbH,10886982227157,112,99.1182235521632
Sourcing,2020-04-02,"ERAD, INC.",4540778170872,117,102.48221563089396
Helpdesk,2021-07-20,AESTHETIC GROUP,4057532401931,125,100.88474079713605
Sourcing,2020-09-01,RP Medical Inc,10680651441796,111,99.66048093083816
ServiceCall,2020-04-04,"MPS MEDICAL, INC",8800000902920,33,101.73295858182591
Services,2021-08-07,Baxter Healthcare Corporation,8809288936801,76,99.63189295081139
IT,2021-05-13,"Micro-Tech (Nanjing) Co., Ltd.",10888439397291,129,100.5089910622089
Sourcing,2020-07-21,SRL Dental GmbH,H787107202020,86,100.51745054546791
Helpdesk,2021-09-19,"BELLUS MEDICAL, LLC",819917022803,12,100.79364992666054
Maintenance,2021-08-13,"IVENIX, INC.",889095200201,58,98.5860657842427
Support,2020-07-20,"GLYTEC, LLC",4251351113437,112,101.16117066179588
Helpdesk,2021-12-05,ALL DENTAL PRODX,H65810155610,78,96.09307726798549
Maintenance,2020-12-25,"FMD, LLC",10840199502049,77,98.95273562269786
Services,2021-02-24,"SOLVAY SPECIALTY POLYMERS USA, L.L.C.",887868070501,19,97.81583658728844
Maintenance,2021-01-22,"DRAEGER MEDICAL SYSTEMS, INC.",6945664858762,83,98.44021820232611
Maintenance,2022-01-12,DRTECH Corporation,190376079400,40,103.96626171636102
ServiceCall,2021-06-15,"ASAHI INTECC CO., LTD.",191072009487,145,101.70787601950578
Maintenance,2021-11-29,Bioresource Technology,190660202583,123,99.17519467641802
Services,2022-01-22,DYSIS MEDICAL LIMITED,850958007466,57,104.05749667687925
Sourcing,2020-05-10,"CORE LABS, LLC",745129233662,17,103.3850915519983
Maintenance,2020-08-01,"MEDICON CO., LTD",4038653837052,27,100.89732056973752
Support,2022-03-31,"MAXIM BIOMEDICAL, INC.",10888277747951,37,99.81749999402219
IT,2021-10-17,"PARKELL, INC.",9348215018276,121,96.77304836941985
Helpdesk,2021-05-11,Ai Whiterabbit Inc,36000682182,143,95.63489042814874
IT,2022-01-27,Merit Pharmaceutical,889024398801,116,99.6047250614396
Support,2021-06-14,Stihler Electronic GmbH,B0751000201500,30,100.76880337904284
Support,2022-03-15,PULPDENT CORPORATION,193082005916,79,104.32234184381889
ServiceCall,2020-04-08,Nuface,885556757024,34,99.63394178063662
ServiceCall,2021-03-18,"GENERAL HEARING INSTRUMENT, INC.",889024108820,23,105.60287842837695
Sourcing,2021-05-31,VOLCANO CORPORATION,9008737353469,104,101.33761278054072
Maintenance,2021-03-29,"Intelivation, LLC",J011883034180,58,100.66771541356559
Sourcing,2021-04-01,ADVANTAGE DENTAL PRODUCTS INC,7332747034677,114,100.66118647053975
Helpdesk,2020-06-08,"Zalinsky Ortho Parts, LLC",700812011774,107,100.1531462500249
IT,2020-09-23,SCOTT'S DENTAL SUPPLY L.L.C.,4048551200889,84,97.14112690378421
Support,2021-04-19,INTERVALVE INC,4059993364015,79,100.99709097000952
ServiceCall,2020-03-12,"BRACEMART,  LLC",8435331771329,77,100.4740937445157
Services,2021-12-23,ESPINER MEDICAL LIMITED,841132121047,33,98.23139523286257
Helpdesk,2021-08-05,"DB DIAGNOSTIC SYSTEMS, INC.",D00116986LT0631M0,97,100.19807375737128
Sourcing,2021-10-24,"DIAZYME LABORATORIES, INC.",812926027104,99,98.92999977063744
Helpdesk,2021-12-19,VALU MERCHANDISERS COMPANY,4038653155033,98,99.04325090657017
Helpdesk,2021-06-28,"MICHIGAN CRITICAL CARE CONSULTANTS, INC.",190730024213,62,98.98073703555643
IT,2021-07-05,SHANDONG HUGE DENTAL MATERIAL CORPORATION,817330023391,6,100.1080558545078
Helpdesk,2021-01-21,Vrad,EDDIG2330021,64,98.39112499066667
Services,2021-05-09,"Shenzhen Fitfaith Technology Co., Ltd",10888551034968,37,98.56802634673419
Support,2020-11-18,Abilia AB,700812001096,52,102.45452176940594
Sourcing,2022-03-23,3R - INDUSTRIA E COMERCIO EIRELI,10195594208684,60,102.86333584413545
Sourcing,2020-08-06,NFANT LABS LLC,8719616008592,10,101.86733500925567
Sourcing,2021-06-14,AIM LAB AUTOMATION TECHNOLOGIES PTY LTD,10889942369195,11,99.82538453769624
Support,2021-08-26,"WS FAR IR MEDICAL TECHNOLOGY CO., LTD.",190746172670,10,96.66815479714984
Sourcing,2021-07-09,"Shenzhen MedKe Technology Co., Ltd",10193489231588,107,101.74305740767214
Sourcing,2021-11-16,SENSIBLE MEDICAL INNOVATIONS LTD,816728020448,92,103.08860928403182
Helpdesk,2020-04-15,Cerebra Medical Ltd,18056099644969,86,98.1193096250813
IT,2020-04-24,WRIGHT HEALTH GROUP LIMITED,10885403048821,6,99.45900686745081
Sourcing,2021-10-12,"IPC, INC.",813132020569,121,98.83462109427758
Sourcing,2020-10-11,"Hangzhou AGS MedTech Co., Ltd.",D745701176COM03200,54,105.66751529679529
ServiceCall,2020-08-11,Vyaire GmbH,887517322395,28,101.81808775133946
Sourcing,2021-06-15,"HEADSTAR MEDICAL PRODUCTS CO., LTD.",EPOLREFQ1SC1,95,102.06935811844366
Sourcing,2022-01-25,"Laseroptek Co.,Ltd",851530007492,73,100.93208519774078
Services,2020-12-26,Hermes Medical Solutions AB,7613252310464,66,98.883718138862
Sourcing,2020-04-05,Reha Technology AG,193082111822,68,100.91228718050357
Maintenance,2022-01-20,SMC,844856072077,99,99.01080211751827
IT,2022-01-14,Center For Pain and Stress Research Ltd,4019702351538,90,97.02314883063842
ServiceCall,2020-06-19,"Dentall co.,Ltd.",844588004889,132,99.75755632785851
IT,2022-03-07,CANTERBURY SCIENTIFIC LIMITED,811478011111,138,97.76529328030708
Maintenance,2021-01-17,OVATION INTERNATIONAL,8806390828963,53,99.65793454729649
ServiceCall,2021-07-13,"SOURCE-RAY, INC.",10887587041322,136,100.91070250614797
Sourcing,2021-07-23,BEDS BY GEORGE,816576020638,100,102.21580227344232
Sourcing,2022-01-20,"STANLEY SECURITY SOLUTIONS, INC.",8800096901203,127,96.82440640771657
Sourcing,2021-09-26,RESMED MOTOR TECHNOLOGIES INC.,50885380047969,110,101.09439224348255
IT,2022-02-15,Servona GmbH,10193489062892,92,97.27336661695637
Helpdesk,2021-11-08,GOLDEN SMART HOME TECHNOLOGY CORP.,7332339210847,14,102.6353133175096
Support,2022-03-09,EKT LLC,10070907084011,116,101.85721680359639
ServiceCall,2022-01-22,Epica Medical Innovations LLC,190776016371,61,102.76687757672792
Services,2021-03-29,Varex Imaging Nederland B.V.,10351688712097,81,102.89370159551423
Sourcing,2021-05-19,HEALTHY.IO LTD,643169538573,129,101.07083821574969
Helpdesk,2022-04-01,CFS DENTAL INC,817650023798,47,101.2060839276586
IT,2021-03-25,MERIL LIFE SCIENCES PRIVATE LIMITED,886158017431,85,98.38294945834555
Sourcing,2020-07-15,"AP MEDESTHETICS, INC.",B030MO0013070,112,98.29077374723603
Maintenance,2020-06-21,"Shenzhen Leaflife Technology Co., Ltd.",10888439486704,53,98.62645377420509
Maintenance,2020-03-01,Dentatus AB,10652927235446,29,98.87117841809857
Helpdesk,2020-03-28,Batrik Medical Manufacturing Inc,10195594555757,121,102.06007337720422
ServiceCall,2022-04-04,"Advanced Med-Surg Concepts, Inc",685404001398,80,101.6130704262661
Maintenance,2021-06-18,RANFAC CORP.,887517998842,150,98.07159493169415
Support,2020-05-30,AIT Austrian Institute of Technology GmbH,20888277418520,73,101.89323650463284
Helpdesk,2021-11-29,B BRAUN SURGICAL SA,810033850660,128,102.91407338106163
Services,2020-07-12,"SUN SCIENTIFIC, INC.",10888439813944,101,96.96978500981946
Sourcing,2021-01-25,LODOX SYSTEMS (PTY) LTD,10889942529339,1,99.06386640711608
ServiceCall,2020-10-05,SKINSTITCH CORP.,10195594609757,131,101.079865347114
Helpdesk,2021-02-12,"FREEDOM LASER THERAPY, INC.",884465582451,72,96.37936297773174
Support,2020-04-05,"Airstrip Technologies, Inc.",841379122708,80,102.7073492148666
Support,2020-12-15,WESTERN SYSTEMS RESEARCH INC.,889024151949,9,101.06156166354705
Sourcing,2020-09-09,"ENDO-THERAPEUTICS, INC.",B112S03416NSR0,106,97.2970075705793
Sourcing,2020-04-20,LIOFILCHEM SRL,681490143615,45,101.7810653042917
Sourcing,2020-06-03,INDIUS MEDICAL TECHNOLOGIES PRIVATE LIMITED,5055788768562,19,99.24770298139511
Sourcing,2021-12-28,"I.C. MEDICAL, INC.",889024231474,130,99.9003856344378
Maintenance,2020-09-26,ENDOSYS HEALTHCARE INDIA PRIVATE LIMITED,887517553836,52,100.62184551585644
IT,2021-04-05,"W. T. FARLEY, INC.",4046445322365,98,97.79100043530782
Helpdesk,2020-12-11,"ICHOR VASCULAR, INC.",10193489470673,50,99.00470975432648
Services,2020-12-15,HDX WILL CORP.,4052536009237,140,101.17424672046714
ServiceCall,2020-08-11,LOTFANCY INC.,4046445526909,46,100.62359039353431
Helpdesk,2021-07-24,DEXIS LLC,845694026116,43,101.62300296526486
Maintenance,2021-09-23,THERMOPLASTIC COMFORT SYS,4057532144043,62,99.96906977219311
Sourcing,2022-04-09,NEWCLIP TECHNICS,B872TCT0041,92,101.47786977713335
Maintenance,2021-02-05,Toul Meditech AB,9348215011963,18,98.52766100631239
Sourcing,2020-11-18,Reapplix ApS,10888439091151,109,101.25739720177722
Sourcing,2022-01-04,Lernapharm (Loris) Inc,10381780505181,122,101.21849134086199
Sourcing,2021-03-28,"MINIMALLY INVASIVE DEVICES, INC.",D0015011670,129,98.0518648054146
Maintenance,2020-12-18,SMART SOLUTIONS TECHNOLOGIES SL,842326150287,91,98.76365804772378
Maintenance,2020-10-30,"SUNPENTOWN INTERNATIONAL, INC.",10886982300935,138,99.64513903885963
IT,2020-02-10,"WUXI YUSHOU MEDICAL APPLIANCES CO.,LTD.",840085229183,90,102.26337129907705
ServiceCall,2021-08-26,"NEUROSTRUCTURES, INC",10809160365205,110,99.02505636909689
IT,2020-05-18,"Allergan, Inc.",10887488936956,3,101.45679757788118
Sourcing,2021-12-23,"FIRST CALL, INC.",7899080369984,81,99.33815311500778
ServiceCall,2022-04-26,"Shenzhen Jumper Medical Equipment Co.,Ltd.",814584026888,25,94.81439279133744
Support,2021-12-08,"Cofoe Medical Technology Co.,Ltd",B09927009470,109,102.17657522202639
Helpdesk,2022-02-12,Nucletron B.V.,5056080500027,48,96.38430457313295
Sourcing,2020-11-18,"BIODERM, INC.",4038653996032,116,100.40899127112783
Support,2022-02-14,AIDI BIOMEDICAL LLC,885556748831,79,96.16651127181935
Services,2020-07-24,PRIMO INC,190746076848,79,102.61470100647821
Sourcing,2020-05-26,"TEC COM GmbH, Gesellschaft für Technik, Technologie und Vermarktung",887868047657,123,100.18226170240608
ServiceCall,2022-01-17,em-tec GmbH,4051526950948,44,101.38732292075618
Maintenance,2021-11-22,BIOGENEX LABORATORIES,841132121665,81,101.25928853002878
Support,2020-05-10,"SANDSTONE DIAGNOSTICS, INC.",4719872227496,122,100.50870009105597
Helpdesk,2021-05-28,BIOMEDICAL DATA SOLUTIONS LIMITED,889795001467,34,97.50070598411122
Maintenance,2020-04-05,MEDIC VISION - IMAGING SOLUTIONS LTD,EFOR87000310101,110,100.43459863265251
Sourcing,2021-10-25,"S-CONNECT CO.,LTD",749756765473,105,100.95907917071985
Maintenance,2021-02-15,"BLUE SPARK TECHNOLOGIES, INC.",846468060916,87,99.60115311899122
IT,2020-11-04,"MICROLINE SURGICAL, INC.",889095734461,121,99.82218202927632
Sourcing,2020-03-13,AEROGEN LIMITED,10381780020431,143,102.56002194805977
Services,2020-06-24,"Pinnacle Biologics, Inc.",10889942668601,26,95.73565982213994
Helpdesk,2022-01-02,Amico Clinical Solutions Corp,844685001583,89,103.1700230624447
Maintenance,2021-06-29,"AESCULAP IMPLANT SYSTEMS, LLC",10889942661480,148,102.30318844091825
Sourcing,2020-08-27,"NUSMILE, LTD.",887868264108,109,100.3786784409046
Support,2020-03-11,"PATTERSON MEDICAL SUPPLY, INC.",721902724756,86,100.92383222581974
Services,2020-05-16,"ACCESS VASCULAR, INC.",10888439110517,18,97.12550986380795
Services,2021-09-10,ROLENCE ENTERPRISE INC.,10886982061386,114,100.90854636983025
Sourcing,2022-02-19,shen zhen shi te ken dian zi you xian gong si,35664196103,149,99.3316347613874
Services,2020-03-18,Gc Orthodontics America Inc.,849044001013,62,102.14916638192268
Support,2022-02-05,"CALA HEALTH, INC.",10649111432118,3,101.5780496599235
ServiceCall,2021-08-02,Spectral Medical Inc,8800033832416,106,101.73805560252224
Helpdesk,2020-07-17,Consure Medical Private Limited,10351688771568,124,95.88490546957078
Sourcing,2020-03-06,INTERA ONCOLOGY INC.,10885632077067,148,100.78424267495198
Support,2022-01-03,Atrility Medical LLC,10887488722559,11,96.95031307622408
Support,2021-07-12,AMCREST INDUSTRIES LLC,15019517102932,115,101.03213103520721
IT,2022-04-30,"MEDI-PHYSICS, INC.",816734021323,7,101.39426181567445
Maintenance,2021-03-06,CMP INDUSTRIES LLC,4580786582465,5,101.06178927461569
Maintenance,2021-03-26,"ALLSOURCE SCREENING SOLUTIONS, LLC",840018619425,75,98.44809779055896
IT,2020-12-02,"OSTEOREMEDIES, LLC",885556766422,53,100.13566281423753
Helpdesk,2021-11-29,Ypsomed AG,8800036802935,38,97.87017873544924
Sourcing,2021-08-29,"ESSENTIAL MEDICAL, INC.",5056389605850,125,104.52731498869146
ServiceCall,2021-02-12,Z TECHNOLOGIES LLC,10889981279769,137,100.73255355985461
Sourcing,2021-04-28,"ATHENA GTX, INC.",10888857531154,29,100.04390703215296
Helpdesk,2020-07-18,NT-Trading GmbH & Co. KG,4546540384034,97,100.23791281941476
Support,2020-03-22,Emergency Medical Solutions LLC,812926022673,71,102.08508408069488
Sourcing,2021-11-02,Blush Novelties,8800039324052,149,98.47284357893359
Helpdesk,2020-06-05,PRIDE MOBILITY PRODUCTS CORPORATION,887517905444,26,95.9576139128081
Maintenance,2021-02-26,ELECTRONIQUE DU MAZET,8809708751038,103,99.4525817111728
Sourcing,2021-01-23,"POST MEDICAL, INC.",849233006201,65,100.49925703452229
Sourcing,2020-03-22,"VENOSCOPE, LLC",8800015955881,89,95.76690788243037
Services,2021-10-18,"FUJIFILM SONOSITE, INC.",5055715607605,70,100.41401769222767
IT,2020-08-19,"THERMOTEK, INC.",M695M2P2410810S0,119,103.21345773941867
Helpdesk,2020-07-31,LSO MEDICAL,4048551394762,106,101.04492638701431
ServiceCall,2021-02-01,invendo medical GmbH,613994762399,62,96.51431254432677
Sourcing,2021-01-17,BEMIS MANUFACTURING COMPANY,10705037012534,92,101.21646669114551
Support,2021-12-02,"KERMA MEDICAL PRODUCTS, INC.",781096550364,104,100.83226237335329
Sourcing,2021-06-02,"NULINE SENSORS, LLC",699753480827,78,98.56196817592208
Helpdesk,2021-02-09,IDS Ltd,D7701048423,77,95.84950230297328
Sourcing,2022-05-01,"MEDTRONIC XOMED, INC.",643169659193,103,99.61538339454803
IT,2021-09-08,A & E MEDICAL CORPORATION,10827002474786,23,103.15290062570439
Maintenance,2020-06-10,ATOS MEDICAL INC.,B236SAM7110,121,103.73727549892646
Support,2020-07-18,I M T,4719873120512,55,101.75223482923356
Services,2021-06-18,Medical Intelligence Medizintechnik GmbH,30014613333548,101,96.24866434950664
Services,2021-02-02,Signalitica Inc,4046445145674,120,99.4284991202763
Maintenance,2021-08-23,APPLE INC.,8800033899679,38,101.67580465733369
Sourcing,2021-02-17,PIXCELL MEDICAL TECHNOLOGIES LTD,840277108760,48,101.41511484127811
IT,2020-04-10,Axon Medical Inc,889095150346,135,96.80785852487934
Services,2021-01-16,"NOA MEDICAL INDUSTRIES, INC.",190776153861,54,104.60872263307263
Services,2021-09-20,Medical Disposables Corp,10885632030970,63,94.45802995573463
Sourcing,2020-03-24,Truecare Biomedix - USA,732094260144,139,99.75363457897961
Sourcing,2022-02-13,"LOHMAN TECHNOLOGIES, LLC",840286800167,42,101.17476946269375
Services,2020-10-08,Healthlink,B58208009940,123,100.91793131919279
ServiceCall,2021-10-08,Elekta Instrument AB,4026575318025,121,104.12327171564982
Sourcing,2020-10-17,Mode LLC,4048551357071,112,98.50590525005533
ServiceCall,2020-03-22,"ICHOR VASCULAR, INC.",20884392945286,50,97.46839497174564
Support,2022-01-22,CENTRON CORPORATION,20612479223695,140,100.1757167767142
Helpdesk,2020-03-02,BV Medical,883205106957,74,101.09647737468667
Sourcing,2020-01-25,PLANER LIMITED,10888857378995,134,100.56267549215015
Support,2021-04-21,"INVITROCARE, INCORPORATED",10889942584734,122,101.19804406488146
Support,2021-04-14,"DEFIBTECH, L.L.C.",7899080380835,26,101.99512903384947
ServiceCall,2020-09-18,"PHYSICIAN SOFTWARE SYSTEMS, LLC",814289020419,96,98.45159079649748
Support,2021-10-30,BRANDMAX INC.,809161305203,104,97.55484239117546
Helpdesk,2021-02-21,"DIVERSATEK HEALTHCARE, INC.",10809160020968,26,102.14130656875088
ServiceCall,2021-01-31,INNOVATIVE TRAUMA CARE INC,10705034562995,106,102.21002040780016
Support,2020-06-01,PEROUSE MEDICAL,887661477248,77,97.43120225247264
Services,2020-09-17,SUMITOMO BAKELITE COMPANY LIMITED,841731122124,4,100.01090370164466
IT,2022-04-23,Change Healthcare Canada Company,814584021357,41,101.96806553909627
Support,2022-02-23,"AURORA MANUFACTURING, LLC",763000185992,56,99.70948240338517
Helpdesk,2022-04-14,"STARMED CO.,LTD",6945664842488,148,100.66016615611468
Services,2020-08-19,Apex (Suzhou) Medical Products Company,10889981196974,85,101.36939578232133
Sourcing,2021-10-22,MY01 Inc,350770458991,141,98.82670645881373
Helpdesk,2022-01-05,DYN'R,840105202714,84,101.86715751660898
IT,2021-09-08,MOLTENO OPHTHALMIC LIMITED,643169363168,28,100.5152620270282
Helpdesk,2021-05-23,ETEKCITY CORPORATION,M68424217512001,110,99.82315836979286
Helpdesk,2021-07-20,"ICU MEDICAL, INC.",10888439942064,106,97.50620743007278
ServiceCall,2020-04-18,Health Line International Corporation,10889942798988,32,98.32267394378074
Maintenance,2020-08-31,MANATEC,4057532176556,108,100.04109983861896
Sourcing,2021-03-06,"Kinamed, Inc.",889095095111,139,97.27398203855226
Sourcing,2022-04-06,DRG International Inc,673693377201,98,96.6495195147412
Support,2020-03-22,PAN-AMERICA HYPERBARICS INC.,383790007351,51,101.1854407678333
Support,2020-11-02,"COGENTIX MEDICAL, INC.",EFOR77617010051,113,103.46343995182403
Support,2021-12-10,"DELSYS, INC.",10884521517400,108,99.70062299375746
Helpdesk,2020-09-15,"SHENZHEN LAUNCH ELECTRICAL CO., LTD",4059082022338,130,100.24649364632133
IT,2020-01-22,"MERCURY ENTERPRISES, INC.",M739CS06318,70,102.2349886537228
Helpdesk,2022-04-16,GLOBAL DIABETIC DISTRIBUTORS INC,816519020282,18,104.47277908555634
Sourcing,2020-04-07,"Koko, LLC",867878000422,26,102.96209906934489
ServiceCall,2020-08-27,"PHARMAJET, INC.",8059173391738,100,99.35705939066591
Support,2021-02-19,Eisenbacher Dentalwaren ED GmbH,10381780169970,24,100.40518161036925
ServiceCall,2021-04-01,OrthoCircle Spine,D798RHAU1925PS1,34,96.94994102040656
Sourcing,2022-04-20,ISOLUX LLC,840286827874,21,100.33093382608874
IT,2021-02-21,ASAHIKASEI MEDICAL MT K.K.,887868464133,18,98.7984804629218
Sourcing,2022-03-08,"DKT de México, S.A. de C.V.",10889942162086,46,99.59308411234171
ServiceCall,2020-10-01,CARDINAL SPINE LLC,8800044783417,76,101.38161312028572
Sourcing,2022-04-14,SAHURA INC.,5708296213436,116,104.3320031546661
Sourcing,2021-01-27,"GLOBALMEDIA GROUP, LLC",380652394611,147,100.51477504372208
Sourcing,2021-01-06,LEONI Fiber Optics GmbH,840277127822,140,97.45731252722098
Services,2020-12-09,"CERTA DOSE, INC.",880304271784,30,100.30722511206034
Sourcing,2020-02-24,PURESENSE PRODUCTS MEDIKAL URUNLERI ITHALAT IHRACAT LIMITED SIRKETI,840967192611,147,101.34832916704215
Sourcing,2022-03-16,FIVE STAR ORTHODONTIC LABORATORY & SUPPLY INC,J021110155011,96,101.46532313615825
Sourcing,2020-08-25,ATOS MEDICAL INC.,888867050488,148,99.88500609632997
Maintenance,2020-05-30,"APOLLO MEDICAL OPTICS, LTD.",190376391571,15,100.28883788100055
Sourcing,2021-08-31,Asclepion Laser Technologies GmbH,H6713100120,35,99.52337686694229
Sourcing,2021-08-03,"MICROSURGICAL TECHNOLOGY, INC.",D00116136UP2435M0,9,97.12381418072611
Maintenance,2020-07-12,pro3dure medical GmbH,4046955589463,122,98.93614731552825
Sourcing,2021-08-06,"MAXTEC, LLC",840606165327,4,103.00242069818778
Services,2021-01-21,"EMVERA TECHNOLOGIES, LLC",10889981130206,142,98.60966446892805
Helpdesk,2021-06-23,"CHONGQING XINFENG MEDICAL INSTRUMENTS CO., LTD.",4059993029112,81,100.39504338113673
Sourcing,2020-11-22,Christoph Miethke GmbH & Co. KG,4057532453107,47,99.6536495425575
Sourcing,2021-04-29,NATUS MEDICAL INCORPORATED,10889950068486,24,100.13350764163306
Maintenance,2020-08-26,"Rog Sports Medicine, Inc.",884465583076,35,97.19051272497062
Helpdesk,2022-01-20,AEGEA MEDICAL INC.,5019279457212,63,103.44754769977779
IT,2022-03-27,"NEURALYNX, INC.",889024123137,40,101.2007904277102
Support,2021-02-18,"KEY ELECTRONICS, INC.",613994866189,107,100.44551930934131
Maintenance,2021-07-24,ODONTIT S.A.,845699001606,24,99.99550134971712
Services,2021-10-07,Dermadry Laboratories Inc,193033367780,39,100.40499917471811
IT,2020-10-12,"INTOUCH TECHNOLOGIES, INC.",840286814157,132,98.83032332503008
Services,2020-04-28,WORK INCORPORATED,10887488623078,37,102.15410337170526
ServiceCall,2022-02-17,"SUNI MEDICAL IMAGING, INC.",10845854036709,16,99.66597895291156
Helpdesk,2021-03-22,"Pelstar, LLC",8800044793591,21,100.75403233852775
ServiceCall,2021-03-31,"Samsung Electronics Co., Ltd.",10351688789983,94,100.83414114215003
Sourcing,2020-07-09,"Be Bird Usa, Inc",885556075104,63,100.8258578486172
Sourcing,2020-08-26,NOTAL VISION LTD,889024637269,86,101.31097072339149
Support,2020-10-15,"PHILOSYS Co., Ltd",5056139207334,33,99.33489048079093
Sourcing,2021-05-02,AMPLIFON SPA,887517575548,132,96.72585995870715
IT,2021-03-19,"BIOCHECK, INC.",10801902156393,109,97.36059690799914
IT,2020-04-17,A.T.S. APPLICAZIONE TECNOLOGIE SPECIALI SRL,B267102015510900,115,100.15850316135402
Sourcing,2021-07-26,"TRANSENE COMPANY, INC.",8806364637461,38,102.12090237151332
IT,2020-06-07,"Orthoworld, L.L.C.",D877M51M6,115,101.0601430938007
Support,2021-11-05,Oscor Inc.,885556118092,25,96.85495264582113
Sourcing,2021-11-30,ANGIOSLIDE LTD,10351688768049,109,101.71293568797101
Services,2022-04-23,Abbott Diagnostics Technologies AS,8809547365922,61,101.74875258915594
ServiceCall,2020-10-12,SURE DENT CORPORATION,4543527202039,117,102.71585856253131
IT,2021-01-12,"CARDINAL HEALTH 200, LLC",4038653005864,15,98.53703252827098
Helpdesk,2020-08-19,OVATION INTERNATIONAL,889024272552,47,99.39620867641922
Helpdesk,2020-09-12,"Elite Medtek (Jiangsu) Co., Ltd.",10888439744262,100,100.34215640593504
Services,2020-09-15,"Shenzhen Vistar Medical Supplies Co.,Ltd.",4046955169368,114,99.21301960621669
Services,2021-12-04,Amann Girrbach AG,EFORO740G05031,71,101.86488683481626
Maintenance,2021-06-25,ADAS3D MEDICAL S.L.,5413206223640,5,94.57796862570007
ServiceCall,2022-02-21,TEXAS EYE PROSTHETICS LLC,887517626776,76,94.4594069088122
ServiceCall,2021-01-26,"ALPHATEC SPINE, INC.",10809160352595,49,99.35140655961142
Helpdesk,2021-06-27,X-HALTATION LIMITED,7613153160250,35,99.39987439481612
IT,2020-03-24,VEVAZZ LLC,885556067789,83,99.00585564381507
Sourcing,2020-09-06,"DEPUY ORTHOPAEDICS, INC.",15019315081323,67,103.68857982036795
Services,2020-12-03,"EMERGE MEDICAL, INC.",5056389601371,45,98.55440681094808
ServiceCall,2022-02-26,REDAX SPA,855421005581,79,97.53551956689618
Sourcing,2021-10-23,"Trivascular, Inc.",845694061407,84,100.01652259650177
ServiceCall,2021-03-30,SUNOPTIC TECHNOLOGIES LLC,7630040733687,2,100.73300904950555
Maintenance,2021-08-26,ADVANCED STERILIZATION PRODUCTS SERVICES INC.,880304206922,100,101.97852040085877
ServiceCall,2022-01-23,PATHRIGHT MEDICAL INC.,5708296140985,140,102.36732049260998
IT,2020-03-23,CRUXELL Corp,889095721768,54,100.75059868421363
Sourcing,2021-05-17,I.V.T. MEDICAL LTD,888480141761,95,99.7765470090528
Helpdesk,2020-02-19,"BRAEMAR MANUFACTURING, LLC",10193489696172,67,97.76489123604824
Support,2022-02-06,LABORATOIRES URGO,20705032006290,129,103.63507236193509
Sourcing,2020-12-11,"NEMARIS, INC",9321502021661,3,98.23519059272131
Helpdesk,2021-12-24,HYPER PHOTONICS SRL,190376345680,119,100.08351623608381
ServiceCall,2020-12-12,KLS-Martin L.P.,10193489772357,59,100.52828511248741
Sourcing,2022-03-28,Contura International A/S,880304485402,123,100.80642546042503
Sourcing,2021-01-15,ABBOTT DIABETES CARE INC,10888439926453,118,98.1984056797335
Helpdesk,2020-02-23,"COLGATE ORAL PHARMACEUTICALS, INC.",8806388238613,107,101.53156845580874
IT,2021-11-19,LABORATOIRES URGO,4546540684790,104,97.984248934358
Services,2020-02-12,VISUS Health IT GmbH,4046445177415,9,100.03527275835708
Sourcing,2020-09-26,"LIDL US, LLC",885556620373,123,100.6383433500965
Services,2021-09-15,"RENU MEDICAL, INC",10809160327203,76,99.87986173235844
Maintenance,2021-06-05,Lifehealth,8426950724476,77,100.53209806052084
Services,2020-05-03,NOVATECH,10190752125346,133,98.85981887149906
Services,2021-10-03,"STERICYCLE, INC.",4046963416850,80,98.69699928712346
Services,2021-09-06,Gimmi GmbH,887517197689,65,102.08163394247198
Support,2020-04-11,RAULAND-BORG CORPORATION,B25003,49,99.36040969501566
IT,2020-03-17,Brainreader ApS,8800048413945,134,100.83100615641578
Sourcing,2020-12-14,"FIRST QUALITY HYGIENIC, INC.",10886982073334,37,102.0151114495467
ServiceCall,2022-04-07,"Plasmapp Co.,Ltd.",814356024463,106,98.66629773765591
Support,2020-08-16,Lockdown Medical Ltd,10381780452010,29,101.17764056535881
Maintenance,2021-04-11,"Csa Medical, Inc.",4547410080797,116,99.87012332123605
ServiceCall,2020-07-08,MADALU' SRL,10190752147218,132,102.90742563125042
Services,2022-02-01,"Shenzhen SINO-K Medical Technology Co.,Ltd",10884521034198,63,100.00991549815677
Services,2021-01-05,"SCION MEDICAL TECHOLOGIES, LLC",10193489458473,29,97.85203486865313
Services,2020-10-11,DATA INNOVATIONS LLC,4061644041565,17,104.18825414253438
IT,2021-04-12,PIKDARESOCIETA' PER AZIONI,4046955209996,31,101.87450447816688
Sourcing,2022-03-11,"Athelas, Inc.",5707131257963,69,97.48488032638049
Maintenance,2021-10-19,ANHUI HONGYU WUZHOU MEDICAL MANUFACTURER CO LTD,10809160253540,111,100.94686023465395
Services,2020-02-19,"Foshan Wenjian Medical Instrument Co., Ltd.",J011831606000,46,102.0418718099941
IT,2020-07-08,WITTENSTEIN intens GmbH,10887488651590,126,100.85051565098854
Helpdesk,2020-08-10,"Shenzhen Kaiyan Medical Equipment Co,. Ltd",842326118294,2,98.81486817042996
Maintenance,2020-08-30,"ACCESS VASCULAR, INC.",8800033807193,97,99.64496258180264
Sourcing,2020-02-11,HEARTSINE TECHNOLOGIES LTD,848657057363,101,99.3424187652079
Support,2022-03-21,IT-V Medizintechnik GmbH,10889942364527,42,99.9171830281538
ServiceCall,2021-11-02,"Blake Manufacturing, Inc.",18257200012503,2,100.92466984912564
Sourcing,2021-03-01,Varex Imaging Nederland B.V.,191072045331,91,101.90419632379906
IT,2020-12-30,"MEDSTRAT, INC.",18257200115396,54,98.74539939832387
Sourcing,2020-01-28,"Health Care Massage Branch of Zhangzhou Easepal Industrial Co., Ltd.",7613327397680,36,97.92731822097753
Maintenance,2022-04-01,PERKINELMER SINGAPORE PTE. LTD.,10603295515760,144,98.74234989609822
Maintenance,2020-09-01,Southern Spine LLC,888480561545,39,101.88607897941132
Maintenance,2021-04-08,"DIOPSYS, INC.",M7391911034140,142,100.85534523599536
Maintenance,2022-04-29,Reapplix ApS,847536001893,22,97.95541052748204
Sourcing,2021-11-12,NEPTUNE MEDICAL INC.,190660039103,16,101.28751108415267
Helpdesk,2020-10-28,"AMERITEK, INC.",8800044713797,61,96.87085955638949
ServiceCall,2020-07-17,MULTIGON INDUSTRIES INC,8800015907187,67,102.08292407886213
IT,2020-10-21,Tyber Medical LLC,E1996727011,76,99.97735994100054
Maintenance,2021-06-15,Monaghan Medical Corporation,M68111060285400,15,100.3646023540007
Support,2020-01-13,"DR.JAPAN CO., LTD.",4058935000516,89,103.20063187630284
Sourcing,2020-01-03,"CARTIVA, INC",10886982114693,141,100.09216877953529
Support,2020-05-25,Jeg & Sons Inc.,M697X06007721,101,99.75119565669766
IT,2020-01-22,FORMATK SYSTEMS LTD,4046445893353,126,102.86318457047284
IT,2020-01-28,"Dakewe (Shenzhen) Medical Equipment Co., Ltd.",4046964072796,57,101.87898755705412
Support,2020-06-19,3shape Medical A/S,10381780246404,91,99.7637638574378
Support,2020-04-17,HEALTHY.IO LTD,7613327100105,140,100.7632171265901
Maintenance,2021-04-11,"Sientra, Inc.",4046826114091,108,101.03297408832954
Support,2020-03-21,"CYALUME TECHNOLOGIES, INC.",M7819180801,44,101.44738730777362
Maintenance,2020-03-17,"Ningbo Ming Sing Optical R & D Co., Ltd.",190376332529,58,101.61480574891476
Helpdesk,2020-11-24,invendo medical GmbH,10649111321078,58,99.55840333814723
Sourcing,2021-01-04,NT-Trading GmbH & Co. KG,8806373876288,131,97.67034217032304
Sourcing,2021-04-29,CHIKAMI MILTEC INC.,840096406269,41,98.33436107318649
Sourcing,2020-10-19,Ultimate Dental,5060267130402,93,100.11149266269909
IT,2021-06-09,Tec Com Medizintechnik GmbH,10885403238512,48,100.52709516578906
Maintenance,2021-08-07,OXYLESS LIMITED,4046964315176,135,99.52686541961815
Services,2021-01-20,BAXALTA US INC.,8033477057866,26,102.26280731168606
ServiceCall,2020-12-30,HEALTH CONNECTOR LLC,822409011155,27,101.31523541435914
Maintenance,2021-11-27,Bioncise,M684APA016701,5,101.5332129946869
Helpdesk,2021-08-08,Bühlmann Laboratories AG,B6788224190,66,102.1430216496829
Sourcing,2020-08-16,DE GOTZEN SRL,889795048721,109,100.05868898789346
Sourcing,2022-01-18,Emovi Inc,840967164311,1,99.97894267353031
Sourcing,2020-02-11,iRay Korea Limited,8591285637460,27,97.74336961147213
IT,2021-01-14,"KYOCERA MEDICAL TECHNOLOGIES, INC.",8800023113341,126,97.78766952363286
Sourcing,2020-11-28,"KOBOLD, LLC",766054001829,47,101.24371915607536
Maintenance,2021-01-15,NOTAL VISION LTD,EFOR737L07421,113,103.06035550299033
Helpdesk,2022-02-13,SPECIALITY WATER TECHNOLOGY,M676QD8101YF,115,101.22836544589205
Helpdesk,2021-02-23,EUROSETS SRL,5714464049592,46,98.833083052215
Sourcing,2020-07-31,FGX INTERNATIONAL INC.,8800023117554,59,100.53135922550928
Maintenance,2020-09-11,"BIOINTELLISENSE, INC.",810019800245,15,95.82534358091368
IT,2022-01-22,"AFFINITY MEDICAL TECHNOLOGIES, LLC",10888439889703,46,96.13640484660456
Helpdesk,2022-04-30,"CORINDUS, INC.",E0HM510880P3140161,60,100.66205842135167
Sourcing,2021-10-15,Byflo Products Inc.,10888857004825,33,98.03251910481373
Services,2020-05-20,DIGIRAD CORPORATION,10806378040016,122,101.39072231282208
Support,2022-01-12,"A1 SURGICAL SUPPLIES, LLC",8800044764928,11,97.20451438383103
ServiceCall,2020-05-17,"COMPLETE MEDICAL SUPPLIES, INC.",8806169124050,81,100.47945006684769
Sourcing,2021-01-10,"MISONIX, INC.",DIVO5051151,109,100.82517056946064
Support,2022-02-04,ATLAS MEDICAL PRODUCTS LLC,10888439033670,130,99.2588284127191
Sourcing,2021-11-03,REHRIG PACIFIC COMPANY,10887488224169,137,101.56365315706876
Maintenance,2022-03-15,"TMJ Solutions, Inc.",10193489496178,116,101.44502482345955
Sourcing,2020-12-27,NALGE NUNC INTERNATIONAL CORPORATION,10885380072505,91,97.70678707652878
Sourcing,2020-06-25,QUIDEL CARDIOVASCULAR INC.,889024066656,141,100.45375635789217
Sourcing,2021-09-03,CITY TECHNOLOGY LIMITED,840085227363,98,100.60316080558762
Sourcing,2021-09-06,Tecomet,10889942377145,64,100.4511435002838
Sourcing,2020-01-21,DPM USA CORP,634782096519,147,100.6306770810321
Maintenance,2020-06-02,"CARILEX MEDICAL, INC.",7613327325898,106,99.12749852149288
Sourcing,2021-11-09,Dornier MedTech Systems GmbH,885556600641,130,98.78583253644503
Sourcing,2021-10-25,Dental Wings GmbH,840996142168,125,100.01716636375951
Support,2020-06-11,"IMPACT PRODUCTS, LLC",4054896044323,92,96.80481754936056
Maintenance,2020-06-10,Elekta Instrument AB,7899080317800,35,100.8905534264863
Sourcing,2020-10-21,Ellis Instruments Inc,10817122020338,103,102.61740788851966
IT,2020-06-04,"LIFESIGNALS, INC.",840828184274,95,104.61873658514223
Helpdesk,2022-04-29,"R-MED, INC.",763000264178,147,99.9963274240438
Maintenance,2021-06-08,Envisiontec GmbH,193033120309,83,99.48466816025292
IT,2020-10-15,REHRIG PACIFIC COMPANY,884838082298,17,101.35100202936701
Services,2021-08-09,LIFE RECOVERY SYSTEMS HD LLC,887517779953,97,101.07454210971419
Support,2021-05-27,Conavi Medical Inc,889024313248,7,101.6128145351589
Services,2021-02-17,"SILEX MEDICAL, LLC",840828178464,25,99.75372463430244
Services,2021-10-31,Lenstec Barbados Inc,H965PK193811S0,77,98.30393532689878
Support,2021-09-05,TECNO INSTRUMENTS (PVT) LTD,842048125983,28,102.47018004114676
ServiceCall,2021-01-29,"Nuvera Medical, Inc.",10888439538779,23,99.64674788262099
Maintenance,2021-07-18,WESTRIDGE LABORATORIES INCORPORATED,4042409238673,134,102.31543709928889
Maintenance,2022-03-06,Spencer Technologies,840481106729,68,98.15896056104069
Sourcing,2021-03-14,AALBA DENT INC.,815362027301,91,98.48266842610516
Sourcing,2021-04-09,"HEARING LAB TECHNOLOGY, LLC",382903406906,30,102.09792013626632
Sourcing,2020-06-05,ImageWorks,10885632039386,29,100.26170676352461
Sourcing,2021-02-01,Urologix LLC,190707049270,32,98.34835736423341
IT,2022-03-23,"COOPERVISION, INC.",888118107305,150,100.62914524371169
ServiceCall,2020-02-07,"SYNERGEYES, INC.",10381780147275,148,101.30741252126008
Sourcing,2022-03-17,Chongqing Bio NewVision Medical Equipment Ltd.,4719873692866,123,100.78418838276451
IT,2021-09-22,WITTENSTEIN intens GmbH,10809160084854,92,101.96164228171696
Sourcing,2020-04-14,"CONFIRM BIOSCIENCES, INC.",889095788792,30,100.700080534973
Services,2020-12-30,AMERICAN ORTHODONTICS CORPORATION,B07320CAN32050,52,99.85980226419044
Sourcing,2020-07-06,"Zhejiang Chuangxiang Medical Technology Co., LTD.",840019930611,45,100.62583741306563
ServiceCall,2020-07-16,"Theradome, Inc.",B382SD707090,147,99.2187107204425
Helpdesk,2021-12-22,Safetyfix Medical Technologies,840916138653,108,103.1656885557601
Maintenance,2022-01-04,"VAPOTHERM, INC.",840606153386,92,99.2764612876813
Services,2020-04-22,"AMITY HOLDINGS, LLC",894743001789,51,102.71547873069294
Helpdesk,2021-02-22,Novus Scientific AB,4046963189808,31,100.73822009697723
Helpdesk,2020-10-17,"Shenzhen Kingyield Technology Co., Ltd.",D7091993658,15,98.93333080652671
Sourcing,2021-12-13,"ANZAI MEDICAL CO., LTD.",843210134123,45,99.97253449392417
Sourcing,2021-04-09,"Sweetbio, Inc.",888515263093,145,100.72404808902229
Sourcing,2021-05-01,"COGENTIX MEDICAL, INC.",607567211735,117,99.57251227575634
IT,2022-01-23,"EV3, INC",886020011147,87,99.16802844555009
Sourcing,2021-03-10,"MYOCARDIAL SOLUTIONS, INC.",8714729814993,60,98.94600813429743
ServiceCall,2020-01-25,Philips Medical Systems DMC GmbH,3596010476630,113,97.19063483801226
ServiceCall,2020-12-27,COMMWELL RESEARCH & DEVELOPMENT LTD.,5704819226747,147,97.02269146886394
Sourcing,2021-06-08,Taub Products,24026704714890,67,100.92339797794853
ServiceCall,2022-01-16,HEARTSINE TECHNOLOGIES LTD,841737103042,69,96.1181864020151
IT,2020-05-16,ORMCO CORPORATION,M697X03413321,2,99.8075498557294
Maintenance,2020-11-22,A & D Medical,5706069914795,85,98.39658289730735
Maintenance,2020-02-09,OBERON GmbH Fiber Technologies,889024023727,147,98.93765447420196
ServiceCall,2020-08-13,Olive Healthcare Inc.,M93071312032C0,138,103.24272433269266
IT,2021-10-06,HEPRO.US INC.,10705034192239,17,103.15469137216598
Helpdesk,2020-01-16,SOLINAS MEDICAL INC.,15019517059151,1,100.51966986624964
Sourcing,2020-01-12,Bio Medical Innovations,8800057212003,70,96.1723852940156
ServiceCall,2020-03-07,Envoy Medical Corporation,10809160007136,133,98.71610575616151
Helpdesk,2020-04-11,"MARREK, INC.",842326157125,119,101.125339854426
Sourcing,2020-11-09,"TRANSMEDICS, INC.",D661R881TC016FG1,92,98.49623122318334
Helpdesk,2020-01-06,"THERMOMEDICS, INC.",3596010602862,17,98.47436268091366
Helpdesk,2021-01-14,IMT Analytics AG,10888439969535,78,100.60404579574471
Helpdesk,2020-10-01,CYGNUS MEDICAL L.L.C.,10195594568504,83,99.87659634728391
Services,2021-09-13,Scriphessco,8054301891593,63,99.58370729359528
IT,2021-03-21,SONY CORPORATION,10888857217379,142,97.0367057459886
Services,2021-02-12,"Vestibular First, LLC",83208400537,69,101.87948769511594
Support,2020-07-05,PLATINUM EXPORTS PTY LTD,190361019916,144,100.0816561424487
Sourcing,2021-03-12,Virox Technologies Inc,10885632117664,107,101.23751575950158
IT,2022-04-24,Medartis AG,90817266020528,88,97.89271387181942
Support,2020-12-29,BBig B.V.,20705032020043,91,101.90286876753058
Sourcing,2020-08-01,"APOLLON Co., Ltd.",889024040854,121,102.35316943780123
IT,2022-03-21,CELL MARQUE CORPORATION,677964074042,45,98.86855296448898
Maintenance,2021-04-17,"Chongqing Yeasn Science & Technology Co.,Ltd.",10351688722812,38,101.84655548386957
Sourcing,2021-02-18,ORTHOPEDIATRICS CORP.,844856094451,87,98.42521424263367
Sourcing,2022-04-20,"Flynt/Amtex, Inc.",801902072832,72,97.67227008649827
Sourcing,2022-03-18,"STINGRAY SURGICAL PRODUCTS, LLC",812926021102,90,94.09087075014364
Sourcing,2021-07-15,"MEDICAL SHIPMENT, LLC",10885672104921,104,96.59919095422649
Helpdesk,2020-03-19,"SOURCE-RAY, INC.",B014FPS3516,49,94.7363213954401
Helpdesk,2021-02-15,BRYDAN MEDICAL HOLDINGS,810045920542,64,102.1726046635305
IT,2020-08-04,CAROLINA LIQUID CHEMISTRIES CORPORATION,190376102702,145,97.31084676811349
Maintenance,2021-05-01,"Motex Healthcare(Anhui)Co.,Ltd.",10885403010675,147,100.84301022086042
ServiceCall,2021-12-13,"PERMOBIL, INC.",841365109898,69,101.30527163073361
Maintenance,2021-03-01,"Zoll Circulation, Inc.",10809160315118,52,97.30324987686
Support,2021-01-13,LISA Laser Products GmbH,10889942663798,104,100.01235798126643
ServiceCall,2022-01-02,Philips Medical Systems Hsg,8719616001357,43,102.81121573391408
IT,2020-03-15,MAYTEX CORPORATION,842331109430,94,100.00085089630328
ServiceCall,2021-01-26,OCUMETRICS INC,889024119475,75,101.33372026239074
Sourcing,2020-12-26,FERTILIGENT LTD,ESUM782182SGS0,49,98.4410471758498
Services,2022-02-09,"GARRISON DENTAL SOLUTIONS, L.L.C.",EFOR73815010101,146,102.15900402286518
Sourcing,2020-02-02,ADAPTA MEDICAL INC,10193489938494,9,101.39493954589112
Sourcing,2021-02-20,"SHIELD-LINE, LLC",841193112749,4,98.9858158218671
IT,2021-05-26,"Forge Medical, Inc.",4250435504222,47,99.53689360201241
Maintenance,2021-05-31,DAS Medical International SRL,6945664811514,71,102.17801614745578
Services,2020-08-08,"PURACATH MEDICAL, INC",5060110520329,9,102.42687817346793
Sourcing,2021-02-19,NORTHGATE TECHNOLOGIES INC.,889858608534,149,102.40637696036184
Maintenance,2020-01-20,OPHTHALMED LLC,M746SIECR3500,112,99.72879596594206
Sourcing,2021-08-20,"VM CARDIO VASCULAR, INC.",10195594114848,31,96.57185230230681
Maintenance,2021-09-30,NONAGON LTD,4560218662071,20,102.77705114168668
Services,2021-04-10,U.S. HEALTH EXPRESS CORP.,722066003695,57,102.05199622829126
Services,2021-02-03,BIOPROTECH INC.,20653405987052,65,100.78525847308542
Sourcing,2021-01-23,MedSkin Solutions Dr. Suwelack AG,10887488583167,15,98.48732743757432
Services,2021-04-02,CONTAMAC HOLDINGS LIMITED,10809160033715,129,104.49209564946166
Support,2021-04-15,"GFA Production (Xiamen) Co., Ltd.",606959031678,65,102.2499949771064
Support,2020-10-14,"Certified Safety Manufacturing, Inc.",10194717113683,61,100.93848082748883
Maintenance,2021-11-22,CORE SCIENTIFIC CREATIONS LTD,650551034315,142,101.27022342360586
Maintenance,2021-04-29,"CYALUME TECHNOLOGIES, INC.",848340001260,112,100.88214621348968
ServiceCall,2022-01-09,CARBOFIX ORTHOPEDICS LTD,8806388215683,8,99.87976649272514
Helpdesk,2022-02-20,"GE MEDICAL SYSTEMS, INC.",845533000833,21,100.4947306089227
Support,2021-01-27,Söring GmbH,4046963806507,62,99.64149830933688
Helpdesk,2022-04-30,"PASCAL COMPANY, INC.",8800113302235,15,99.72961973049682
Maintenance,2020-12-02,ENDOAID LTD,J011252618200,97,102.30675232825457
Sourcing,2022-04-08,"FITBIT, INC.",8714729305255,81,98.9058090174059
Maintenance,2020-11-25,Nanohive Medical LLC,889095356281,70,100.74359835655956
ServiceCall,2021-04-11,Medela AG,190776200374,75,99.41987493628176
Helpdesk,2021-06-23,AERIN MEDICAL INC.,H65857028095,134,99.55610121279865
Support,2020-04-09,IMPLANTS INTERNATIONAL LTD,10888439134520,122,100.61222190607458
Helpdesk,2021-03-20,DEPUY INTERNATIONAL LTD,841379144557,127,98.78762725541456
Sourcing,2021-07-18,EAGLE SPRINGS ENTERPRISES LLC,D6620708397532,93,100.50232127217453
Maintenance,2020-10-27,"BUNNELL, INCORPORATED",613994008893,10,103.19150396970318
ServiceCall,2021-07-03,SIGVARIS INC,842166108806,138,99.15411160549174
Support,2020-05-18,MEDISO Kft.,192029042304,60,97.93535026707572
Sourcing,2021-02-01,"Henan Zhende Medical Products Co., Ltd.",10351688782502,48,100.86086163867327
Sourcing,2022-01-05,"FAXITRON BIOPTICS, LLC",190776142223,44,101.74662802301437
Helpdesk,2021-06-09,LAMBDA SPA,10889950117412,37,99.22215955043752
IT,2020-01-20,"Gambro Renal Products, S.A. de C.V.",M735A5A24001,110,103.03220104362272
IT,2021-06-23,"Alterg, Inc.",884465577204,68,97.13582998032773
Sourcing,2021-08-25,"FREEDOM MEDICAL, INC.",B331EZL1087,87,100.71389037212256
Sourcing,2020-12-29,"RESOURCE OPTIMIZATION & INNOVATION, L.L.C.",840420124173,135,100.29960891528309
Helpdesk,2020-04-25,"Beijing Superlaser Technology Co., Ltd.",EBES04391R0,6,102.59574370174616
Sourcing,2020-03-18,ABBVIE INC.,4046964245015,137,100.29503641032329
ServiceCall,2021-03-01,HILL LABORATORIES CO.,10888439215816,146,99.58420351600836
ServiceCall,2020-06-30,"Wenzhou Renhua Instruments Co.,Ltd",890477000098,83,99.62388679595591
Sourcing,2022-03-22,Meridian Medical,10889981031206,103,101.01826860924643
Maintenance,2020-09-26,GALT MEDICAL CORP.,10888277779792,20,100.72996234909878
IT,2022-01-22,"MEDEFIL, INC.",6009880396337,102,103.08535990355455
IT,2020-11-08,"FIRST QUALITY HYGIENIC, INC.",10652927401995,102,100.54172680586733
Services,2020-02-18,"Sanuwave, Inc.",889813036778,20,99.97735050180906
Services,2021-08-18,PHC CORPORATION,880304501249,65,97.0366383499445
Sourcing,2020-05-22,KA Imaging Inc,10887488323107,29,103.74854668204777
Support,2021-05-31,ATOS MEDICAL INC.,4046964185403,150,104.01261549136046
IT,2022-04-09,CRYSTALVUE MEDICAL CORPORATION,650551111757,128,96.56623364960274
Helpdesk,2020-10-14,ALMA LASERS LTD.,7899893203109,82,96.75061783680376
Sourcing,2021-09-17,IB Lab GmbH,3662663002233,128,101.42633209955098
Sourcing,2020-07-10,180 INNOVATIONS LLC,8800056255117,113,99.44554516991656
ServiceCall,2021-08-28,HAAG-STREIT UK LIMITED,801902083883,117,96.55782693921074
Services,2020-07-06,IB Lab GmbH,6945060501026,31,97.45822159378152
Services,2021-04-02,BIOSPHERE MEDICAL,14048223018450,4,97.26730005553652
IT,2020-04-17,"Epien Medical, Inc.",817329024514,84,99.69795971239554
Support,2020-02-26,NOVASTEP,887868248504,34,102.06565552859628
Sourcing,2020-10-17,Philips Digital Mammography Sweden AB,8800046944809,71,98.57737744042775
IT,2020-10-07,"ADVANCED INSTRUMENTATION FOR MEDICINE,INC.",DIVO5773771,89,99.88038634407124
IT,2020-07-18,iRay Technology Taicang Ltd.,815588022838,142,98.22086327253007
Services,2022-04-12,"UTAH MEDICAL PRODUCTS, INC.",190776026684,116,103.16061905781508
Sourcing,2021-06-04,WESTCLIFF MEDICAL PRODUCTS,190837033026,120,99.63305206879646
Maintenance,2022-02-21,"Meinntech Co., Ltd.",4019702250510,72,100.6808105943409
ServiceCall,2020-11-18,NATURALENA BRANDS INC.,10652927670223,48,99.87871720995338
Helpdesk,2020-08-05,"XODUS MEDICAL, INC.",D745701182BZE01270,27,101.83343049724517
ServiceCall,2020-03-09,"BURLINGTON MEDICAL, LLC",842318177766,54,100.9414962432879
Helpdesk,2021-07-22,"META SYSTEMS CO., LTD.",190746012815,14,96.86750140786134
Sourcing,2022-02-26,"ARRINEX, INC.",643169481213,6,99.55756443296885
Sourcing,2020-01-24,Oehm und Rehbein GmbH,10888439664409,105,99.33776305780333
Sourcing,2020-04-18,XANACARE TECHNOLOGIES,8719616015231,65,103.40758113071135
Maintenance,2020-02-29,"ADVANCE MEDICAL DESIGNS, INC.",4046963555139,63,96.78490113383097
Sourcing,2020-09-17,EPSILON IMAGING,613994393593,91,99.86996784950219
Sourcing,2020-01-29,"SHENZHEN LAUNCH ELECTRICAL CO., LTD",M52518250000,67,98.00014517575285
Services,2020-05-26,JADA MEDICAL LLC,10887488447827,45,100.05758767007191
Support,2021-08-19,"Golden Stapler Surgical Co.,Ltd",8800053038171,84,103.07289367236058
Maintenance,2021-02-12,Abbott Ireland Diagnostics,193033167199,90,100.73414651426421
Maintenance,2020-10-07,BURTON MEDICAL PRODUCTS CORPORATION,10809160072493,109,101.96491345586759
Sourcing,2022-01-30,DENALI CORPORATION,10888439499940,20,102.38404113996606
Sourcing,2020-12-17,"Steris Mexico, S. de R.L. de C.V.",191083026275,135,100.310959379541
Maintenance,2020-04-10,VASOINNOVATIONS INC.,8903993367094,148,99.989137606057
Services,2020-03-11,humediQ global GmbH,4046964792229,138,96.6042595235042
Helpdesk,2020-08-02,Cook Vandergrift Inc.,889858618502,120,99.68086941943588
Helpdesk,2022-02-25,"GLOOKO, INC.",840420112637,126,97.96485921200585
Helpdesk,2021-07-29,"DXNOW, INC.",888867025226,59,100.84056555873894
Services,2022-03-21,Scopis GmbH,8800024910949,76,98.71887470537283
IT,2021-01-14,"Shanghai Chenguang Medical Technologies Co., Ltd",353045000628,71,101.37794672682136
Helpdesk,2020-01-29,"WONDFO USA CO., LTD.",15420045509849,73,98.78146989728367
Sourcing,2021-05-26,Widex A/S,821925023628,75,101.0571480314502
ServiceCall,2021-11-23,BIOMARIN PHARMACEUTICAL INC.,855956008637,64,102.58521438797105
Helpdesk,2022-04-13,"Alterg, Inc.",M3848157411,53,98.38489510433145
Sourcing,2020-09-21,"GOJJI, INC.",749915002913,12,97.70326240124471
ServiceCall,2020-03-26,AMAZROCK PTE. LTD.,10652927320500,119,97.0836203683644
Sourcing,2021-09-07,CAMBRIDGE INTERVENTIONAL LLC,5708296077236,131,96.4945645130125
Sourcing,2020-07-06,"NOWDIAGNOSTICS, INC.",B036100274,113,98.2118958084452
Maintenance,2021-02-05,Optomed Oy,92265919036,83,102.69678247807578
IT,2022-03-09,SUN NUCLEAR CORP.,889929007938,22,98.6586984321966
Maintenance,2020-04-23,"CONSENSUS ORTHOPEDICS, INC.",8717648206962,136,104.47957803768769
Helpdesk,2022-03-23,"BURLINGTON MEDICAL, LLC",889095346343,53,99.08264685514517
Sourcing,2022-02-11,ENDOCONTROL,7898325996909,18,101.36881072232296
Helpdesk,2020-03-19,"GLOBUS MEDICAL, INC.",810045516431,18,99.56180817789692
Helpdesk,2020-12-29,TITRONICS RESEARCH & DEVELOPMENT COMPANY,8800038036192,62,100.77066354909792
Support,2020-12-10,"ONEBLOOD, INC.",850005066309,44,100.33257039766247
Services,2021-08-11,Intermetro Industries Corporation,817655021584,36,93.90602671198695
Services,2021-03-09,TRANS AORTIC MEDICAL INC,887868062902,19,102.03682767347462
ServiceCall,2020-09-07,Diagam,841036143671,143,99.40017908717856
Sourcing,2022-02-01,"3A Medical Products Co.,Ltd",8806387897439,73,98.12251475681735
Maintenance,2020-11-19,"HAAG-STREIT USA, INC.",M69601IM520,125,96.19869901299373
IT,2022-04-09,MUMEASE LLC,B502BSB62830,57,98.51439303961726
Maintenance,2021-09-23,Dolphin Imaging MGT Solutions,190660168872,119,100.91532606854854
Sourcing,2022-04-14,"POINTE SCIENTIFIC, INC.",89518000771,123,99.71826311174804
Services,2021-05-03,CARBORUNDUM UNIVERSAL LIMITED,849593007764,104,101.42307600475188
Support,2020-12-26,Norav Medical GmbH,889024446854,34,97.82524705333908
Maintenance,2021-02-20,"SPINAL RESOURCES, INC.",841435100756,96,98.03369155570309
Sourcing,2020-02-07,Biofrontera Pharma GmbH,842166152496,71,98.5041167718626
Sourcing,2021-09-10,"WHILL, INC.",849044058529,26,102.9719302357583
IT,2021-08-27,NSP TECH PTE LTD,8806344302709,13,99.61180958026274
ServiceCall,2020-02-27,Addto,10887488542140,32,101.17330626313976
Sourcing,2021-01-13,"CORELINE SOFT CO.,LTD.",34026704623236,91,98.99012677793758
Maintenance,2021-10-14,Tilite,35664222369,102,100.08069315009092
Maintenance,2020-12-04,"MAXTOWN MEDICAL CORPORATION, LLC",817906026337,58,101.36675342523924
Helpdesk,2021-09-17,"VIRTUAL THERAPY SOLUTIONS, LLC.",888867002371,12,96.49431019951975
Support,2020-05-05,Ssi Diagnostica A/S,880304972476,102,99.10030018109991
Sourcing,2021-02-25,"BAEBIES, INC.",10195594915605,126,102.56751106155204
IT,2021-07-07,GEXFIX SA,10889981160135,62,100.96630481688807
ServiceCall,2021-01-29,"KEYSTONE DENTAL, INC.",10888439604702,133,99.4539814694508
Services,2021-04-23,"Shenzhen Everbest Machinery Industry Co., Ltd.",10888439332667,22,98.45345648963882
Sourcing,2020-10-09,"Ulrich Medical Usa, Inc.",10195594376284,125,100.074993358631
IT,2020-06-19,Omniscient Neurotechnology Pty Ltd (o8t),810085200024,88,99.56647290134794
IT,2021-08-13,SHINA MED CORPORATION,887517677464,17,101.07023816498891
ServiceCall,2020-02-02,"FIRST QUALITY HYGIENIC, INC.",6009544022985,81,97.52139403854281
Sourcing,2021-02-13,"ZHENGZHOU BESTVIEW ST CO., LTD",4046826130237,100,97.41551504404126
Services,2020-08-03,"GENESIS HEALTH TECHNOLOGIES, LLC",5056389611684,96,102.11440587453139
Sourcing,2021-03-08,"MESA BIOTECH, INC.",3662663005821,139,99.59815967067917
Maintenance,2022-01-24,"OXFORD PERFORMANCE MATERIALS, INC.",763000294410,36,99.98670764393492
Support,2020-12-19,Mebo Life Science Inc.,888480468233,142,100.54566547632484
Sourcing,2021-10-20,"SPINECRAFT, LLC",4061644005758,134,100.23065443069575
Services,2020-05-17,DPM USA CORP,10653160342779,133,95.93785570822055
Sourcing,2021-11-04,"DB DIAGNOSTIC SYSTEMS, INC.",8806383513869,75,98.14616235835787
Sourcing,2021-11-20,Produits dentaires S.A.,768627892506,55,97.85430042519005
ServiceCall,2021-04-13,ASTEC BIO USA INC,889095142075,39,96.4679181225339
Sourcing,2021-05-11,"DXM CO., LTD",889024400405,70,101.52706156643865
Sourcing,2020-08-27,"VENTEC LIFE SYSTEMS, INC.",10841305105062,122,101.02102398549452
Services,2020-06-13,"AMBI, INC.",E1995477641,37,98.52379234042485
Sourcing,2020-12-10,TRIDENT SRL,10351688785510,65,99.53844480278958
Services,2021-10-24,Erbe Elektromedizin GmbH,8903993209318,22,103.76250153222162
Helpdesk,2020-03-07,Diagnostic Group LLC,10705034561653,139,97.86862510189097
Sourcing,2020-10-24,Medikro Oy,7640151086831,124,101.6799722960961
Services,2021-10-22,"Biotem Co., ltd",10889942442164,24,99.34070993155156
ServiceCall,2021-06-14,N P Medical Inc.,15019517018653,94,100.35288116601684
ServiceCall,2021-07-15,Thermo Electron LED GmbH,8800056207086,47,98.79683614358406
Sourcing,2020-06-03,BonAlive Biomaterials Oy,10885403161971,98,100.85960899566966
Sourcing,2021-08-12,DX PRODUCTS LIMITED,10809160314210,78,97.88608416385483
Sourcing,2022-01-30,Melzi Corporation,7613154403776,148,98.66293224491996
IT,2020-03-18,"ASSURE TECH. (HANGZHOU) CO., LTD.",8800017258546,54,99.12852369996958
IT,2020-12-11,"Cognoa, Inc.",4719872154105,12,101.2431710332469
Support,2021-08-09,"UROCARE PRODUCTS, INC.",884450544631,58,98.94863905726602
Helpdesk,2020-03-07,"MEDRX, INC.",10889981165864,109,100.70083994444659
Sourcing,2021-09-09,Osypka Medical GmbH,7290109330617,143,97.72396897525655
Services,2021-03-27,I.Q. IMPLANTS LTD,10888277761452,34,104.1547909149963
Maintenance,2021-04-20,"Korea New Tech Co., Ltd.",683534210086,62,100.93970621091164
IT,2020-05-14,"VISEON, INC.",5708296220304,113,99.86103117605558
Sourcing,2022-01-26,SIEMENS HEALTHCARE DIAGNOSTICS PRODUCTS LTD,10887488799865,32,97.48335612170268
Support,2020-12-26,VITA HEAT MEDICAL,849044091595,16,102.99955023615166
Sourcing,2020-08-31,"PENTAX OF AMERICA, INC.",7460691952362,13,96.39296462264747
Helpdesk,2021-11-16,Get Stix Inc.,801902092502,63,102.68609639913906
Helpdesk,2022-04-18,"BIO2 TECHNOLOGIES, INC.",193033063675,1,99.93470370765776
ServiceCall,2020-04-12,"KONO SEISAKUSHO CO.,LTD.",190837020910,150,99.67189927367444
Support,2020-11-14,"TENSYN MEDICAL, INC.",4046445798573,71,99.74923162817609
Maintenance,2020-09-22,"ATLAS SPINE, INC.",5404013821303,92,98.53679095823708
Services,2020-12-01,"AXIOM MEDICAL, INCORPORATED",7640139341167,42,100.6134497848026
Services,2020-09-30,RALCO SRL,190746023095,107,98.360493523323
Support,2022-03-20,POLYMEDCO CANCER DIAGNOSTIC PRODUCTS LLC,10195594585181,39,97.89329407986898
Services,2021-03-10,Jota AG,841132124758,95,103.89819612312914
Services,2020-07-25,"IVOCLAR VIVADENT, INC.",848782008995,132,98.89847181809516
Sourcing,2020-11-29,BIOTEST MEDICAL CORPORATION,5708590192345,85,97.27960329555168
Sourcing,2022-02-01,CRYPTYCH PTY LTD,10889942924820,66,100.51895369565422
Services,2022-03-05,"MOLDEX-METRIC, INC.",8806189829294,56,98.16899078975868
Helpdesk,2020-06-05,"Medical Ingenuities, LLC",10653160349310,127,100.63955143010085
Maintenance,2020-09-27,"Healcerion Co., Ltd.",5711584058145,84,103.03917323579216
Services,2022-01-29,LED Dental Inc,10195594250058,14,98.95679063380553
Support,2021-10-05,PALL CORPORATION,4046826020194,84,102.47895422809817
Sourcing,2021-05-01,"DIVERSATEK HEALTHCARE, INC.",4715309121627,136,99.25127865104034
Services,2020-07-25,"ShenZhen Antmed Co., Ltd",D6503304RED0,58,99.16506633049634
ServiceCall,2020-09-06,seca GmbH & Co. KG,8800044747426,140,100.31233449167276
Maintenance,2021-11-23,RUMEX INTERNATIONAL CORP.,840096403633,61,101.05229798220196
Sourcing,2021-02-26,I3 IMPLANT LLC,10840935107798,72,96.67074235781259
Maintenance,2020-12-16,OPTOPOL TECHNOLOGY SP Z O O,613994684509,63,96.61346541753637
Services,2022-02-03,"ALFA WASSERMANN, INC.",B060Y820061,57,98.43509895143883
Sourcing,2020-09-14,DEPUY (IRELAND),10888277830936,12,100.04542329482943
Helpdesk,2021-07-26,"WEXLER SURGICAL, INC.",8717213026148,56,101.2601169917669
Maintenance,2021-04-07,TERRAGENE S.A.,10888857125766,111,98.67966024359339
IT,2020-09-20,NANO-DITECH CORPORATION,887517039767,34,97.432494943237
Sourcing,2020-10-15,"3D SYSTEMS, INC.",191072036223,68,102.83813582525282
IT,2022-04-12,"ORTHOACCEL TECHNOLOGIES, INC.",10381780415909,127,102.12175894246424
Sourcing,2022-01-03,"CARDIO-MEDICAL PRODUCTS, INC.",10193489942125,90,106.01906976531887
Sourcing,2020-02-17,W. Krömker GmbH,842048111917,60,103.33142608921442
Sourcing,2020-08-24,"PINSCO, INC.",190707031244,18,102.08307581600053
ServiceCall,2021-05-06,C-Rad Positioning AB,855195006333,139,97.74459830636074
Support,2022-01-18,"BONASSE ENTERPRISES CO., LTD.",190776041939,56,100.31828959470796
Services,2022-03-15,seca GmbH & Co. KG,3596010651983,140,102.03228554656569
Helpdesk,2021-12-11,"ICP, INC.",380652336512,34,100.43039834758082
Maintenance,2021-10-05,"KOBOLD, LLC",10888857085350,55,100.75742812818515
Maintenance,2021-09-27,"VALFLUX GROUP, LLC",7630031744432,26,101.39423134317822
Helpdesk,2020-11-05,SIEMENS MEDICAL SOLUTIONS DIAGNOSTICS,190837040208,84,96.90313777618404
IT,2021-09-27,LAB KINETICS LLC,10884389120613,137,98.14167117214102
Services,2020-10-12,PURGO BIOLOGICS Inc.,E310879K012SCFG1,96,99.05626777774569
Support,2022-01-08,"SERENE MEDICAL, INC.",10889981102142,93,101.77572150219325
Maintenance,2021-03-16,"ULAB SYSTEMS, INC.",843210125855,16,99.02236466797495
Support,2020-02-04,"BIO CONCEPT CO.,LTD",3613720269007,15,100.57079801010471
Support,2020-03-24,"OSKO, INC.",846832077335,147,99.00927754303042
Helpdesk,2020-11-10,LAKE REGION MEDICAL LIMITED,10195594191146,41,98.7177866436736
IT,2022-05-01,TAV - TECH LTD,885825010713,44,101.68577652331308
Support,2021-11-16,SOMATEX Medical Technologies GmbH,887517885913,138,102.83777222190676
Support,2021-12-18,GP - IMPLANT LTD,4038653043293,53,101.93937228339112
ServiceCall,2020-04-19,NONAGON LTD,715317001106,109,99.58399488536205
IT,2020-02-20,ANJOCARE INNOVATIONS INC,27045797597,72,106.32650942662036
Maintenance,2021-08-24,"NEOTECH PRODUCTS, INC.",850644007503,83,97.76100971480982
Support,2022-02-11,CBX LLC,10885632012990,20,97.40407960875336
Helpdesk,2021-03-10,Ulrich GmbH & Co. KG,842166111479,33,102.21191890402767
IT,2021-08-12,Diamond Orthotic Lab,817577020542,69,99.38817144715173
Services,2021-03-10,STINSON ORTHOPEDICS INC.,5707131303981,137,98.28495714438726
IT,2021-05-03,"Brit Systems, LLC",4046964322914,3,104.11127706856011
Sourcing,2022-03-11,"Shoulder Options, Inc.",749756954471,94,98.43433765618155
ServiceCall,2021-08-11,IDS Ltd,8059224069258,14,96.53044884733238
IT,2020-08-31,VOLK OPTICAL INC.,10190752144484,46,101.84745850772731
Services,2020-07-06,"TVA MEDICAL, INC.",888118121394,69,99.55133849932994
Maintenance,2020-06-28,DIAGNOSYS LLC,404847425147,89,99.32991610304077
ServiceCall,2021-09-09,"Henan Zhende Medical Products Co., Ltd.",840085212543,21,100.01686766965426
Maintenance,2021-02-16,"APIRA SCIENCE, INC.",10809160348260,143,96.89665083762138
Services,2021-07-06,OCUTECH INC,10304040111632,109,102.10052046400412
ServiceCall,2020-07-15,EPflex Feinwerktechnik GmbH.,8800033874188,12,102.1827114299313
ServiceCall,2020-04-11,"Beijing Lead Beauty S&T Co., Ltd.",8800044767622,131,102.61435556647504
Support,2021-05-02,ENDO PHARMACEUTICALS INC.,M454UL50AP1151,92,100.10339360573106
Maintenance,2021-05-04,MindMaze SA,7332747001402,38,102.64754259795436
Sourcing,2021-07-14,COMPUTER SPORTS MEDICINE INC.,889095727593,72,95.9440746198612
IT,2020-11-20,Cuattro Medical,10809160214503,60,98.43556052363932
Support,2022-04-14,Alpine Biomed ApS,874750002528,86,97.11240205393317
Maintenance,2020-05-13,"VIOPTIX, INC.",652221021847,137,102.08366441743743
Maintenance,2020-06-04,"Abiomed, Inc.",4546540533562,42,98.45152839115974
Services,2021-08-12,"JOSNOE MEDICAL, INC.",732094294569,127,100.78026530443724
Sourcing,2022-04-10,Ortho Development Corporation,817392020017,118,101.21867548013749
Maintenance,2020-10-04,A.M.A. PLASTICS,10857420007754,136,102.1851573094756
IT,2020-10-12,Accuvein Inc.,10887488319650,145,95.36760021667916
Sourcing,2022-03-19,"NEUROSTRUCTURES, INC",4719873055128,76,102.90028780335979
Maintenance,2021-11-28,"CERIBELL, INC.",191072115768,80,98.36847929259717
Helpdesk,2021-02-01,SMC,10381780011675,78,96.56897616087608
Helpdesk,2020-04-05,CASCO BAY MOLDING LTD.,887482143544,8,100.9634813579045
Maintenance,2021-07-26,MENTOR TEXAS L.P.,884450239452,38,101.2168950434545
Support,2021-04-06,DELTA MED SPA,10885425898732,46,97.62920259737105
Services,2021-02-11,Tenovi Co.,35664019532,51,97.6574597617343
ServiceCall,2020-06-01,Dental Wings Inc,801741155161,116,100.2537737998452
Services,2021-12-31,"ATRICURE, INC.",888480613435,138,99.68537896854983
Sourcing,2021-03-17,BUY SUPPLY INC,842209101740,13,99.23415075998541
Sourcing,2020-09-18,"MEIXIN MEDICAL SUZHOU CO., LTD.",195377020765,129,99.45954143660518
Services,2021-04-01,ELITECHGROUP SPA,8800000971735,18,97.8793357804248
IT,2021-01-25,GSOURCE LLC,4046445810848,126,101.43624055808043
Sourcing,2020-02-10,TURNER IMAGING SYSTEMS,5450104543548,77,99.984194471391
ServiceCall,2020-11-28,"Kunshan Aoshida Electric Technology Co., Ltd",10840843100294,10,99.154199888644
Support,2021-11-07,Clever Culture Systems AG,10195594116729,85,100.63846728565247
Services,2022-04-13,"QARDIO, INC.",707387789800,135,100.87722675434138
Support,2020-03-11,"Chongqing Peninsula Medical Technology Co., Ltd.",10886705004096,148,94.6981072608975
Helpdesk,2020-04-08,NITILOOP LTD,809161198607,53,97.97670370835651
Helpdesk,2021-11-28,"TORAY INDUSTRIES,INC.",D90922804013,74,99.24518485023937
IT,2021-09-24,QUANTUM BIOENGINEERING LTD.,7613252273455,81,100.89753519762063
Helpdesk,2020-12-14,"AMVENTUREX, INC.",4057532333188,46,100.87239931901998
Services,2022-01-06,HealthClix,883205104052,10,101.81682077149684
ServiceCall,2020-03-10,LUMINEX CORPORATION,812185035544,124,100.90303266694637
IT,2022-04-26,"SACRED HEART MEDICAL,INC.",885556660140,145,97.5262912519038
Support,2021-06-22,CONCEIVEX INC.,4057532327828,38,102.7041505446393
IT,2021-12-13,"CAPITOL VIAL, INC.",840067202654,1,102.30903104815634
Sourcing,2020-05-27,Synergie Nederland B.V.,6944414006859,94,105.13203905601193
Helpdesk,2021-12-25,"VISEON, INC.",4026704420087,135,98.8616478335501
Sourcing,2020-09-01,ETD Electro-Therapeutic Devices Inc,636257194072,133,101.32396998112668
IT,2021-09-26,"FAXITRON BIOPTICS, LLC",10889981207458,111,101.07851235664398
Sourcing,2021-07-14,PERIGEN INC.,190707076658,95,102.99681184455861
Sourcing,2021-04-16,"ORTHOGENRX, INC",M722C15264E152610,89,99.84858323783105
IT,2021-10-25,"Medfruition Electronics Technology Co., Ltd",10381780219842,70,99.6046413572973
