UNIT,SALES_DATE,STATUS,SALES_RECEIPT_NUM,CUSTOMER,GUDID,QTY,UNIT_PRICE
Sourcing,2020-02-05,Cancelled,9590264,Siemens Shanghai Medical Equipment Ltd.,8806378323473,83,100.08821246773778
Support,2021-07-12,Sold,8926812,AB Ardent,3700780603770,23,104.81323277115422
Services,2021-05-23,Hold,4004679,Ambra Health,887517046635,72,100.26185664996365
Helpdesk,2022-02-20,Pending,1459425,SHIFENG MEDICAL TECHNOLOGY CO.，LTD.,4038653934966,139,100.44473802524911
IT,2021-01-21,Cancelled,7805658,VALES & HILLS BIOMEDICAL TECH. LTD.,5055455506763,74,99.1024903670082
IT,2022-04-16,Sold,8447849,"PURIBLOOD MEDICAL CO., LTD.",606959047884,51,100.05038602177748
ServiceCall,2020-12-26,Cancelled,1523889,HIGH TECHNOLOGY PRODUCTS SL,B014FMT24,25,103.12536219087386
IT,2021-06-05,Sold,1682935,MyndTec Inc,17276229769,139,97.38857896731125
Sourcing,2022-04-19,Exception,1763917,INDUSTRIAS MEDICAS SAMPEDRO S A S,190376300498,27,97.7888882931471
Sourcing,2021-08-24,Hold,6329206,"APOLLON Co., Ltd.",10887488688121,146,102.84206724389733
Maintenance,2020-09-06,Sold,7569392,RESPONSIVE ORTHOPEDICS LLC,8809375716538,9,102.36995732525122
Services,2020-08-16,Cancelled,3784935,CME AMERICA LLC,841536139624,86,100.1789456658125
Support,2020-04-24,Exception,5575055,MOTUS GI MEDICAL TECHNOLOGIES LTD,817524029765,80,101.73243631582525
Sourcing,2020-05-22,Sold,4403531,"Allergan, Inc.",D7091993192,51,99.43199287915849
Sourcing,2020-06-12,Sold,3230503,"DEGEN MEDICAL, INC.",810042032279,84,100.43931189717513
Sourcing,2020-08-26,Pending,3414334,MEDICAL TEST SUPPLY,10889950002121,12,103.36704538308554
Sourcing,2021-04-11,Hold,9423399,Pressalit A/S,8056304453891,20,100.31960259474836
ServiceCall,2021-07-12,Sold,5792562,J & J INSTRUMENTS INC,10351688822482,78,102.62168603166697
Maintenance,2021-04-18,Hold,8427405,ELITE SURGICAL SUPPLIES (PTY) LTD,880304813977,43,100.12886938663756
Helpdesk,2022-03-01,Cancelled,3350791,PRODONT-HOLLIGER,10195594023096,116,99.16137208273246
ServiceCall,2021-11-25,Hold,9570663,Integra Lifesciences Corporation,10886982147721,111,99.9479113456163
ServiceCall,2020-09-21,Exception,2924856,"J.M. Longyear Manufacturing, LLC",844868009528,44,101.92947055993332
Helpdesk,2021-10-18,Hold,5375860,TOKYO BOEKI MEDISYS INC.,846468021504,99,101.89532383965691
Sourcing,2021-11-06,Hold,3125015,"G. T. LABORATORIES, INC.",193033185773,63,99.78899597305072
Support,2022-03-02,Cancelled,3436772,"WEGMANS FOOD MARKETS, INC.",842448103314,35,102.2134010634175
Services,2020-05-24,Exception,3584697,NANOVA BIO MATERIALS INC,843696123086,46,100.02348708991934
Support,2021-05-31,Hold,947958,"Guangzhou Decheng Biotechnology Co., LTD",10193489642261,132,101.5256740383715
Helpdesk,2020-04-11,Sold,8266230,"Mahana Therapeutics, Inc.",8800044733399,88,97.54364169248102
Services,2020-08-25,Hold,8421978,STRYKER MEDTECH K.K.,M824A3P5035R1,7,100.28544612504705
Services,2022-04-18,Sold,6998323,FISHER & PAYKEL HEALTHCARE LIMITED,89904009890,1,100.3171438289475
Services,2021-12-25,Pending,2374198,"Hunan Accurate Bio-Medical Technology Co., Ltd.",7332747080834,139,99.76147214723639
Sourcing,2022-01-05,Pending,138033,Hermes Medical Solutions AB,30884522026684,45,105.19756243454677
IT,2021-12-26,Sold,1771215,BAYER MEDICAL CARE INC.,4046964539183,133,99.20279448771147
Support,2022-04-05,Pending,372672,Elekta Instrument AB,815101025087,141,98.16160189400904
Maintenance,2021-01-29,Sold,2086625,"ELECTRO KINETIC TECHNOLOGIES, LLC",8300496048831,52,100.89210000024134
Sourcing,2021-11-08,Hold,7466192,Prollenium Medical,821925032149,139,98.11174182510854
Sourcing,2020-10-18,Exception,3763473,"CHINA QINGDAO BRIGHT MEDICAL MANUFACTURING CO.,LTD.",10888439312676,134,99.8442824917615
ServiceCall,2021-03-07,Hold,1052255,"Vesocclude Medical, LLC",849044092790,52,100.90551759625151
Sourcing,2021-09-15,Exception,633532,BTL INDUSTRIES LIMITED,B756WIN150,145,101.1299507020143
IT,2021-11-04,Exception,3628613,"RESONANT SPECIFIC TECHNOLOGIES, INC.",B167310122215060,67,99.81377552379394
Sourcing,2021-10-21,Exception,9490786,Celling Biosciences,M68981143020,73,99.48737522132498
Helpdesk,2020-03-17,Exception,2547713,"XZEAL TECHNOLOGIES, INC.",18257200040490,45,98.62895213020147
IT,2020-04-13,Sold,5344523,SIGNAL MEDICAL CORPORATION,852253006274,106,102.95580355754885
Services,2021-07-13,Sold,5186179,"SUNSET HEALTHCARE SOLUTIONS, INC.",4260397089378,78,100.92764152499097
ServiceCall,2021-12-03,Sold,6598712,MOBIUS BIONICS LLC,840828167222,60,100.12351507035262
Helpdesk,2020-12-12,Sold,9650477,CETYLITE INDUSTRIES INC,10381780414599,132,100.07533461883881
Services,2020-07-24,Hold,1348032,ACTIVEPURE MEDICAL LLC,10603295217657,138,93.93160519565905
Sourcing,2021-04-29,Cancelled,791914,IVY SPORTS MEDICINE LLC,846468024406,26,100.86528891123974
Sourcing,2022-01-16,Hold,7165091,Mays & Asscoiates,193082106644,149,100.17051939475571
Services,2020-08-06,Exception,4399492,Medical Disposables Corp,850490007177,102,100.77202473893747
IT,2020-06-01,Cancelled,8308778,"ZYGA TECHNOLOGY, INC.",B279F0403050,101,98.95904574865911
Support,2021-07-29,Exception,8989958,Diagnostics Biochem Canada Inc,8809517533818,81,101.07720430364049
Services,2022-04-20,Cancelled,4240120,MEDIPINES CORPORATION,EDDIG8340051,65,101.99553166138595
Sourcing,2021-12-23,Cancelled,3147123,"IHEAR MEDICAL, INC.",30653405049610,75,100.27589047130209
Helpdesk,2021-03-06,Cancelled,4773751,MEDISO Kft.,885556139004,51,98.95269162721712
IT,2020-02-17,Hold,8833425,Conmed Corporation,E1996968821,137,99.37545948704523
ServiceCall,2020-12-13,Cancelled,8614061,"POTRERO MEDICAL, INC.",B817AD241700,147,99.28957001770614
IT,2021-11-08,Pending,1214704,"Inova Labs, Inc.",EFOR706V09781,44,98.22623154557489
Sourcing,2022-04-21,Pending,3917854,"Paragon Vision Sciences, Inc.",609953915951,68,101.90147371989222
Services,2021-09-14,Sold,8582110,NTI - Kahla GmbH Rotary Dental Instruments,10888857361379,9,97.63363369772
Sourcing,2021-10-31,Cancelled,3593730,7D Surgical Inc,10889950003838,69,101.14312054822251
IT,2020-09-24,Exception,111910,Tracoe medical GmbH,4546540754578,89,102.30540389357286
Support,2022-01-09,Sold,4786906,"Eargo, Inc.",4048551114155,116,97.97044202345229
Maintenance,2020-08-05,Pending,3862731,UBERLUBE LLC,20801902012726,109,101.14783402178148
IT,2020-06-15,Exception,5070055,P AND G ENGINEERING INC,10888439289121,26,100.16228303617395
Sourcing,2020-12-07,Sold,7368913,DRW MEDICAL LLC,4038653715862,123,101.37804232963609
Services,2021-01-01,Exception,8493224,"Shandong Weigao Group Medical Polymer Co., Ltd.",4057034053393,125,105.15846439224602
Support,2022-03-31,Sold,7549830,"Activator Methods International, Ltd.",5414734200806,127,103.74828805984899
Sourcing,2020-09-02,Pending,8812328,iSYS Medizintechnik GmbH,10885403245121,117,98.66069022555745
Sourcing,2022-03-30,Pending,5292496,Raiing Medical Company,4547410288902,150,101.02254329134846
Maintenance,2020-02-06,Pending,992470,"KOVA INTERNATIONAL, INC.",8714729382539,149,99.81875010741626
Maintenance,2020-03-31,Exception,4186450,Aesculap AG,10884521190931,107,97.38745424642269
Sourcing,2020-03-18,Sold,2501134,"RIGHT MFG. CO., LTD.",884838067066,124,99.37940115583008
Maintenance,2020-09-26,Exception,4638922,"CARDIACASSIST, INC.",10889942882809,21,104.37615308226393
IT,2020-12-10,Hold,6509733,"MEDICAL SHIPMENT, LLC",366975032508,150,98.80115932219664
Sourcing,2020-03-22,Hold,332662,Tenco,10809160045039,21,101.65934303984646
Support,2021-10-19,Pending,8172416,"QUALITY MEDICAL SUPPLY, INC.",848782040117,43,98.10382486135931
Maintenance,2021-03-31,Cancelled,4616943,FINK ENGINEERING PTY LTD,850644007473,78,100.95559962414826
Maintenance,2021-12-28,Pending,8325106,PROTECH PROFESSIONAL PRODUCTS INC,888867185821,144,100.70041574124174
ServiceCall,2020-01-27,Sold,4367230,"Clinical Computer Systems, Inc.",M824DUR65545CF1,19,98.44844200315093
IT,2021-10-20,Cancelled,5993739,PRODONT-HOLLIGER,880304443976,12,101.07821126714538
ServiceCall,2021-11-19,Exception,8750071,BEDFONT SCIENTIFIC LIMITED,885556682470,79,98.3009219846584
IT,2021-01-15,Sold,6486986,Nfi Consumer Products,15019517228021,126,98.60749379214593
Support,2021-08-06,Cancelled,1232037,B&B Medical Technologies,15019517142334,99,100.03860590491057
IT,2021-02-21,Sold,4241282,"MYOTRONICS NOROMED, INC",841508102540,12,99.99419021157868
Sourcing,2021-01-20,Cancelled,8635087,EXCEL MEDICAL ELECTRONICS LLC,10193489392333,72,100.27750702183111
Helpdesk,2020-12-10,Hold,5649245,"SYNOVIS LIFE TECHNOLOGIES, INC.",699753485327,50,96.02524717774064
Helpdesk,2021-05-19,Exception,6192987,Kr Medical Technologies LLC,10351688803207,53,99.78813101178805
IT,2020-07-07,Exception,7546997,"Choice Spine, LP",10705031062283,74,99.846962171241
IT,2021-10-01,Hold,8649543,"CLINTON INDUSTRIES, INC.",D818129754,47,103.09299544296131
Sourcing,2021-01-13,Cancelled,2778784,AEGIS SURGICAL LIMITED,10686864040795,47,98.74635187501279
Services,2022-03-23,Cancelled,258648,WHEELCHAIRS OF KANSAS,8714729873938,44,96.90158921317503
Maintenance,2021-05-05,Cancelled,8056439,FOURSTAR GROUP INC.,10889942439515,46,99.78020456228676
Sourcing,2020-02-19,Sold,5892253,Communications & Power Industries Canada Inc,8800061315035,114,99.42840890501525
Helpdesk,2020-12-14,Cancelled,3465432,BRYDAN MEDICAL HOLDINGS,810050243308,46,100.65437274499448
Services,2020-10-29,Pending,4728936,ABBOTT,10807141000015,46,99.26357824582644
Services,2020-07-05,Hold,6662841,CLR Medical,J014669738710,146,100.79707409828399
ServiceCall,2020-05-13,Exception,1648808,Precision Spine,812636022949,25,96.96513834577027
Services,2021-05-20,Sold,2212143,"Kossel Medtech (Suzhou) Co., Ltd.",10888439335071,149,99.34413959908272
Maintenance,2021-05-15,Exception,5338535,N P Medical Inc.,10381780028802,146,101.50516846773026
Services,2020-07-27,Sold,5949442,Spencer Technologies,4573596211830,139,102.58523787330859
Sourcing,2021-04-19,Hold,6321057,NEURAVI LIMITED,190660180805,104,101.79434774687356
ServiceCall,2022-03-04,Exception,9153681,DENTAURUM GmbH & Co.KG,10705034512648,47,98.69338722196879
Sourcing,2021-03-25,Cancelled,7306728,VENNI INSTRUMENTS INC.,5704819247476,23,101.19463278179136
Sourcing,2021-12-05,Cancelled,4153791,TREK DIAGNOSTIC SYSTEMS LIMITED,887661637765,34,99.32711745008372
Support,2020-01-12,Cancelled,1655917,"AMERICAN THERMAL INSTRUMENTS, INC.",803622132551,6,97.3324245268685
Helpdesk,2020-06-23,Sold,4009856,AMEDICA CORPORATION,8806195917763,86,96.60450047310597
Services,2021-12-04,Sold,3942667,"GVS Technology (Suzhou) Co., Ltd.",10705034190167,128,103.04482471175139
ServiceCall,2021-07-15,Cancelled,4990270,Schiller AG,E0HM649529P2041001,120,97.0066846006788
IT,2020-12-20,Pending,1855165,VOLUNTIS,10080196458387,2,99.46081900564066
Helpdesk,2020-09-01,Hold,8861849,"Kunshan Aoshida Electric Technology Co., Ltd",840420109378,22,98.87761365138718
Services,2020-06-25,Hold,5300879,ETIOMETRY INC.,715317002615,11,99.84700687139191
Support,2020-10-27,Cancelled,6334025,"REICHERT, INC.",6009544019886,135,100.58918470964817
Helpdesk,2021-05-02,Cancelled,7632828,"HYPERBRANCH MEDICAL TECHNOLOGY, INC.",10705034004952,103,99.67156514862761
Sourcing,2020-11-02,Exception,5640860,FLAEM NUOVA SPA,10887488819419,79,97.1607201655379
Sourcing,2021-11-12,Pending,5020796,"GOLD STANDARD ORTHOPEDICS, LLC",632307001161,101,100.48069641017533
ServiceCall,2020-11-19,Pending,6783879,Innokas Yhtymä Oy,10887488665740,17,100.70209366396244
Support,2021-01-27,Sold,3207880,RAYNER INTRAOCULAR LENSES LIMITED,885556396247,7,101.31477630159065
Maintenance,2020-04-03,Cancelled,8493425,"ULTIMED, INC.",5708296089581,7,102.4657637633399
Sourcing,2022-02-06,Exception,8259288,NATUS MEDICAL INC,190837029586,102,98.69843670166284
Helpdesk,2021-01-04,Hold,1715972,Scopis GmbH,885556715772,127,99.55792847575908
Sourcing,2020-04-15,Cancelled,3577646,"A. TITAN INSTRUMENTS, INC.",10888277838529,129,98.5408474591252
IT,2021-09-22,Cancelled,5379416,MAJESTIC DRUG CO. INC.,842271110084,68,103.00882865190492
Helpdesk,2020-06-25,Cancelled,5373609,SMITHS MEDICAL GROUP LTD,8806373521621,71,103.68935498588367
ServiceCall,2022-02-03,Pending,1337812,M.D.L. S.R.L.,D7091978446,78,102.32840332984122
Helpdesk,2021-09-01,Sold,9193802,Taiji Medical Supplies Inc.,4046964161704,6,98.0451898902452
ServiceCall,2020-08-30,Sold,774993,"WORLDWIDE INNOVATIONS & TECHNOLOGIES, INC.",887517004451,137,99.09641657276765
Services,2021-02-16,Cancelled,3919344,Macan Manufacturing,880304424852,136,97.1896586081981
Support,2020-10-06,Exception,489494,"Shockwave Medical, Inc.",B112S02678RD450,80,100.64579154907645
Sourcing,2021-05-01,Hold,2840382,OMNI INTERNATIONAL CORP.,J014660482610,99,99.093614515502
IT,2022-03-26,Hold,8811673,LODOX SYSTEMS (PTY) LTD,880304383111,88,101.84366112958271
Maintenance,2021-01-20,Pending,1625451,"MATRIX SURGICAL HOLDINGS, LLC",10889942720644,41,99.53533614961785
Sourcing,2022-02-08,Exception,3877761,"CROSSTEX INTERNATIONAL, INC.",853678006252,4,99.4771289991727
Sourcing,2021-11-01,Pending,3488220,Volcarica S.R.L.,816795025612,61,101.86393799184046
IT,2021-12-09,Cancelled,3877958,Aura Medical,889858611015,146,101.12500022676326
ServiceCall,2021-07-18,Cancelled,2245114,ASTON MEDICAL,840118116428,133,96.76784628858316
Helpdesk,2022-04-08,Exception,6337114,"QUICKCO, LTD",673844004611,49,101.27732233379481
IT,2022-04-21,Pending,3413177,Convergent Imaging Solutions Incorporated,817369020392,131,96.86797341276235
Helpdesk,2021-06-03,Sold,8504228,MIM SOFTWARE INC.,7350022271821,69,100.27323447644831
Helpdesk,2021-11-13,Sold,5382341,"ARGENTUM MEDICAL, LLC",887517823779,2,100.11193246410942
Maintenance,2020-01-21,Cancelled,9926692,"VIDCO, INC",733132614530,112,100.3665829127178
Support,2022-01-23,Pending,1412690,"BRAIN SENTINEL, INC.",827002360358,75,99.70219931091626
Sourcing,2021-07-06,Hold,7459259,"PONTIS ORTHOPAEDICS, LLC",4046826346317,36,103.40837249701171
Helpdesk,2021-12-10,Sold,6920592,THERENVA,D00110100LA035VP0,131,103.57477804833768
Sourcing,2020-07-31,Sold,1072783,"BERKLEY MEDICAL RESOURCES, INC.",852621004529,109,97.59512065529016
Helpdesk,2020-01-31,Exception,2909421,FEMCARE LIMITED,ESTOH0004X30,3,95.53734156642051
Support,2021-03-29,Exception,5195819,"VYCOR MEDICAL, INC.",8059224015491,54,95.83399877601367
IT,2021-01-18,Hold,8027744,Vista Dental,7340048305129,142,98.27005764240769
Maintenance,2020-03-27,Pending,4310852,BIOLIFE DIGNITY HEALTH INTERNATIONAL LIMITED,5704819280923,8,100.91049569458696
ServiceCall,2021-07-20,Cancelled,5449764,"DENTAL EVOLUTIONS, INC",815128020485,54,102.67199526719033
ServiceCall,2020-07-25,Hold,5964087,"DENTIS CO., LTD.",841447100157,91,100.8185061558555
Services,2021-07-01,Exception,6731269,NOBIL METAL SPA,D7091980071,38,101.45368934156134
Helpdesk,2020-06-30,Sold,3271627,CLARIPHARM,D800ZRKC4012A01,121,102.2506086595919
Support,2020-07-17,Exception,2620267,AIRXPANDERS INC,841523151455,96,100.68514158948895
Maintenance,2021-02-23,Pending,570335,"Guangzhou  Red  Elephant Medical Technology Co.,Ltd",613994944610,55,97.7624954809985
Support,2022-01-23,Cancelled,6710516,"HENRY SCHEIN, INC.",887868010989,116,98.70614549936073
ServiceCall,2021-05-31,Hold,1319463,ZYNO MEDICAL LLC,10886982075062,93,101.03840396456216
Maintenance,2021-10-27,Sold,3995354,"PRO-DEX, INC.",827002584082,35,105.14358949799278
Sourcing,2021-10-11,Hold,9324578,NICE RECOVERY SYSTEMS LLC,D877M6M6,10,101.39564044628533
Support,2021-04-11,Pending,794440,Sectra AB,10888439676686,144,101.21350025338238
Services,2022-04-27,Hold,73655,Philips Medical Systems Nederland B.V.,M944AL213120,22,98.22696387181877
Services,2020-04-11,Pending,6068702,Geneohm Sciences Canada Inc,8806344380752,101,96.9680848363761
Sourcing,2021-08-06,Pending,3555932,JOICOM CORPORATION,15019517238648,84,102.54565087693459
Maintenance,2020-05-28,Hold,782382,"Tz Medical, Inc.",10885672001732,42,100.08277235040266
Services,2020-07-20,Hold,6170563,"BUTTERFLY NETWORK, INC.",10381780130895,85,97.58064842414558
ServiceCall,2021-12-03,Cancelled,2606866,"INFRAREDX, INC.",193082006838,134,99.70304676796094
Maintenance,2022-01-23,Sold,9921485,"FUJIFILM NEW DEVELOPMENT U.S.A., INC.",840420118882,100,102.37469297323284
Sourcing,2020-04-18,Sold,18430,MEDI CARE SYSTEM SLU,846468090845,32,98.13305789445086
Services,2022-04-16,Hold,2809524,EXIMO MEDICAL LTD,M684HWBOLB281,106,99.24090769928462
Sourcing,2021-08-27,Exception,4153398,ESSENTIAL MEDICAL SUPPLY INC,7290101366263,17,99.45354147395499
IT,2021-01-17,Exception,7871520,"MISONIX, INC.",7899080310115,123,97.63318606056227
Services,2021-12-22,Exception,4459693,Lune Group Oy Ltd,818806020906,61,100.79890085431624
Sourcing,2022-02-06,Hold,8269815,Tontarra Medizintechnik GmbH,10194717100843,91,99.95233509928768
Helpdesk,2020-06-03,Exception,5615088,"Fujian Ercon Medical Management Co., Ltd.",10888439173178,74,102.88853031468052
Maintenance,2020-10-27,Sold,2297199,"DFI CO.,LTD",DIVO6053131,97,100.92062228662476
Maintenance,2021-10-25,Exception,8631685,"BIONIX RADIATION THERAPY, LLC",816305021981,103,98.99543273418233
Sourcing,2020-05-08,Sold,7612519,ESI CORPORATION,10888439146790,16,99.22293119648056
ServiceCall,2021-01-23,Hold,211131,"Rom Technologies, Inc",889024098855,87,100.62738335020553
Sourcing,2021-08-18,Cancelled,5637220,Tilite,889095223644,23,98.68143577043212
Services,2021-02-13,Sold,4141579,"SUN SCIENTIFIC, INC.",643169544918,110,102.16843270614145
Support,2021-09-23,Sold,7238541,ELITECHGROUP SPA,18032937163311,120,101.60791954734015
Sourcing,2021-09-07,Cancelled,2882738,"MET 1 TECHNOLOGIES, LLC",D779701A350,6,98.52513552720877
IT,2022-03-05,Sold,9072075,DIASORIN MOLECULAR LLC,D00116766L1095320,94,100.13449865696234
Sourcing,2020-11-14,Cancelled,9160206,Fabrinal SA,848657039871,35,99.76915216102884
Helpdesk,2021-05-27,Exception,2264628,"VENTANA MEDICAL SYSTEMS, INC.",4046445757556,125,98.24572621964953
ServiceCall,2021-04-25,Sold,8365831,LSI MEDIENCE CORPORATION,6944413808140,88,99.4907496011284
Helpdesk,2021-05-08,Exception,9035030,NEOS SURGERY SL,840018635043,59,101.69175712093829
IT,2020-04-05,Pending,4837568,ROCKET MEDICAL PLC,889024642157,138,102.04987623205798
ServiceCall,2020-01-31,Sold,4179172,Restor3d,6942782466770,31,100.12149151779491
ServiceCall,2020-02-22,Sold,4662517,Polymap Wireless,D79337080010,17,99.25446767192959
IT,2021-03-28,Cancelled,6703410,ANGELINE GROUP LTD.,886385026145,98,102.36032579572338
Sourcing,2020-11-20,Pending,1546271,Miele & Cie. KG,889024020740,76,100.0155416494787
Services,2020-09-03,Pending,4671529,"Watermark Medical, Inc.",24026704606935,111,99.1309996305948
Maintenance,2021-07-22,Pending,9430254,"DECIMAL, INC.",10195594270353,29,100.50442585745786
Sourcing,2021-07-05,Cancelled,5354398,PERSPECTUM LTD,6945868602840,13,97.33173627752075
Services,2021-03-16,Hold,5750106,"SUPERSONIC IMAGINE, INC.",10652927281559,24,100.06828200283108
Maintenance,2021-11-06,Sold,5837762,Oertli-Instrumente AG,6912547393405,132,102.33162933920147
IT,2021-03-19,Hold,515840,A & Z Pharmaceutical Inc.,4711605589604,1,99.30028344214179
Support,2021-08-08,Sold,2164185,Naturalcycles Nordic AB,10195594295080,63,102.58858143680614
Sourcing,2020-03-15,Sold,560962,"TORAY INDUSTRIES,INC.",840916106577,74,97.66978051618088
Services,2020-01-07,Sold,1453741,"Coopersurgical, Inc.",841549105098,116,100.27695488212058
Support,2020-02-07,Exception,4746248,"Hangzhou Jimushi Meditech Co., Ltd.",5707480109760,43,101.35917327280961
Support,2021-08-23,Exception,6485353,"NISSIN METEC CHINA CO.,LTD.",10884450331689,131,95.91010004541408
Services,2020-01-17,Pending,1318604,LABSTYLE INNOVATION LTD,190376155180,115,104.78442828040085
Services,2021-10-04,Cancelled,80405,"SAKURA FINETEK U.S.A., INC.",5056079035998,123,99.29118550567857
Services,2022-04-25,Cancelled,7272198,"OCEANIC MEDICAL PRODUCTS, INC.",14026704718396,124,99.05962160559979
Helpdesk,2020-07-06,Exception,1123187,APOLLO MEDICAL IMAGING TECHNOLOGY PTY. LTD.,10888439189384,85,102.81395875236147
IT,2020-08-27,Sold,2932928,ACTIGRAPH L.L.C.,10889942762972,115,99.71309662358637
Helpdesk,2020-01-31,Sold,6121234,"LACEY MANUFACTURING COMPANY, LLC",885556177112,23,100.60170874317255
Sourcing,2022-02-20,Sold,9616926,Medos International Sàrl,M719GACT06LL0,5,97.26514733302534
IT,2022-02-18,Hold,2596661,WELLY HEALTH PBC,889929037690,133,98.28712121683193
Sourcing,2021-02-21,Sold,6041389,"MEDIVISION, INC.",10190752147287,117,102.53765345874159
Services,2021-05-09,Hold,3169513,Ermis MedTech GmbH,M944FL0141110,14,96.64837654203896
ServiceCall,2020-06-17,Pending,6453278,Aidian Oy,B1676220609150,91,97.87999250679744
ServiceCall,2020-09-20,Hold,2267703,VERAN MEDICAL TECHNOLOGIES INC.,889797052061,74,97.98519420792901
Maintenance,2021-02-01,Pending,6400767,Bioresource Technology,613994168993,43,101.87483879046117
Helpdesk,2020-03-19,Sold,2310430,QURE.AI TECHNOLOGIES PRIVATE LIMITED,844856027831,87,101.21558390570043
Maintenance,2020-09-27,Cancelled,6165400,"Citra Labs, LLC",M735A5081001,23,97.42635707391986
Services,2022-01-06,Cancelled,2006011,APYX MEDICAL CORPORATION,M824U64755C1,120,102.82560690944939
Sourcing,2020-07-21,Hold,7195179,"REACH MEDICAL, INC.",889024273689,126,100.23557343974151
Sourcing,2020-11-25,Sold,6504541,SOUTHERN IMPLANTS (PTY) LTD,B587A223030150,84,97.25142513595938
Helpdesk,2020-06-17,Sold,4822054,"Genentech, Inc.",10302736701501,48,100.4562828997445
Sourcing,2020-12-05,Sold,3814375,northh medical GmbH,4046445325274,81,99.7483664397179
Helpdesk,2020-06-07,Cancelled,2084806,RESPIRATORY DELIVERY SYSTEMS INC,EFOR78616030101,124,100.06108163147053
Sourcing,2022-03-28,Hold,4313066,N P Medical Inc.,192896092747,76,102.12382603461224
Sourcing,2020-06-23,Pending,99611,BioMTA,3700879510941,80,98.99296919943156
Sourcing,2022-04-06,Pending,3943528,"West Pharmaceutical Services Az, Inc.",10885632002878,5,100.64416734985453
Sourcing,2021-12-26,Pending,3012583,SUMMIT SPINE LLC,887517517821,85,99.15775342080106
ServiceCall,2021-05-12,Exception,7097258,Philips Medical Systems Nederland B.V.,10887488787398,72,101.838942250041
Sourcing,2021-02-17,Exception,8783188,Söring GmbH,10195594131388,107,100.03737562474582
Sourcing,2021-10-26,Cancelled,4751154,AESCULAP CHIFA SP Z O O,10889942639403,10,98.63921769793042
Maintenance,2021-02-22,Exception,646845,Solarc Systems Inc,4251574855367,36,100.78531951531724
Maintenance,2021-08-10,Exception,9928215,"PANTHER ORTHOPEDICS, INC.",888867007031,137,100.02714955546216
Sourcing,2020-05-11,Pending,4815903,Tissue Differentiation Intelligence LLC,613994781871,142,100.46498961892624
IT,2020-05-30,Pending,1947026,Dosis Inc.,745129196004,1,98.24699104072224
Support,2020-02-19,Hold,7357713,RHEIN 83 SRL,10806378050671,12,101.35507086230425
Services,2021-02-02,Exception,9169866,ZOE RUTH,816310020399,99,103.32912542473485
Maintenance,2021-08-05,Sold,3766083,ELITECHGROUP INC.,10845357033878,68,101.19842299279128
Sourcing,2021-04-11,Hold,9426293,MACO PRODUCTIONS,840019930260,24,99.83745014565677
IT,2021-09-05,Pending,9573674,Stanmore Implants Worldwide Ltd,4057176137593,113,103.79585222905216
Maintenance,2020-06-19,Exception,3935919,Hyland Software Canada ULC,10381780153566,74,100.89678745168266
Helpdesk,2021-02-14,Cancelled,2092926,KLYO MEDICAL SYSTEMS INC.,5055455518117,117,99.88184949676707
Helpdesk,2020-03-22,Sold,6141119,"HYGENIC CORPORATION, THE",10888857027190,98,100.48968761964055
Support,2020-11-13,Exception,9266350,"Thermopeutix, Inc.",H65857014121,126,100.08049522381364
Helpdesk,2020-03-04,Cancelled,5342290,"ORTHOLUTION CO.,LTD.",8800000915364,51,97.99337853792453
Sourcing,2020-04-03,Exception,2780698,TYPHOON WATER WARES LTD,10889981274108,78,96.36207722979852
Helpdesk,2021-08-13,Sold,2245437,HIDREX GmbH,4048266180162,24,99.75595945221764
Services,2020-11-15,Exception,5496808,"Hunan Accurate Bio-Medical Technology Co., Ltd.",E235125C0,84,98.51746350225271
Helpdesk,2022-03-18,Pending,4549815,"Epien Medical, Inc.",10888857432680,62,101.25002018069601
IT,2021-04-07,Sold,6002921,"4PATRIOTS, LLC",724995201067,26,100.61498840220192
Sourcing,2021-04-16,Sold,7191775,"FUDAKANG INDUSTRIAL CO., LTD.",4046963644437,4,101.61868090843869
Sourcing,2021-07-09,Hold,64173,DANIELS CORPORATION INTERNATIONAL PTY LTD,190776112400,59,98.48684301312942
Sourcing,2021-08-06,Hold,939246,MERIDIAN BIOSCIENCE ISRAEL LTD,845533000376,59,102.32594255213557
Services,2021-10-08,Pending,7104748,Lode B.V.,8806378362854,51,99.52569920016694
Maintenance,2020-03-29,Pending,2436334,"Suzhou Yuyue Medical Technology Co., Ltd.",10886982221254,47,100.0150685868364
Services,2020-07-05,Sold,9711321,"MEDSPIRA, LLC",190376307480,60,98.96644346844113
Services,2020-05-07,Pending,9894410,DMP DENTAL INDUSTRY S.A.,849044071412,20,100.09005854177725
Helpdesk,2020-10-16,Exception,2600571,SUBSTRATE HD,10888857059351,58,101.40266220570912
IT,2021-01-23,Pending,5017773,"Flynt/Amtex, Inc.",672736001165,150,100.25887205936932
Support,2020-08-04,Exception,2216153,"RESOUNDANT, INC.",4046826013271,75,97.094512245481
Helpdesk,2020-10-08,Cancelled,9685575,DOCERAM medical ceramics GmbH,10381780355298,56,99.6659704331614
Helpdesk,2020-11-08,Sold,6649988,"Natural Health Partners, LLC",840239800008,122,102.88047332932982
Maintenance,2021-09-25,Cancelled,9592072,FIRST CHECK DIAGNOSTIC CORP.,B502BSB63880,61,96.60095374637218
Services,2022-02-22,Exception,1161836,Sasmar Pharmaceuticals SPRL,10888439316230,147,102.26327036103764
ServiceCall,2021-02-20,Cancelled,3758662,"MEDICAL TECHNIQUE, INC.",D8026437590,108,99.65277263480876
Sourcing,2021-08-27,Cancelled,7035705,SPECTRUM DESIGNS INC,8800033848752,42,99.73495615535839
Helpdesk,2020-09-07,Exception,6694318,"POPS! DIABETES CARE, INC.",4042809398182,58,103.31139349804072
IT,2022-03-28,Sold,3081077,"LIBERTY MEDICAL SOLUTIONS, LLC",7613327288148,34,100.68065401758736
Sourcing,2021-06-12,Sold,9340285,"INTERNATIONAL MEDICAL LASERS, INC.",646311550195,104,99.54574031559153
Maintenance,2021-07-24,Pending,1513535,William Cook Europe ApS,B587XL08206580,16,99.71766092991938
Sourcing,2022-01-20,Cancelled,8144181,VIASONIX LTD,843696139131,15,98.96909532040996
Maintenance,2022-01-19,Exception,3350705,"Shinva Ande Healthcare Apparatus Co., Ltd",673978947976,7,101.8998521868337
Services,2022-03-06,Pending,1493393,"DEXCOWIN CO., LTD.",10887488856438,127,101.18086968772863
Maintenance,2021-03-06,Sold,4636461,BIO TRACE MEDICAL,10886982043146,53,99.64303833359796
ServiceCall,2020-04-01,Pending,1698645,Acera Surgical Inc,10887488590752,37,98.72613547588767
Sourcing,2021-02-15,Sold,454752,ADVANCED CIRCULATORY SYSTEMS INC,10603295075295,138,99.45640089511862
Services,2021-04-16,Cancelled,3815276,CODONICS INC.,ESAM4423001,83,98.32330077256553
Sourcing,2022-04-14,Cancelled,3191519,"ARROWHEAD HEALTHCARE SUPPLY, LLC",10888551040808,126,101.86460660474953
Services,2020-09-20,Pending,3548261,MALEM MEDICAL LIMITED,EPOLPRV44D2,125,100.52217478097197
ServiceCall,2020-05-04,Sold,5093191,Pritidenta GmbH,E235C2S3610,19,100.84199350676786
Helpdesk,2020-09-27,Exception,6130509,"EAGLE VISION, INC.",848657008822,27,98.29568030038416
Helpdesk,2020-11-20,Pending,3442120,"BIODEX MEDICAL SYSTEMS, INC.",15019517258066,51,100.17038677667311
ServiceCall,2021-05-26,Exception,2452966,"Innovasis, Inc.",10351688732521,61,100.0473188772551
Maintenance,2020-06-08,Pending,3800245,"Event Medical, Ltd.",810087760601,119,102.96454827931507
ServiceCall,2021-01-22,Cancelled,539902,Incipio Devices,4057532136574,128,99.27006936099421
ServiceCall,2020-03-06,Pending,4212897,"EXCELHEALTH, INC.",842071103125,72,101.94021510777499
Helpdesk,2020-04-06,Pending,8913233,"LUBRINOVATION, INC.",10705031041257,144,97.70983144814674
Helpdesk,2020-06-30,Sold,2640958,"NEOCOIL, LLC",887482141403,60,100.03168552200556
Sourcing,2022-01-31,Exception,440476,"Anrei Medical(HZ) Co.,Ltd.",B565M312050301,81,99.36570423463449
Sourcing,2020-08-09,Hold,6125010,"FINEMEDIX CO.,LTD.",889095168822,106,95.9761185929756
IT,2022-01-22,Cancelled,3985958,EXACTA DENTAL PRODUCTS INC,10889981125080,93,99.1606657387181
ServiceCall,2021-11-30,Pending,1355155,"ANATOMY SUPPLY PARTNERS, LLC",193033343487,6,100.09591308071663
Services,2022-04-29,Pending,5831719,COROVENTIS Research AB,822409056217,53,100.44957438509074
Helpdesk,2020-06-09,Cancelled,8520277,CASE MEDICAL INC.,842166166394,89,96.94475265941337
Sourcing,2021-10-18,Pending,8286322,RenalSense Ltd.,E0HM64PCL091,4,103.12738078739183
Services,2020-05-16,Hold,423871,MEDICAL PREDICTIVE SCIENCE CORPORATION,10885403201370,28,98.81315632990217
Support,2020-12-02,Pending,6749536,PLANER LIMITED,887517291295,84,97.67644368216835
Helpdesk,2020-03-23,Cancelled,2169605,GLASSPAN INC,4719872158561,13,103.16125738071167
Helpdesk,2021-07-22,Sold,5189049,TRANS AORTIC MEDICAL INC,10888439667523,51,97.98222315656481
Support,2020-07-17,Exception,9408667,"Shockwave Medical, Inc.",5706069725490,53,101.0254293486882
ServiceCall,2021-05-25,Sold,7258167,Scican Ltd,844588011764,10,99.82014590408824
Helpdesk,2020-09-12,Cancelled,160254,Raysearch Laboratories AB (Publ),8806364628209,69,99.6627557340816
ServiceCall,2022-03-16,Hold,2540078,"VENTUREMED GROUP, INC.",5707131282699,134,94.70532641690295
Sourcing,2021-07-13,Cancelled,7467623,ORTHOSOURCE,818634024862,55,98.45676856072852
Support,2020-05-04,Sold,4135879,"Netrin Health, LLC",6932503524032,19,96.29764064487642
ServiceCall,2020-06-21,Hold,5336568,"WHILL, INC.",E0HMZGS011,82,98.73597995473116
Sourcing,2020-09-15,Cancelled,2725559,"LASCHAL SURGICAL INSTRUMENTS, INC",844868029632,68,98.25685843671805
Helpdesk,2021-12-05,Cancelled,4723770,"Encompass Group, L.L.C.",10757770555977,89,100.3605406753265
ServiceCall,2020-02-04,Hold,9324358,Tec Com Medizintechnik GmbH,889024229952,141,100.8914140987206
ServiceCall,2021-01-13,Pending,653099,TRUMPF Medizin Systeme GmbH + Co. KG,10887488933238,48,103.56664826622512
ServiceCall,2021-10-12,Exception,2074473,"Fusion Robotics, LLC",10885380078323,7,100.70369695319569
Services,2021-09-09,Exception,8967991,"LAURIMED, LLC",840019917827,98,102.06244053766275
Services,2021-02-22,Cancelled,9165471,"BIOLIFE, L.L.C.",10888439714326,28,101.22221355521046
Services,2022-04-03,Sold,9784120,CERAMISYS LTD,8806388273027,141,102.45908578343139
Maintenance,2021-03-26,Cancelled,9517822,VIANT MEDICAL,3607505401249,33,96.17846001237747
Support,2021-04-16,Hold,5211170,THERAPIXEL,190660131388,37,101.17827782382356
Helpdesk,2022-01-12,Pending,3759093,"Kunshan Hi-Fortune Health Products Co.,Ltd",889795005984,6,98.9731665398054
ServiceCall,2021-01-28,Pending,7505053,"Guangzhou Xinbo Electronic Co., Ltd.",7630971200517,108,96.89696779525164
Maintenance,2021-02-18,Exception,518839,PERFINT HEALTHCARE PRIVATE LIMITED,10887488749570,103,99.87554601432797
Sourcing,2021-10-10,Sold,8188374,"LIGHTLAB IMAGING, INC.",M68441102851001,74,100.53077570024355
Support,2020-12-19,Pending,6740739,SHINA SYSTEMS LTD.,803622125751,99,97.21658438300099
IT,2021-11-14,Pending,2185694,SOPRO-COMEG GmbH,10889942376711,114,98.3955173285149
Sourcing,2020-10-14,Exception,3681951,GROUP PRACTICE SOLUTIONS INC.,D788322CC400201,107,101.07884141792965
Sourcing,2020-12-05,Cancelled,4325978,NKUS LAB,889795051233,90,100.92836893973974
Helpdesk,2020-04-06,Cancelled,4763589,"23ANDME, INC.",380740014407,75,102.8283283212285
Sourcing,2020-08-06,Pending,3905847,KOALYS TECHNOLOGIES LTD,D00116116UP2432B0,30,101.35505984049666
Sourcing,2020-12-29,Sold,3852859,Mölnlycke Health Care AB,190776160623,109,100.70729875008092
Sourcing,2020-03-16,Exception,5695875,"pro med instruments GmbH, Herstellung und Vertrieb medizinisch technischer Ausrüstung",6941813641957,54,100.60970016953449
IT,2020-07-14,Pending,6124570,"Kestra Medical Technologies, Inc.",814008029761,77,101.2657150228065
Sourcing,2021-02-01,Sold,5868001,SHINA MED CORPORATION,8806189843351,55,97.07621232005815
Helpdesk,2022-04-10,Hold,5864566,FORMLABS OHIO INC.,M684PNV039171,136,96.37359313299645
Sourcing,2022-01-30,Cancelled,8131759,INTERNATIONAL MEDICAL INDUSTRIES INC.,840828115988,94,103.53463461434421
Services,2021-07-04,Sold,7789073,"KNIT-RITE, INC",812564039071,61,99.49768352146606
Support,2020-01-08,Cancelled,6449784,WIDE corporation,885556807460,102,101.68406164609023
Maintenance,2020-08-16,Sold,2545340,"Shenzhen RF Tech Co., Ltd.",801741036194,127,98.14663979858416
Helpdesk,2020-01-02,Pending,2760304,"CARDIVA MEDICAL, INC.",887517936080,10,96.39424791259849
Helpdesk,2021-07-20,Sold,8755738,FIDMI MEDICAL LTD,888480557012,62,99.8100341974209
Helpdesk,2021-05-21,Hold,3836720,Intersurgical Incorporated,801741052392,28,100.51490626517808
IT,2022-02-01,Cancelled,3781835,MECTRONIC MEDICALE SRL,7613275604441,11,98.27226752475804
Sourcing,2021-07-23,Hold,7974854,Precision Spine,3700712406837,39,100.68551004783964
Helpdesk,2022-04-06,Exception,4762471,Stihler Electronic GmbH,8800056245972,7,99.21620816441227
Maintenance,2020-05-11,Hold,3907384,AMI Agency for Medical Innovations GmbH,15019517035919,123,100.04762266463548
Helpdesk,2020-12-02,Sold,4047520,Mays & Asscoiates,889095262360,124,100.23633260566427
Sourcing,2021-10-02,Exception,7225897,"DECIMAL, INC.",190746151538,97,98.96973240308473
Sourcing,2020-04-02,Cancelled,4046918,"ShenZhen Pentasmart Technology Co,.Ltd",763000143633,17,99.60347456021093
Services,2021-12-06,Exception,5912285,"POPS! DIABETES CARE, INC.",191375012672,19,98.69136989913702
Helpdesk,2021-07-20,Cancelled,148095,"Osun Medical Co., Ltd.",190746033490,121,100.50324713345198
Sourcing,2021-03-13,Pending,5013479,"INCONTROL MEDICAL, LLC",6944414039291,82,100.85553734850478
Helpdesk,2020-05-16,Pending,8458846,"SLEEPNET, CORP.",4054896071374,141,97.29175713182255
Services,2021-03-22,Sold,9890913,Philips Digital Mammography Sweden AB,5706069852066,52,98.49648611101135
Sourcing,2020-01-08,Cancelled,8597352,ELITECH MICROBIO,10887488501352,4,101.63783690184724
Sourcing,2021-05-24,Sold,1478579,"POLYCONVERSIONS, INC.",817020020808,47,101.15406617467227
ServiceCall,2021-06-08,Hold,106610,"SPECIALTY APPLIANCES, LLC",887868315862,21,100.12783517410556
Services,2020-04-14,Cancelled,572653,"4L Health Co.,Ltd.",846468021511,13,97.1072328154309
Support,2020-01-10,Pending,3969427,Bolton Medical Inc.,4046445302688,83,98.28080796974541
Support,2020-07-09,Exception,8568844,"COSMED USA, INC.",8800037520685,49,103.37518020204192
Helpdesk,2020-03-24,Cancelled,1065947,ASPECT IMAGING LTD,10809160303306,47,105.36219591734667
Services,2021-05-21,Exception,8163393,"Tangshan Hongyun Healthcare Products Co.,Ltd",10193489051988,113,98.05688826226599
IT,2021-10-04,Exception,449142,"SHENZHEN LAUNCH ELECTRICAL CO., LTD",190837072353,88,99.14396610072832
Support,2020-04-05,Sold,1950712,"AESCULAP, INC.",10884521552456,87,100.83764658053545
IT,2022-02-06,Cancelled,6118842,AMAZON.COM SERVICES LLC,10885632029134,127,103.7985499185306
Sourcing,2022-04-18,Sold,6304473,Alpin Surgical Specialties Inc,841523100408,148,99.90030569833218
Services,2021-10-23,Pending,3005695,QURA SRL,10193489589931,3,101.75989069671702
ServiceCall,2022-02-20,Pending,4576512,"ECHOPIXEL, INC.",888480562139,28,98.0336889739623
ServiceCall,2021-08-27,Hold,557537,I PLAY. INC.,E0HM22000173140121,80,102.59949963715495
Sourcing,2020-11-07,Cancelled,6640556,Keybo Technologies Ltd,8809489299170,18,99.52872856495625
Services,2020-01-24,Sold,4392285,"Altus Spine, LLC",8717213053922,87,100.4358741382644
Services,2021-07-09,Cancelled,1859212,"CARDIOMEMS, INC.",20705032074848,110,101.50461537505488
ServiceCall,2020-12-08,Sold,5370051,"SUMMIT TO SEA, LLC",8800017260228,2,101.2375819896777
Maintenance,2020-04-29,Cancelled,891551,SONOSCAPE MEDICAL CORP.,8800041006441,15,98.2353054315646
Support,2020-06-22,Sold,1120785,AIRXPANDERS INC,10351688900043,46,102.67937852298053
Sourcing,2021-03-25,Sold,7480613,Clever Culture Systems AG,10195594248765,80,102.42300158910197
Maintenance,2021-07-22,Exception,9967819,"LASER ASSOCIATED SCIENCES, INC.",868390000211,58,98.64935975822608
Services,2020-08-12,Sold,19880,"DIABETIC SUPPLY OF SUNCOAST, INC.",190730082688,15,98.40276900502593
Maintenance,2022-03-04,Pending,6826657,"DEN-MAT HOLDINGS, LLC",M209207780,30,100.99931769881029
Services,2020-11-07,Hold,9145213,Ogenix,815235023348,91,100.50820957260999
Sourcing,2022-01-05,Exception,7731981,"HYPOTHERMIA DEVICES, INC.",888867242357,104,100.67575276985754
Helpdesk,2022-01-27,Cancelled,6703123,DXNA LLC,10887488757438,14,98.90079570259412
Sourcing,2021-08-30,Exception,659495,Athena Surgical LLC,840096400083,50,96.66046560162894
Sourcing,2022-02-22,Exception,8006743,"BIOCHECK, INC.",8809255541472,120,101.22225763503013
ServiceCall,2021-07-24,Hold,2071445,MINDCHILD MEDICAL,8719214222161,37,99.42129688150952
Sourcing,2021-10-18,Sold,8863849,"OSSAWARE BIOTECH CO., LTD.",3760244031488,144,100.6182824588677
Sourcing,2021-02-09,Pending,5853093,Bioneer Corporation,10190886002827,96,98.885351701417
ServiceCall,2020-02-27,Cancelled,4303923,TYROLMED GmbH,4046445135514,41,100.59514843679155
Services,2021-11-14,Cancelled,1548866,YSI INCORPORATED,889795038241,73,100.1723236001995
Sourcing,2021-05-20,Exception,6850345,"PICCGUARD, LLC",841731100870,76,99.58783706109264
Sourcing,2021-02-02,Pending,1640680,MEDICAL CABLES SL,10381780190974,125,98.6409091342849
Maintenance,2020-04-26,Pending,6732483,"PREVENTICE TECHNOLOGIES, INC.",10806378086939,89,99.5313959773659
Sourcing,2021-10-03,Pending,9533206,CAMERON-MILLER INC,90814008024998,130,101.12042214457276
ServiceCall,2021-05-03,Exception,4013809,OPTIMET,801741079740,23,100.43687036366065
Services,2020-08-19,Sold,8039691,"Rhinosystems, Inc.",M555911135110,140,98.02721791542002
Services,2022-04-28,Hold,3665916,"Saeshin Precision Co., Ltd.",821925007093,111,103.53369889448146
Helpdesk,2021-09-30,Sold,3082959,"ALLWIN MEDICAL DEVICES, INC.",20886982180565,12,98.88383722608874
Services,2020-07-20,Cancelled,954068,"OPTI MEDICAL SYSTEMS, INC.",850002332254,20,101.14158566225086
Support,2021-08-29,Pending,5672896,"Alcon Laboratories, Inc.",10889981157494,139,100.64518108788094
Helpdesk,2020-11-05,Cancelled,3439662,PERMA LABORATORIES LLC,8806387804710,124,99.90222138450945
IT,2021-04-20,Hold,7546691,"PEARSON DENTAL SUPPLIES, INC.",385640004985,119,97.53348264526535
Maintenance,2020-02-12,Exception,2827898,"AXIOM MEDICAL, INCORPORATED",10888857149625,109,100.2688646552708
ServiceCall,2021-01-10,Cancelled,9062885,Ceiba Healthcare Technologies LLC,887868174278,98,96.24110637159788
Support,2021-04-09,Exception,6348318,MED -FIBERS INC.,715317100939,85,101.74821380170634
Maintenance,2020-02-23,Sold,5939847,"O2 CONCEPTS, LLC",7613327382594,26,104.59020748141735
Maintenance,2021-04-10,Pending,470922,G21 SRL,10705034771670,111,100.71112912553467
ServiceCall,2020-03-01,Cancelled,7134071,GENCHEM INC,8714729382515,25,101.8177265788212
Support,2020-02-08,Hold,7389174,"Paragon Vision Sciences, Inc.",844856095533,133,101.87099628429374
Maintenance,2021-03-31,Cancelled,3404849,JTECH Medical,887868025983,139,97.80807285160353
Services,2020-06-12,Pending,2072376,BJORN HALL PTY LTD,4026704605989,76,98.71676133533406
Sourcing,2021-09-10,Hold,728633,Best Medical Canada Ltd,822383929026,62,100.59892980248635
Maintenance,2020-08-04,Sold,9770853,"CHANNEL MEDSYSTEMS, INC.",817906024661,16,98.20679893554727
Helpdesk,2020-05-30,Pending,217853,"SONIVATE MEDICAL, INC.",10381780240648,118,101.78595059824947
Sourcing,2021-04-11,Sold,4484345,"PANTHER ORTHOPEDICS, INC.",643169850378,97,100.15767995009975
Support,2021-08-11,Cancelled,3250510,"Hangzhou Qingyuan Medical Equipment Technology Co., Ltd",EFOR73103031001,65,98.47310256269267
Maintenance,2021-12-04,Cancelled,9641809,GD CARE INC.,4059082020808,131,100.6876353346666
ServiceCall,2020-09-25,Hold,7241462,Novapproach Spine LLC,10885403077166,74,99.97199178871634
Services,2020-07-22,Sold,8712801,Z SYSTEMS USA INCORPORATED,10886982242662,26,101.32682265142464
Helpdesk,2022-03-15,Pending,7128947,"SONIVATE MEDICAL, INC.",888867107595,13,99.96105099301208
Maintenance,2021-03-15,Hold,7375133,VIRAK ORTHOPEDICS LLC,809161144208,81,100.70393372826614
IT,2022-02-16,Exception,2676108,GENADYNE BIOTECHNOLOGIES INC.,842326154995,131,96.75683161278141
Sourcing,2022-01-31,Hold,704281,BIO CENTRIC INC.,636257482179,32,100.20077663619789
Services,2020-07-19,Exception,2543302,"PONTIS ORTHOPAEDICS, LLC",10888439516586,147,96.31330660430267
IT,2020-02-26,Cancelled,9782343,SPIWAY LLC,10888857486249,138,102.5639364497289
Sourcing,2020-09-26,Hold,8306259,NEUROPRO SPINAL JAXX INC.,10887488724133,120,99.16192132586677
ServiceCall,2020-12-24,Exception,8705702,"WELCH ALLYN, INC.",628725005003,75,100.65367539497673
Sourcing,2021-07-06,Cancelled,9415810,"POLYMER TECHNOLOGY SYSTEMS, INC.",10884521009561,93,99.34619545590515
Support,2022-03-09,Exception,1842377,"LASER ASSOCIATED SCIENCES, INC.",4547480301112,61,95.65593287896814
Helpdesk,2021-10-08,Pending,6302095,"GLADRAGS SUSTAINABLE WOMEN'S HEALTH, LLC",842326154322,139,100.31133180519234
Services,2021-03-27,Sold,5896189,"VAREX IMAGING WEST, LLC",D7091036346,99,98.89573913899827
Helpdesk,2020-07-31,Cancelled,9894692,"BOSS INSTRUMENTS, LTD., INC.",850008541841,10,98.52799473648741
Maintenance,2021-01-20,Hold,650002,Vcomin Technlogy Limited,10889942309696,73,98.09099097313161
IT,2021-06-23,Cancelled,3519813,"Shenzhen Bosidin Technology Co.,Ltd.",840420151001,105,98.9340241876322
Maintenance,2020-03-14,Pending,3726129,CREO MEDICAL LIMITED,8717872020853,72,104.5810406280546
IT,2021-12-20,Exception,2508027,"Lepu Medical Technology (Beijing) Co.,Ltd.",8800056210550,51,98.10789428423487
Sourcing,2021-11-26,Pending,2712483,"Horizon Scientific, Inc.",EIBAM10145000,36,102.05022147665856
Maintenance,2020-12-20,Exception,7696618,SIRTEX MEDICAL PTY LTD,8800113950184,1,102.22859036351907
Sourcing,2021-04-21,Hold,8373352,Biegler GmbH,888937003789,52,97.7807652614331
Services,2020-10-30,Cancelled,6009395,"VIBRATEX, INC.",848530034740,30,98.97444894973763
Services,2021-03-16,Pending,18514,BETTER LIFE TECHNOLOGIES LLC,10193489749946,111,100.36547493876269
Sourcing,2021-05-04,Pending,9523951,NG BIOTECH,840663101306,3,99.95714739020059
Services,2021-07-25,Pending,652349,"VILEX IN TENNESSEE, INC.",10887587065021,60,98.7248772343515
Sourcing,2021-03-02,Hold,279371,POLYGON MEDICAL INC,10889981052522,68,102.3224768453256
Maintenance,2020-06-14,Cancelled,3907301,SPINAL ELEMENTS,4046963341664,17,101.59769566177776
ServiceCall,2020-10-15,Pending,7223163,"KELYNIAM GLOBAL, INC.",10885862171603,46,101.00600619058618
Services,2022-03-22,Pending,7669132,"AKERS BIOSCIENCES, INC.",385640027984,27,98.09657912196485
Sourcing,2020-03-05,Exception,171269,"ECOTEC MANUFACTURING, INC.",888912227988,86,100.34700701272156
IT,2021-10-19,Cancelled,9975171,Hi-Dow International Incorporated,10888439303513,127,100.46419898436106
ServiceCall,2021-07-25,Sold,3409667,Medart A/S,8809625987046,126,100.73053490863569
IT,2020-04-10,Pending,8379263,"Pare Surgical, Inc",30885632102169,60,101.15953706810217
Helpdesk,2022-03-15,Hold,5108382,"TECHNIGLOVE INTERNATIONAL, INC.",7613327252484,139,97.25999855886506
Support,2021-09-30,Sold,9796278,"PIOLAX MEDICAL DEVICES, INC.",841523106776,83,101.70294298432404
Sourcing,2020-02-04,Pending,2651521,MAZZA HEALTHCARE LLC,857268006905,111,96.98615993850979
ServiceCall,2022-04-06,Pending,304183,VIANT MEDICAL,3700386914683,95,101.88938383288175
Helpdesk,2020-06-19,Hold,2635647,"Ahold U.S.A., Inc.",842326158795,123,102.14660581857618
Sourcing,2020-02-16,Sold,5831245,"Calyxo, Inc.",4046964557279,86,101.60781547610846
Sourcing,2020-09-11,Cancelled,7813733,DESARROLLO E INVESTIGACION MEDICA ARAGONESA SL,842318129666,4,97.47499873923103
Services,2020-01-11,Cancelled,9656908,"ELECTROCORE, LLC",M684PTSR04101,55,98.83384707032006
Maintenance,2020-02-16,Pending,8974823,RevisiOs B.V.,18257200022038,16,100.06413151106857
IT,2020-11-23,Exception,9158596,"EVENFLO FEEDING, INC.",888480555124,95,98.98487856889794
Maintenance,2020-03-06,Cancelled,119199,"Encore Medical, L.P.",10889942630738,127,100.12862831795246
ServiceCall,2020-09-11,Cancelled,8652890,KEELER LIMITED,4046955214365,25,95.68994121419831
Sourcing,2022-01-17,Hold,8511673,Tridien Medical,636257189115,31,102.19095343386522
Maintenance,2021-07-20,Cancelled,1903398,"Intersect Ent, Inc.",8800038038790,123,98.53587158754306
Sourcing,2020-03-20,Pending,6089689,"Laseroptek Co.,Ltd",6945664856249,62,98.74517654380055
Support,2020-08-10,Sold,6825802,BLUE SKY BIO LLC,190776080112,52,101.82851943204805
IT,2022-04-11,Hold,7067755,KENPAX INTERNATIONAL LIMITED,190361001355,10,101.00182724321357
Sourcing,2020-07-07,Pending,9370611,INTERSON CORP,840487101049,11,99.27867232643582
Sourcing,2020-06-02,Hold,8913393,FINE SURGICAL INSTRUMENTS INC.,721902854057,2,99.87113154956019
Services,2020-08-08,Pending,5510798,BIOCHEMICAL DIAGNOSTICS INC,887517980380,141,100.07111754250323
Maintenance,2020-01-21,Exception,9387980,Shenzhen Yinuo Dental Technology Co.LTD,819824023368,141,94.2764593859442
Sourcing,2021-09-17,Pending,4290381,"HAYS, INC.",10195291002035,101,102.45266967578425
Maintenance,2020-05-07,Cancelled,9632962,APTERYX INC,841365101663,4,101.4120829391155
IT,2020-04-19,Cancelled,3763491,"ELEVATION SPINE, INC.",EFOR73708040051,128,99.36807395583686
Sourcing,2021-12-31,Cancelled,1122529,"EMPI, INC.",647529003602,61,97.99349403140275
Support,2021-08-10,Sold,833879,EMMY MEDICAL LLC,822383974217,23,99.05537659930276
Maintenance,2020-03-22,Cancelled,5985288,FEMMEPHARMA CONSUMER HEALTHCARE LLC,842768003790,76,100.53608491751282
Support,2020-07-25,Exception,8020331,RICHARD WOLF MEDICAL INSTRUMENTS CORP.,7613327056334,82,99.74095064784927
ServiceCall,2020-04-21,Hold,1704095,MARKETLAB INC.,10889942864805,114,97.95817660070455
Maintenance,2021-02-13,Exception,5394686,"JOINTECHLABS, INC.",10705032055857,83,100.19653206985649
Sourcing,2020-11-17,Exception,3048749,GENTUITY LLC,D00115446L6629L0,126,102.48761726159974
Sourcing,2021-07-27,Hold,8447479,Eight Medical International B.V.,M555910153319,59,98.44703691744506
ServiceCall,2021-09-13,Cancelled,9105091,QURE.AI TECHNOLOGIES PRIVATE LIMITED,10809160250280,10,99.22553632931142
Helpdesk,2020-06-07,Sold,2034467,Varex Imaging Nederland B.V.,10888439358483,137,99.75395890888169
IT,2020-02-22,Cancelled,2750496,"Cutting Edge Spine, LLC",190660155537,118,100.49382070183601
ServiceCall,2022-02-22,Sold,2136303,Get-Grin Inc.,10888439834949,135,102.92581439169614
Support,2020-01-23,Pending,3524971,"SYNTHASOME, INC.",10620974000492,145,100.64447363530195
Helpdesk,2020-08-09,Cancelled,2033364,Caire Diagnostics Inc.,190776187651,29,99.62764193870086
Services,2021-05-25,Sold,5716888,SyntheticMR AB (publ),816787024289,97,101.11104691557527
Helpdesk,2021-09-05,Hold,6448468,"CONTEC, INC.",10809160337950,49,97.91752015652231
Services,2020-05-23,Cancelled,9000203,Solarc Systems Inc,763000531188,24,100.06478325910506
Support,2022-03-22,Sold,795067,3M Deutschland GmbH,190376246048,86,102.23000537760625
ServiceCall,2020-03-10,Pending,1057688,CROWN SURGICAL CORPORATION,4042761005364,149,98.4445047003977
Maintenance,2020-07-25,Cancelled,9357804,AiBiomed,887709121430,125,101.02857450711873
Support,2021-09-26,Pending,4736091,"PHARMCHEM, INC.",8809763481437,63,102.35703462426424
Maintenance,2020-12-28,Pending,1483263,GLOBE SCIENTIFIC INC.,636257460016,113,100.70175645049173
Services,2021-07-08,Pending,5163340,DONGGUAN TRICROWN PRINTING INDUSTRIAL LTD.,8809544903547,139,97.33811411576211
Services,2020-10-14,Exception,8028041,"Unimed Medical Supplies, Inc.",30605861047457,17,103.84314807050973
Sourcing,2021-10-30,Pending,6509396,"MAYER LABORATORIES, INC.",10193489472905,116,100.68229093615923
IT,2020-08-31,Pending,9972092,M.E.S. MEDICAL ELECTRONIC SYSTEMS LTD.,889095740721,41,101.77281989299168
IT,2020-01-26,Sold,8176149,Medviso AB,10381780115359,88,99.3304112757075
IT,2022-04-29,Hold,9078848,O.B - TOOLS LTD,888867004092,51,102.39082125041698
Sourcing,2020-05-09,Sold,967860,Aeda Healthcare Limited,10888439311921,105,99.1159534854065
ServiceCall,2021-04-12,Pending,4167279,"GLYTEC, LLC",844509000648,64,99.39689952696465
ServiceCall,2021-10-14,Pending,9558704,"CRANIAL TECHNOLOGIES, INC.",8806373572647,137,99.63756128957229
IT,2021-09-04,Sold,737858,"DMG AMERICA, LLC",818566013651,65,98.29601362559005
IT,2020-04-28,Exception,7876469,"MIRAMAR LABS, INC.",840085235252,108,101.40072756403247
Helpdesk,2022-04-23,Hold,6085066,Fujirebio Europe,650551041832,60,98.94547491867284
Maintenance,2022-05-01,Hold,4345472,Kateway Limited,849044042009,52,100.34293252525939
Services,2021-07-19,Cancelled,4498970,"CRAMER PRODUCTS, INC.",10381780217497,77,97.686969462637
Support,2021-04-17,Sold,6388943,"Shenzhen Mindray Bio-Medical Electronics Co., Ltd.",8806189879534,72,101.14066466917427
Support,2021-06-25,Hold,8418798,"SYNTRON BIORESEARCH, INC.",10195594222857,99,97.27667045757313
Sourcing,2020-01-05,Pending,1945585,"BM KOREA CO., LTD",10351688837172,38,99.8635745287564
Support,2020-10-31,Exception,8807450,Norlase ApS,24026704270181,107,103.60889173696071
Sourcing,2020-09-29,Hold,8389170,"ISCHEMAVIEW, INC.",7630030818844,97,97.05617896847791
ServiceCall,2020-08-13,Exception,9443018,"3A Medical Products Co.,Ltd",380652361682,102,101.84710789341727
IT,2021-12-20,Pending,8227751,STRYKER MEDTECH K.K.,18032568030266,94,99.49427130387024
Maintenance,2020-05-07,Pending,6144382,"BARRETT TECHNOLOGY, LLC",9120046320410,128,100.54295735092367
ServiceCall,2020-03-05,Sold,3185198,GoldenDent,E1996004241,41,98.34789022974442
Sourcing,2022-04-18,Hold,1894568,Mode LLC,880304762589,121,100.37675910985115
Sourcing,2021-02-13,Cancelled,1728246,Cora,700812007029,22,103.86480666178906
Support,2021-02-19,Sold,8246180,"VITALGO, INC.",10193489298796,81,99.37191296781053
Services,2020-08-12,Sold,4154563,ATCOR MEDICAL PTY LTD,10381780176602,99,99.96574149640401
Sourcing,2020-02-12,Sold,2501134,"ERCHONIA CORPORATION, LLC",20451101149,54,102.76964638935037
ServiceCall,2021-12-11,Hold,4985344,"KONO SEISAKUSHO CO.,LTD.",193033379943,68,96.64804060178825
ServiceCall,2020-04-04,Sold,2016472,Coloplast A/S,848657038546,82,101.27126833683262
Support,2020-07-23,Pending,3729103,"APOLLO MEDICAL OPTICS, LTD.",35664008406,1,99.43413168477933
ServiceCall,2020-06-05,Sold,894774,"TOP-RANK HEALTH CARE CO., LTD.",10649111192180,53,101.26475253647021
Sourcing,2021-03-14,Sold,1892105,"Tasso, Inc",5706069748574,141,102.0388607361707
Sourcing,2022-03-27,Pending,9497310,"TOVA COMPANY, THE",10351688827739,29,97.34059764955643
IT,2020-03-28,Exception,3447007,GMV SOLUCIONES GLOBALES INTERNET SA,18257200044177,1,99.51696512158298
Maintenance,2021-03-24,Exception,3876173,"Vascular Solutions, Inc.",10889942419791,1,101.38767201842114
IT,2021-06-22,Sold,6584078,"Shanghai Motex Healthcare Co.,Ltd.",M68253401209N0,5,99.1481085650473
Sourcing,2020-06-29,Pending,8128511,Freudenberg Performance Materials L.P.,842271112804,99,100.31906515031486
IT,2020-07-05,Cancelled,8592182,THALES AVS FRANCE SAS,4582275820744,74,100.38838538628615
Sourcing,2020-08-14,Pending,4912119,"DEERFIELD IMAGING, INC.",889095040098,14,97.76070411626645
Sourcing,2020-03-29,Pending,3202142,Sequel Medical Inc.,10840843110064,51,99.73332209720385
Maintenance,2020-03-29,Cancelled,6659111,"J.R.J. MEDICAL INNOVATIONS, LLC",10885425631339,119,101.44603237661887
ServiceCall,2020-04-11,Sold,8253381,ASCEND EAGLE INCORPORATED,887517391377,69,98.67015541739443
IT,2020-09-20,Pending,905630,"Nysale, Inc",10885632273827,7,100.01576455318315
Services,2021-03-27,Sold,1849684,King Systems Corporation,4057532134921,126,101.03254540653893
Support,2022-01-22,Hold,1640067,"DONGGUAN CITY SINOSHINE TECHNOLOGY CO.,LTD",636257177921,102,101.01587450290191
Maintenance,2020-12-04,Exception,9571932,BAUI BIOTECH CO. LTD.,10887488286938,68,100.57588557388212
Helpdesk,2020-07-03,Hold,1877293,"ABENA NORTH AMERICA, INC.",5055662900330,81,100.70725017419082
IT,2021-09-13,Pending,5479372,"BUTTERFLY NETWORK, INC.",842071102807,134,96.97981854740628
Maintenance,2021-01-14,Exception,2931620,Arbutus Medical Inc,840018618039,112,101.55153192058975
Support,2021-01-01,Hold,2226901,BETTER LIVING BRANDS LLC,10886704074939,75,102.11225186348877
Maintenance,2021-08-31,Sold,7300897,BEGO Bremer Goldschlägerei Wilh. Herbst GmbH & Co.KG,812790029013,64,98.61365778263472
Helpdesk,2020-01-18,Cancelled,2854260,Fujirebio Europe,7640156474374,9,99.95150877071623
Maintenance,2020-03-26,Exception,3858311,Auditdata A/S,851714007065,19,95.59964368954772
Maintenance,2021-03-11,Hold,1056154,ALESI SURGICAL LIMITED,4546540710413,61,99.32610535312799
Sourcing,2020-02-09,Exception,177804,Med-El Elektromedizinische Geräte Gesellschaft m.b.H.,676190322194,18,97.67076489778687
Sourcing,2021-07-21,Hold,9436814,Fabrinal SA,673693403085,47,99.59011997060107
Helpdesk,2021-11-02,Exception,1404069,VISUNEX MEDICAL SYSTEMS INC.,7630040723268,88,101.02359074032992
Maintenance,2020-09-30,Exception,4038236,ANTIBODIES INCORPORATED,10888439372687,94,99.322591663885
Services,2021-05-03,Exception,628700,Profound Medical Inc,887868502064,119,98.30638485693079
ServiceCall,2022-04-19,Sold,6847720,"Orthly, Inc.",7290108698930,112,102.27618039001493
ServiceCall,2020-01-17,Pending,8949292,Ambra Health,822383259086,126,99.94985523460015
ServiceCall,2021-07-22,Cancelled,4169546,Fresnel Prism & Lens Company,10195594161187,2,101.08691716850068
Support,2020-04-03,Sold,924639,LUNAMAX LLC,841193123370,136,99.9620193969165
Services,2021-01-14,Exception,9459315,"INTERSCOPE, INC",6942782477875,133,100.32823423069256
Sourcing,2021-08-31,Exception,3271354,DEOCCO LLC,715317790697,4,99.15254794932645
Sourcing,2020-03-02,Hold,389874,"GROVE COLLABORATIVE, INC.",889024562233,32,101.24073489883408
Support,2022-02-02,Hold,3730312,"TORNIER, INC.",10192253025613,86,96.56436944397
Helpdesk,2020-10-13,Hold,4585829,"MEDSPIRA, LLC",10610586029790,55,98.24759400641759
Services,2021-03-24,Pending,1073167,CARROT INC. WHICH WILL DO BUSINESS IN CALIFORNIA AS CARROT BEHAVIORAL HEALTH INC.,616489123538,128,94.75884882702846
ServiceCall,2020-09-04,Pending,224786,"PATRIN PHARMA, INC.",8806189864080,53,99.99090619831662
Sourcing,2020-04-26,Sold,4107682,"R.J.L. SCIENCES, INC.",10889942028832,28,98.13505466011324
Support,2020-04-25,Hold,2829901,Terumo Cardiovascular Systems Corporation,10888277360808,126,97.86894732283604
IT,2022-01-08,Cancelled,3014458,BHM-Tech Produktionsgesellschaft m.b.H.,5055343879665,150,99.74862379466157
Support,2020-05-01,Hold,7091670,Pixmeo Sàrl,889095151527,13,98.5497219161123
IT,2020-10-14,Pending,3590114,"ZIMMER ORTHOPAEDIC SURGICAL PRODUCTS, INC.",880304614543,77,100.68520587717168
ServiceCall,2022-01-14,Cancelled,3934686,C.M.P. Canadian Medical Products Inc,4547480480848,2,101.33519255155413
IT,2020-10-20,Sold,2344942,"DIGISIGHT TECHNOLOGIES, INC.",810633020487,10,97.31447250055605
Sourcing,2021-06-12,Exception,5185018,"Voxa Pod, Inc.",14026704607478,103,98.75013978095106
Maintenance,2020-07-30,Sold,6002016,"PIHSIANG MACHINERY MANUFACTURING CO., LTD.",681490844352,148,102.17017589458024
IT,2020-12-01,Cancelled,4039390,implantcast GmbH,9348215084578,128,102.4147590428391
Helpdesk,2020-12-13,Pending,3299487,VIVAX MEDICAL CORPORATION,10885632012501,71,99.82358463965069
Helpdesk,2020-04-13,Exception,9856006,"MBD CO., Ltd.",749756624848,146,99.94635681105159
ServiceCall,2021-08-01,Pending,508470,"Fresenius Medical Care Holdings, Inc.",H965806410620,19,101.00293847793452
Sourcing,2020-02-05,Cancelled,1706859,AL-BAD MASSUOT YITZHAK LTD,8800000901527,20,98.12969708597198
Support,2020-01-10,Cancelled,4926949,MPS Precimed SA,880304939240,146,102.3552487293906
Services,2021-09-09,Sold,4772971,MEDICAL DEVICE RESOURCE CORPORATION,888480582861,23,103.34303580585292
Sourcing,2021-08-31,Exception,6618318,"ALFA SCIENTIFIC DESIGNS, INC.",723860052278,60,98.49690667178398
Sourcing,2022-03-02,Pending,3220406,MED SYSTEMS INC,4050659209817,54,98.68318167588724
Sourcing,2021-05-27,Pending,146364,Maquet Cardiopulmonary AG,4046826060930,51,102.95556675216832
ServiceCall,2022-01-18,Hold,3106432,Orthopedic Sciences Inc,854382006965,22,100.43514707737431
Services,2020-07-25,Pending,9723070,EXCEL MEDICAL ELECTRONICS LLC,880304988972,85,99.21523868956399
Sourcing,2020-06-11,Sold,9566661,"ASPIRE BARIATRICS, INC.",10193489838510,135,99.09783374290942
Services,2021-10-20,Exception,7132087,"SUPERTECHS, INC",887868043802,28,101.64906531457775
Support,2020-05-26,Exception,9552323,RESMED PTY LTD,836462015821,104,96.28798183703164
Sourcing,2020-01-04,Sold,758152,XR HEALTH IL LTD,874750001293,108,97.39525552161307
Helpdesk,2021-11-12,Cancelled,4722540,ORPHEUS MEDICAL LTD,30382903059189,105,97.57594552879786
Sourcing,2020-10-25,Exception,7489930,"ARETECH, LLC",842448103024,84,99.45153718870998
IT,2022-01-09,Pending,4102647,ClariPI Inc.,7640173161271,62,100.56255964472399
ServiceCall,2021-06-03,Exception,994968,WATERS TECHNOLOGIES CORPORATION,10886982130570,95,98.97002178893354
Sourcing,2020-10-13,Hold,2670904,IDUN SOLUTIONS LLC,10887488087948,96,100.54090583742185
Helpdesk,2020-12-03,Hold,6514230,EBM TECHNOLOGIES INCORPORATED,10887488532325,11,99.72604315534988
Sourcing,2020-03-01,Pending,8299587,"DAESUNG MAREF CO.,LTD.",8800015929875,144,97.07236684992978
IT,2020-01-18,Exception,3801546,Biosense Webster Inc,8800033878650,93,99.2529409114728
Sourcing,2021-01-20,Cancelled,504054,MERCK MILLIPORE LIMITED,D7091983154,5,101.29481810346284
Helpdesk,2021-06-28,Exception,7025442,Zimmer Surgical SA,B425CST02023012,148,96.66962293921564
Sourcing,2020-09-10,Hold,4341069,RAND SPA,190707025779,113,99.92303088131753
IT,2022-04-03,Sold,7364997,"Eargo, Inc.",10796918001518,99,101.67762556212705
ServiceCall,2020-05-06,Sold,233667,"AMBIENT CLINICAL ANALYTICS, INC.",850392006223,145,99.6413112797068
ServiceCall,2021-03-23,Sold,234554,Thermi,3700712408121,19,97.73232791623205
Sourcing,2021-08-06,Cancelled,4100993,Planmed Oy,10351688749178,68,99.83170894424336
IT,2021-11-22,Sold,9448251,WEINMANN Emergency Medical Technology GmbH + Co. KG,10885380119279,44,100.67016729008031
Maintenance,2021-03-17,Exception,3247820,"KPI HEALTHCARE, INC.",5055788736523,39,102.46048928459356
Sourcing,2021-04-12,Exception,9030335,String King Lacrosse LLC,193033397077,103,99.75529139061493
Support,2021-12-03,Exception,2658422,NEWMAN MEDICAL LLC,3663422001030,70,100.24738751396825
Services,2022-04-26,Pending,876138,WR MEDICAL ELECTRONICS CO INC,10887488605128,144,99.27143702425296
Maintenance,2022-04-14,Pending,8355978,"Huizhou  Foryou Medical Devices Co., Ltd.",10351688715371,32,97.20166137638675
ServiceCall,2020-07-26,Hold,8618270,LIFE CARE MEDICAL DEVICES LIMITED,7613252085485,146,98.30630882667437
Maintenance,2021-09-27,Pending,3115211,VAREX IMAGING CORPORATION,613994765925,112,98.43631894308551
Support,2020-10-23,Pending,6461834,"Guangdong Biolight Meditech Co., Ltd.",10351688820068,57,98.39868294352225
Sourcing,2021-10-17,Cancelled,9271253,"Hubei Medlink Healthcare Co.,Ltd",D78832155000101,128,102.26606026849039
Sourcing,2020-04-09,Sold,1509095,"BONRAYBIO CO., LTD.",889095406221,137,97.79477533807741
Sourcing,2020-01-08,Exception,8019876,HI-TEC IMPLANTS LTD.,889858117876,97,106.20411472541316
Sourcing,2020-03-06,Cancelled,2368680,THE O R COMPANY PTY LTD,4046445616525,90,100.52147089680751
Support,2021-12-31,Pending,1634013,UBERLUBE LLC,8806162140347,44,102.47271844788973
IT,2022-03-03,Pending,5775491,pfm medical mepro gmbh,817325021968,68,101.09590756291908
Maintenance,2021-10-23,Pending,2603721,GlobalMed Inc,10653160317494,32,101.48010820296732
Sourcing,2021-06-16,Hold,7116211,KINVENT HELLAS,889858014038,50,99.38088486707834
ServiceCall,2021-06-26,Hold,9536325,Neo G USA Inc,810021832630,20,102.79107624008904
Services,2020-04-27,Pending,1064120,Heinz Kurz GmbH,5711583038414,39,102.71230976282767
Helpdesk,2021-04-09,Sold,2951007,"VATECH CO., LTD.",7630031701886,118,100.25036524813083
ServiceCall,2021-12-25,Cancelled,2171183,Mebo Life Science Inc.,5708296176847,21,97.52987584040612
Services,2020-06-20,Sold,697931,Conavi Medical Inc,7630030817359,119,97.00025038962166
Maintenance,2020-09-13,Hold,3133373,U DELIVER MEDICAL L.L.C.,EBRECO2X4A100,69,99.44563945882118
IT,2020-12-29,Cancelled,1448108,Planmed Oy,8800023107470,31,104.05236369709402
ServiceCall,2021-05-20,Sold,349663,LIDCO LIMITED,887709010888,72,98.20790769909837
Sourcing,2021-12-20,Pending,1353895,BURTON MEDICAL PRODUCTS CORPORATION,8800033889793,64,101.23136986036302
Services,2022-03-19,Exception,1805712,"ADVANCED INSTRUMENTATIONS, INC.",8800044752888,47,99.98955602421871
Sourcing,2021-10-18,Pending,4510570,"MEDIVIS, INC",D832ITELL1,67,98.71673418373906
Helpdesk,2021-09-17,Cancelled,7852698,BIOSEAL,4046963631888,114,101.59110158015123
Services,2022-03-03,Sold,6980914,Response Biomedical Corp,10680651417678,150,99.62942357852742
ServiceCall,2020-12-27,Exception,8520845,CHIYEWON.LTD,8800033138419,12,102.66243270035913
Support,2020-11-05,Sold,5367705,"ZUGA MEDICAL, INC.",650551087847,142,97.67651302280326
ServiceCall,2021-08-14,Hold,1565989,"CARILEX MEDICAL, INC.",636257011973,90,103.85597284670298
Support,2020-08-16,Sold,9460720,CEREBROTECH MEDICAL SYSTEMS INC,842180114074,137,103.52941311148025
Helpdesk,2020-10-04,Cancelled,352966,Thoratec Corporation,10809160265901,132,99.86676836404024
ServiceCall,2020-03-10,Cancelled,2426815,BSN medical GmbH,887517378835,149,98.68622703113914
Helpdesk,2021-09-01,Cancelled,6248505,CHIARO TECHNOLOGY LIMITED,D800TMAB3222,80,97.19328803100922
Helpdesk,2021-10-22,Exception,7296152,L PERRIGO COMPANY,J017B48446120,105,99.87361513360001
Services,2021-03-17,Sold,6821585,Shina Corporation,889095139242,125,98.34345678747589
Maintenance,2020-08-14,Pending,3680704,"CORMATRIX CARDIOVASCULAR, INC.",715317192361,121,99.22547325210495
IT,2020-04-27,Hold,4484321,Medical Measurement Systems B.V.,10885403172519,89,105.14575268173397
Helpdesk,2022-01-06,Pending,5174488,RELIGN CORPORATION,10705034726137,87,101.28162204978918
Sourcing,2020-07-04,Hold,7819562,"WEGMANS FOOD MARKETS, INC.",3596010463111,106,97.59520537862922
Sourcing,2021-11-26,Sold,5068819,Zimmer Surgical SA,192029026229,41,99.89940365101828
Helpdesk,2020-12-24,Cancelled,5066516,MOCACARE CORP.,843210119809,49,101.4881652353024
Support,2021-07-11,Sold,5063541,"Exer Labs, Inc.",10827002502441,87,97.95517593988461
IT,2020-09-12,Cancelled,4829027,"Zest Anchors, LLC",7629999054356,8,98.69657265488192
IT,2021-07-16,Pending,2052088,DMC MEDICAL LIMITED,18257200130627,142,100.57155707521119
Helpdesk,2021-01-05,Hold,8977274,NORTH AMERICAN MEDICAL CORPORATION,613994788047,25,99.40082630029019
IT,2021-02-06,Hold,3784898,TENS PLUS INDUSTRIAL COMPANY,DIVO6283961,28,99.50781644193707
Support,2022-04-02,Hold,8606256,LSI MEDIENCE CORPORATION,841396106095,113,99.49124206895108
Sourcing,2021-10-19,Exception,8424409,Phadia AB,810000980857,43,100.80470374562243
IT,2020-01-09,Cancelled,9245365,Synaptive Medical Inc,4260557834275,124,98.6804127086348
ServiceCall,2022-04-17,Pending,9146369,PROTOM INTERNATIONAL HOLDING CORPORATION,8435389816690,115,97.2446423721738
Maintenance,2022-01-04,Hold,1678611,ELITECHGROUP SPA,190660206284,147,97.88158205819441
Sourcing,2020-02-11,Sold,5296929,INTRICON CORPORATION,29120017577052,136,100.67398831549164
Sourcing,2022-03-20,Cancelled,4133222,"NEPHROS, INC.",8806364645862,120,96.63534341363341
Services,2020-08-20,Exception,2372491,"POPS! DIABETES CARE, INC.",14026704714176,9,102.10529210465667
Services,2021-12-26,Hold,3676140,AHLSTROM NONWOVENS LLC,M224ACC98429,53,97.83234093951107
Maintenance,2021-12-27,Exception,1881201,CANTERBURY SCIENTIFIC LIMITED,10885403062896,84,97.90157740478016
Services,2022-01-11,Pending,1181438,ENGINEERED MEDICAL SYSTEMS INC,10888439292961,137,99.76449874125045
Maintenance,2021-10-25,Sold,5674481,"Caliper Life Sciences, Inc.",17350088670146,3,97.69413041516124
Maintenance,2021-08-15,Cancelled,3576085,ENDO PHARMACEUTICALS INC.,858307007297,53,101.25433640246172
Sourcing,2020-10-03,Cancelled,2044649,POLIDENT d.o.o.,10603295115212,33,102.27095218927361
ServiceCall,2020-07-12,Cancelled,3685923,Eco-Med Pharmaceutical Inc,8809763483226,27,99.19607905861056
Maintenance,2020-05-04,Sold,8061403,Wyz Medical Supplies LLC,10887488759616,45,98.85518612111807
Sourcing,2021-08-23,Hold,9373436,"ONKOS SURGICAL, INC.",840481116100,131,99.63633763580017
ServiceCall,2021-07-27,Pending,6034478,"SCITON, INC.",8033707013471,59,98.16012345459649
Sourcing,2021-05-15,Sold,3235949,MIESSENTIA MEDICAL USA LLC,M9307910008190,68,100.12344497968988
Services,2022-01-24,Pending,9835348,BOMImed Inc,636257023860,140,94.79086656149423
ServiceCall,2020-01-27,Exception,6692187,KEYMED (MEDICAL & INDUSTRIAL EQUIPMENT) LIMITED,J014660370560,82,99.19561249986921
Support,2020-01-14,Cancelled,2182142,ADEPT MEDICAL LIMITED,841379133780,128,102.16383126846755
Services,2021-05-12,Exception,8277348,"Shenzhen AOJ Medical Technology Co., Ltd",7898288280428,98,100.10750275434212
ServiceCall,2021-03-19,Pending,5564149,Cavex Holland B.V.,15019517023374,10,97.63865010329351
Maintenance,2022-02-09,Exception,8448536,TELERAD TECH PRIVATE LIMITED,190660215897,15,102.58955411494772
Helpdesk,2021-09-08,Exception,371871,"Tangshan Hongyun Healthcare Products Co.,Ltd",10195594072995,39,98.91476819864697
IT,2022-03-22,Sold,1055224,MIDMARK CORPORATION,7640172550595,14,98.15056990773434
Sourcing,2020-11-29,Pending,739082,"ERESEARCHTECHNOLOGY, INC.",810040637490,42,99.3611972720193
Services,2020-06-19,Exception,8819606,Amico Lights Corporation,6945664804257,87,100.81790508784974
Helpdesk,2020-10-06,Hold,4489637,ANJON HOLDINGS LLC,10886982088178,139,100.58013826718688
Support,2022-03-06,Exception,2529413,L A P GMBH LASER APPLIKATIONEN,40677964025721,140,101.38445331933774
Sourcing,2021-10-01,Pending,7010518,"J.R.J. MEDICAL INNOVATIONS, LLC",10381780195115,145,101.40352272317293
Support,2021-03-25,Cancelled,6889453,P&P Medical Surgical LLC,10886982151261,23,96.99990658453814
Services,2021-03-01,Exception,7879287,DXNA LLC,DIVO6029511,106,99.85302246186056
Services,2020-01-30,Exception,1849701,MOCACARE CORP.,193033072158,82,99.01979104292616
Maintenance,2020-08-01,Sold,4794128,MODERN DENTAL LABORATORY (SHENZHEN),10888439644197,45,102.18840886981482
Services,2020-02-27,Pending,679786,"UNISTRIP TECHNOLOGIES, LLC",8059224012698,139,103.07089027692408
Sourcing,2021-06-19,Sold,402293,MEDTRONIC POWERED SURGICAL SOLUTIONS,10888439115239,64,99.28527816024825
Helpdesk,2021-11-25,Cancelled,8821831,Reshape Lifesciences Inc.,10885862003072,55,100.92716021344583
Sourcing,2021-09-08,Pending,2472602,"ZONEDIN VISION, LLC",M93071015033C0,55,96.91298126249303
Support,2021-04-02,Hold,8020685,"ELUCENT MEDICAL, INC.",M3848120700,93,103.39456065466364
Support,2021-11-15,Sold,8498241,Acanthus Medical Creations LLC,E0HM10000012040271,118,97.82488922390638
Services,2020-10-22,Cancelled,9058033,Jiangxi Hongda Medical Equipment Group Ltd.,M543100416,133,98.7878055623933
Sourcing,2022-03-03,Exception,6765050,"SONIVATE MEDICAL, INC.",4048551402610,116,99.86217991629685
Maintenance,2021-08-14,Sold,3028191,TAMPON TRIBE INC,851314007267,73,98.90381355666632
Sourcing,2020-10-17,Hold,8476521,DELTA BRANDS INC.,8300496063698,140,100.06508514335923
Support,2021-11-07,Pending,6289775,"CLINICAL HEALTH SERVICES, INC.",10887488152240,134,102.71150702659624
IT,2020-03-18,Hold,1036919,"Tribofilm Research, Inc.",10649111327445,135,100.16628237246182
Support,2021-01-06,Exception,8499810,"BURKHART DENTAL SUPPLY CO., THE",850004882047,109,98.10278760378704
ServiceCall,2021-12-22,Cancelled,8937507,C O S M E D SRL,8800015954686,127,103.2335173018297
Helpdesk,2020-07-18,Cancelled,7752477,"BRADSHAW MEDICAL, INC.",880304201194,115,99.6621783331874
Sourcing,2021-03-23,Hold,9745914,Elitechgroup Mdx LLC,887868449390,29,100.23142455316317
Sourcing,2021-05-18,Sold,2026927,"INDIAN WELLS MEDICAL, INC.",190376336213,3,99.66651983784371
IT,2022-04-17,Cancelled,8554275,EPITOPE DIAGNOSTICS INC,884450352182,88,100.54492918711347
Maintenance,2021-03-29,Sold,1663706,NIHON KOHDEN CORPORATION,815432029433,97,99.41474015408163
Sourcing,2020-06-26,Sold,1153758,INTRASENSE,842318124142,107,104.55220981724909
Sourcing,2020-06-14,Exception,5831501,"NEPHROS, INC.",4953170356148,103,98.9683525201316
Support,2021-08-20,Exception,4541684,HEALTH CONNECTOR LLC,10888857520394,12,100.85745695518408
Sourcing,2020-07-22,Cancelled,48483,PARAGON REHAB SUPPLIES LLC,815588021602,20,102.49918698914146
Services,2020-01-23,Hold,6355006,"HOBBS MEDICAL, INC.",10887488597584,137,97.84470637002049
Support,2020-05-19,Sold,623665,AUSTIN MEDICAL,817573024605,42,100.741999852321
ServiceCall,2021-09-24,Hold,2530016,"Zhongshan Camry Electronic Co., Ltd.",DIVO549769BN1,32,99.10697880239833
Support,2020-01-09,Exception,551857,Ethicon Sàrl,810060222546,104,98.77115699782959
IT,2020-07-31,Exception,1288860,"SHENZHEN WISONIC MEDICAL TECHNOLOGY CO., LTD.",10888857105508,101,99.60659823010114
Sourcing,2021-08-05,Exception,8010722,ANJOCARE INNOVATIONS INC,889095016482,81,100.66740306426375
Support,2020-12-20,Sold,5348837,JOHNSON & JOHNSON CONSUMER INC.,10888277735132,97,98.98247595252215
ServiceCall,2020-07-10,Cancelled,8343736,"FOCUS MEDICAL, LLC",10845357015812,9,99.66687802228459
IT,2021-05-26,Pending,7442859,"AZENA MEDICAL, LLC",3700780621132,100,101.98390796194046
ServiceCall,2020-02-01,Pending,4018140,SIRTEX MEDICAL PTY LTD,10888439576467,63,100.14552219766126
Maintenance,2020-05-17,Sold,3994245,Mg Medical Products LLC,8720246789737,35,95.66717473289351
Sourcing,2020-09-28,Exception,3951717,270 SURGICAL LTD,190790000165,116,97.28825038516634
Sourcing,2021-09-12,Exception,577557,"Zhenjiang Suhui Latex Products Co., Ltd",8806189870081,101,101.24693195854536
ServiceCall,2021-09-04,Hold,8639727,"Manteia Technologies Co.,Ltd.",888912092500,20,99.34824433050123
IT,2022-03-15,Cancelled,5557379,"Zumax Medical Co., LTD",10195594413200,1,100.17869896791701
Sourcing,2021-05-08,Exception,2300577,CORACOID SOLUTIONS LLC,8435457233664,15,96.40398499395084
Sourcing,2021-06-15,Hold,9114303,"MERIT MEDICAL SYSTEMS, INC.",M7551675750,104,98.9485322450591
IT,2020-10-17,Sold,782284,Amalgam Rx Inc,J0228758281,40,100.09239326910583
Services,2021-10-13,Hold,3962785,ORTHO-SPACE LTD,50428357453,101,101.32377800427798
ServiceCall,2020-03-30,Sold,1052038,"Intersect Ent, Inc.",4057034101346,107,103.27863064777556
Sourcing,2020-08-22,Exception,1584829,LIFELINES LIMITED,B3902272111,103,102.31239049002473
Helpdesk,2020-10-28,Cancelled,678881,"Roche Molecular Systems, Inc.",10304040037857,8,99.19248780423605
Sourcing,2021-12-30,Exception,2896983,"THERMASOLUTIONS, INC.",20351688081770,32,96.4934516892707
Sourcing,2020-05-07,Sold,4728554,"DENTALMAX CO.,LTD",889024564893,114,100.68300756976194
Helpdesk,2021-10-30,Exception,6313987,ZHOU MEDICAL SOLUTIONS LLC,889024236400,55,101.4339937860342
Services,2021-09-12,Cancelled,9318369,PHU TUONG GARMENT COMPANY LIMITED,889024076624,60,100.04542459963527
Helpdesk,2020-05-09,Exception,3103863,BIOPROTECH INC.,10885632035142,34,100.50313566840039
IT,2021-07-27,Sold,6268702,Widex A/S,M4244002C07200,111,100.55029238973076
Services,2020-08-12,Pending,1286823,"SNYDER INDUSTRIES, INC.",841036251895,82,100.70128073676361
Maintenance,2020-08-23,Sold,6236329,"Zhende Medical Co., Ltd.",190746102875,21,101.18601541139098
IT,2020-06-05,Pending,3648039,"Thermopeutix, Inc.",190746078262,7,101.51920616228166
Services,2020-11-04,Hold,6175934,"Active Life Scientific, Inc.",8800033865919,92,104.4656162186236
IT,2020-10-28,Hold,500756,"PARKELL, INC.",844588010231,90,102.80499768125411
IT,2020-04-17,Hold,8088377,"XHALE ASSURANCE, INC.",4019702495713,9,102.18940475419669
Sourcing,2020-02-22,Hold,4496984,CPRP LLC,887517401298,27,100.27473050010433
Maintenance,2021-11-04,Sold,1108794,X-HALTATION LIMITED,6945868602192,52,98.55729053134407
Sourcing,2020-09-03,Sold,5202892,Guard Medical Inc.,8800041005741,112,99.22448523808916
Support,2020-10-08,Exception,9321398,"Northern Engineering and Manufacturing, Inc.",M996RTC15D0,19,101.02255749187512
Sourcing,2021-01-10,Sold,9872157,"POTRERO MEDICAL, INC.",10888439072716,120,99.85717683444267
Helpdesk,2020-06-04,Pending,1487981,Bracco Injeneering SA,855495007184,6,97.30373956838321
Services,2020-08-24,Pending,6713586,ARCADIA GROUP,8800044783493,142,98.01898648579652
Sourcing,2021-10-12,Pending,516817,"SMART MEDICAL DEVICE Co., Ltd.",M944AL212320,30,98.82792550514164
Helpdesk,2021-05-22,Sold,6214316,PISA BIOPHARM INC.,613994435668,128,101.29527154225872
Services,2021-05-13,Cancelled,9953052,PENLON LTD,6948806353118,141,99.05911953536584
Sourcing,2020-07-22,Sold,8397936,AGILENT TECHNOLOGIES SINGAPORE PTE LTD,6920756729885,97,100.7264528841337
Sourcing,2020-11-19,Exception,8234590,"Hangzhou Sejoy Electronics &. Instruments Co., Ltd.",DIVO5565731,34,99.5889824497361
IT,2022-04-13,Exception,6406368,"SA SCIENTIFIC, LTD.",817470003505,115,99.011840622524
Sourcing,2021-06-26,Exception,8886703,"ESSENTIAL DENTAL SYSTEMS, INC.",841036235765,12,103.1230441162084
Maintenance,2021-07-27,Cancelled,3778968,"HEMEDEX, INC",889024036413,127,101.0773504359225
Sourcing,2021-12-17,Cancelled,644114,Change Healthcare Canada Company,10887488633763,58,97.57678726861928
Services,2020-11-13,Exception,1921228,"SALIMETRICS, LLC",880304306677,149,98.45933616195182
ServiceCall,2020-06-24,Hold,5943777,APPLIED BIOPHOTONICS LIMITED,889929023822,133,98.79686247291079
ServiceCall,2021-10-14,Hold,3892466,"Winner Medical Co., Ltd.",841645119715,28,103.33981524432087
Support,2021-04-06,Cancelled,2011051,shen zhen shi te ken dian zi you xian gong si,613994677891,114,101.29650483838768
ServiceCall,2020-05-19,Exception,4612798,"Dentall co.,Ltd.",889024150737,44,98.96551961665578
Maintenance,2021-10-13,Exception,739998,SKELETAL KINETICS LLC,190707071189,73,101.62373803811167
ServiceCall,2020-01-17,Pending,5872412,"AVID MEDICAL, INC.",10195594943561,143,98.50307853428565
Sourcing,2022-04-13,Exception,6587984,REHRIG PACIFIC COMPANY,10809160092590,77,99.81607441941225
Support,2020-11-22,Pending,4494392,SIGNATURE ORTHOPAEDICS PTY LTD,192896080034,112,97.86682161904046
Support,2020-04-03,Hold,6432457,PERFACTION TECHNOLOGIES LTD,7630016880049,31,99.53282631807234
Helpdesk,2020-01-04,Pending,4421930,VYGON-Erzeugnisse für Medizin und Chirurgie-GmbH und Co. KG,636257165416,62,103.43828758990198
Support,2021-07-24,Sold,149430,"FORESIGHT IMAGING, LLC",811382032370,64,101.09143752130524
Support,2022-03-30,Sold,3835235,WALK VASCULAR L.L.C.,10889942605682,116,101.40865241745118
Sourcing,2022-02-18,Exception,2479715,"INGENERON, INC.",190730062062,117,99.18536353815938
ServiceCall,2020-09-19,Hold,9720213,TimeWaver Production GmbH,10193489399707,66,98.22884954519567
Services,2021-03-21,Hold,5722967,"Shenzhen Unique Scales Co., Ltd",B2215000003100,33,99.20749352311593
Maintenance,2021-03-11,Sold,3104844,"NEURALYNX, INC.",840018642348,107,97.38564551880013
Maintenance,2020-06-23,Pending,7692822,"Beijing Superlaser Technology Co., Ltd.",3662663036740,144,102.19907335801011
Sourcing,2022-01-09,Exception,5980723,BISCO INC.,801741028489,69,100.03523552140386
ServiceCall,2020-09-14,Cancelled,2865601,"Shenzhen Sonida Digital Technology Co., Ltd.",10888857270961,136,99.18525327919156
Helpdesk,2020-08-02,Pending,6036524,FERTILIGENT LTD,10888439185294,33,99.51682968305599
ServiceCall,2020-11-09,Cancelled,5436271,FORMLABS OHIO INC.,10888277569706,93,100.74711725926522
Sourcing,2021-08-02,Cancelled,4679960,HEALTHSTATS INTERNATIONAL PTE LTD,841036277260,85,103.50630777872266
Helpdesk,2022-01-16,Hold,4212287,ALL-MED INC,880304867871,139,104.02808080647279
Support,2020-06-22,Sold,57468,EMIT CORPORATION,10885403129377,105,102.03920971932662
IT,2020-08-13,Pending,9976932,ADVANCED MEDICAL SOLUTIONS (PLYMOUTH) LIMITED,817584013193,103,100.36469679333584
Services,2020-12-15,Cancelled,6653936,"DMG AMERICA, LLC",4038653742554,101,98.34988583277331
Sourcing,2020-09-12,Hold,143926,"Tasso, Inc",3596010620446,74,100.84722806665917
Support,2021-01-11,Exception,7353846,"Z MICROSYSTEMS, INC.",10841522112645,80,97.54103385945308
ServiceCall,2020-01-17,Cancelled,5678043,SGM d.o.o.,840277110824,109,98.38898661146456
Maintenance,2021-10-02,Sold,1681990,HEALTHYWISER LLC,886333213702,18,102.28305381930784
Sourcing,2020-06-29,Exception,3029152,BV Medical,7640130434851,34,100.77490307754947
Sourcing,2020-05-02,Hold,426834,Olive Union inc,4931921108192,109,101.02719783719424
Sourcing,2020-01-14,Exception,7225840,Microgenics Corporation,613994824257,149,97.3481425102424
Services,2021-04-28,Pending,7241139,SOUTHERN IMPLANTS (PTY) LTD,749756173896,95,98.8911462640667
ServiceCall,2020-08-28,Hold,6971663,IDS Ltd,8806390863711,92,106.36663209807317
Helpdesk,2020-12-08,Exception,6015313,"MERCURY ENTERPRISES, INC.",4057532175771,146,101.26097768836493
Maintenance,2021-01-21,Pending,6789111,Intersurgical Incorporated,EFOR706E08831,78,100.62514570072761
Helpdesk,2022-03-28,Pending,9211283,"RESPIRATORY TECHNOLOGIES, INC.",48503536428,41,99.31140207599934
Sourcing,2020-11-30,Cancelled,2225135,TCOAG IRELAND LIMITED,885556067239,94,97.77383494870264
IT,2022-01-05,Cancelled,8883796,"BRAEMAR MANUFACTURING, LLC",4038653747214,95,100.08140191043786
Sourcing,2020-11-26,Cancelled,5970835,IT-V Medizintechnik GmbH,768455127931,108,101.31510742162125
Maintenance,2021-10-13,Pending,5889264,Söring GmbH,B41792545401,59,98.64349341951036
IT,2020-12-20,Sold,8350481,"ILLUMINOSS MEDICAL, INC.",10193489278538,96,99.81460206370335
Support,2022-03-01,Cancelled,8976396,M.T.R.E. ADVANCED TECHNOLOGIES LTD.,10889942601011,139,99.72598496533291
Helpdesk,2020-06-12,Pending,9971254,"Q. I. Medical, Inc.",8809702401922,11,99.46706936103612
Sourcing,2021-08-31,Cancelled,9804941,"VENTUREMED GROUP, INC.",M684ES0010021,88,100.81591910217439
Helpdesk,2020-07-27,Pending,8254269,VENUS CONCEPT LTD,887868008610,60,102.07221294537266
ServiceCall,2020-09-06,Pending,2167409,Dentscare Ltda,10351688727930,66,99.5935664406263
Maintenance,2020-03-27,Pending,3301555,MEDDEV CORPORATION,4057532321628,38,101.72848235349832
Services,2020-10-31,Pending,7629423,Surround Medical Systems,763000569846,97,100.39968266449893
ServiceCall,2020-11-15,Hold,9724192,"MEDIMPEX UNITED, INC",10889950003654,37,100.26061529202927
Support,2020-01-05,Cancelled,1997340,"ENCORE, INC.",715317864848,106,100.85152478994158
IT,2022-04-15,Hold,904276,The Atlanta Dental Supply Company,889024232884,138,98.93020767800137
Sourcing,2022-02-11,Cancelled,6025307,"BR Surgical, LLC",B167310124418060,118,98.01505593885233
Support,2021-04-26,Pending,4632475,Novocure GmbH,888480104018,15,97.99142822589904
Maintenance,2021-09-02,Hold,1545984,"STRYKER SUSTAINABILITY SOLUTIONS, INC.",10649111424144,126,100.84699854563512
ServiceCall,2020-06-20,Pending,2148373,ARROWHEAD DE LLC,10888277774360,60,100.03244010328628
ServiceCall,2020-05-09,Exception,5996215,MILESTONE SRL,B587XL0816300,83,97.75449645874512
Support,2020-05-25,Cancelled,5279433,Varian Medical Systems Finland Oy,840948101311,140,95.16208422072363
Sourcing,2021-11-25,Hold,7758796,"MEDTRONIC VASCULAR, INC.",B528LPSL40241070,37,100.55023362538189
ServiceCall,2022-03-03,Cancelled,4391982,Jeg & Sons Inc.,8800044762221,67,98.63225165494734
Support,2021-09-15,Sold,106941,Atos Medical AB,15019517240382,125,100.31818237244893
Support,2020-10-10,Exception,7768031,Heygears Inc.,8800046905503,94,99.17584613880592
Sourcing,2021-11-02,Exception,5797018,ADVANCED CIRCULATORY SYSTEMS INC,M555287252030,18,101.91531609118259
Helpdesk,2020-08-20,Exception,9376393,Center For Pain and Stress Research Ltd,370858000041,105,97.12723098868925
Maintenance,2021-10-27,Exception,2064443,"PARADIGM HEALTH & WELLNESS, INC.",18257200068227,91,98.18745751995307
Maintenance,2020-06-16,Exception,2487672,ZIMMER SPINE,840828113205,78,99.58640687402219
ServiceCall,2020-12-01,Pending,7508541,"AMPCARE, LLC",4806532670904,124,99.13910316462339
Services,2021-09-12,Sold,3030409,SPECIALTY SURGICAL PRODUCTS INC,10195594291495,104,100.55221223245977
ServiceCall,2021-09-09,Pending,8964956,Dental Direkt GmbH,DIVO7491551,104,99.05039540506297
Services,2021-09-06,Pending,4547167,MEDICAL ACTION INDUSTRIES INC.,10887488990156,52,101.57838402211246
IT,2021-09-21,Sold,9698305,"SYMAX LIFT (CHINA) CO., LTD.",DVIV612445AN1,6,101.46388856369134
Maintenance,2021-09-14,Pending,6241295,"METRIX COMPANY, THE",4049519009278,31,102.40249682264421
Sourcing,2021-06-04,Cancelled,3807522,"SMART MEDICAL DEVICE Co., Ltd.",10193489202434,114,98.48374857477206
Helpdesk,2022-03-09,Sold,9647067,"Runbio Biotech Co., Ltd.",4719873051274,40,97.62104584307136
Services,2020-11-17,Sold,3367916,"FIRST CALL, INC.",3613720242291,72,96.24730888457046
Sourcing,2021-04-14,Sold,3583360,ACUTE INNOVATIONS LLC,7630030865497,137,101.32086166182017
IT,2020-09-09,Hold,2269537,"ZYNEX MEDICAL, INC.",4251436920585,57,101.25348888136324
Helpdesk,2020-07-27,Cancelled,749950,VYGON,889929021675,111,94.39171555008059
Sourcing,2021-08-25,Exception,5331040,AEROGEN LIMITED,M695SV2611L0,112,101.92685025859447
Maintenance,2021-05-28,Exception,3788988,Vital Health Links LLC,10888857267015,101,97.84926498816971
IT,2022-02-11,Hold,7440553,RESPONSIVE ORTHOPEDICS LLC,10888439017755,30,96.56176797081176
IT,2020-07-03,Cancelled,107754,A & Z Pharmaceutical Inc.,EKAV100620240,147,98.71790470327517
Helpdesk,2020-06-23,Hold,8913206,"Merit Medical Systems, Inc.",M824SCM677551,28,100.15000219131527
ServiceCall,2021-12-22,Hold,5347218,"Ansh Labs, LLC",10193489297027,148,104.70260742149361
Support,2022-04-28,Cancelled,7057667,"MEDSPIRA, LLC",888480568339,53,99.59172752378433
Maintenance,2020-12-22,Sold,5358469,Sebe Inc,190776182700,93,99.46679854204427
Sourcing,2021-04-15,Hold,3957559,"SACRED HEART MEDICAL,INC.",887868485725,105,98.59883900157199
Sourcing,2020-03-18,Pending,4727761,AMERICAN ORTHODONTICS CORPORATION,10809160307021,135,100.25602395606877
Services,2020-02-23,Pending,7733774,MEDICAL INDICATORS INC,4046826173920,42,99.1754965361736
Helpdesk,2021-06-11,Sold,4444520,Getinge Disinfection AB,10889981154196,76,101.46473235167521
ServiceCall,2021-12-07,Pending,9834765,"Shenzhen Coreray Technology Co., Ltd",10888439363920,65,100.83022579521192
IT,2022-03-07,Sold,7633170,Attune Medical,745129255237,142,97.96477345187571
Helpdesk,2020-06-17,Pending,384965,Beekley Corporation,4711605589222,40,99.33942343386978
Sourcing,2021-10-13,Pending,9382279,"Discus Dental, LLC",10841522129551,145,103.27618387523901
Services,2022-01-30,Pending,3784081,AEA SRL,10809160123089,128,99.22900535861636
Helpdesk,2020-12-04,Pending,116974,BIO-MEDICAL RESEARCH LIMITED,4061644041237,36,101.69144612668234
ServiceCall,2021-07-16,Cancelled,6882704,"CERTA DOSE, INC.",8806169158499,26,98.94334198984055
Services,2020-05-13,Cancelled,1148999,MIVI NEUROVASCULAR,10195594028541,28,99.32197286128466
Services,2020-03-02,Pending,9705226,MEMIC INNOVATIVE SURGERY LTD,4046826031916,39,100.88078825992012
Support,2021-02-24,Cancelled,3127583,Precision Dental Instruments,10195594508708,145,100.51689919095088
IT,2020-07-11,Exception,7224628,"INNOMED, INC.",4546540086976,77,100.87330181732496
Support,2021-09-13,Cancelled,483094,Nightware Incorporated,190446137719,106,99.99683283766787
Support,2020-02-06,Exception,2312452,"ARETECH, LLC",191072101730,135,101.8133858203394
Sourcing,2021-08-27,Exception,6989658,"APEMAN INTERNATIONAL CO., LIMITED",889024496163,13,102.67495592745517
ServiceCall,2020-08-18,Cancelled,4656645,"CYTOPHIL, INC.",886158005346,99,99.74918532047225
Maintenance,2020-04-28,Pending,3508036,String King Lacrosse LLC,89904006226,82,100.81480954556037
Support,2020-09-19,Cancelled,2963006,"AvantSonic Technology Co., Ltd",845384012436,82,100.35779817208066
Sourcing,2022-03-28,Exception,2697140,"DDC TECHNOLOGIES, INC.",382902316930,67,100.90563011490049
Maintenance,2021-04-04,Hold,2131994,"HARMON STORES, INC.",5706069685565,7,103.08103714734855
IT,2021-04-03,Pending,8722520,GD CARE INC.,8800033116790,37,96.04027918411796
Helpdesk,2022-04-08,Cancelled,6557793,LUMENIS   LTD.,10351688802309,120,99.42882656353557
Sourcing,2020-09-02,Exception,6565726,FIDIA FARMACEUTICI SPA,E312K5251060HP1,17,103.01379177515233
IT,2022-01-08,Exception,2570623,HEALTH BEACONS INC,10885632004810,65,101.00363293781012
Sourcing,2022-02-18,Sold,9634863,shen zhen shi te ken dian zi you xian gong si,D00116176UP675320,26,100.44767337635884
Support,2022-02-11,Pending,9472103,"RESONEA, INC.",8800113309500,31,99.71923779005388
Sourcing,2021-06-03,Hold,6627176,Brainreader ApS,10801902068078,39,100.1298957801365
Support,2020-05-25,Pending,6236268,"ONKOS SURGICAL, INC.",10884521090231,6,101.59462406774993
IT,2021-07-23,Cancelled,116618,"VITALGO, INC.",4057532186081,134,99.15748871808039
Helpdesk,2020-09-23,Hold,3140094,"HARD MANUFACTURING CO., INC.",10889942302666,32,100.21455706146139
Maintenance,2020-05-05,Sold,6178867,"MICROLINE SURGICAL, INC.",10193489963977,9,96.92487608024427
Maintenance,2021-01-30,Sold,6315814,"LAURIMED, LLC",7630030841231,26,100.99107708597587
Helpdesk,2021-11-19,Sold,2706962,"NEUROSTRUCTURES, INC",10889942119752,65,100.73445997697264
IT,2021-11-16,Hold,5239888,DCI MANAGEMENT LLC,10889981052362,146,103.48253501844754
Services,2020-04-16,Cancelled,3430171,Maquet Critical Care AB,889095046571,56,100.38370610755258
Services,2020-06-03,Exception,4715594,"NINGBO BELLA VIE CO., LTD",840286820592,81,100.98780707874735
ServiceCall,2020-08-04,Sold,5781639,"WRIGHT THERAPY PRODUCTS, INC.",888867204355,82,101.07604931664103
Maintenance,2020-09-08,Cancelled,6051545,SCIENTIA VASCULAR LLC,842166145450,7,99.08434344807006
IT,2021-09-12,Hold,876139,Angiomed GmbH & Co. Medizintechnik KG,634782001681,12,98.61387878211713
Services,2021-01-14,Pending,8663053,"HEALTHMATE INTERNATIONAL,LLC",4057532461478,123,101.84719405926984
IT,2021-06-19,Exception,7187991,Elekta Ltd,887517976666,10,100.1678604461083
Sourcing,2022-03-10,Cancelled,7531588,GOTOP MEDICAL INC,841365117022,139,100.5185789186192
Support,2021-04-04,Sold,7389130,Attune Medical,8809407155236,23,101.0385400346467
Sourcing,2020-09-16,Cancelled,628813,BIOSENSE WEBSTER (ISRAEL) LTD.,10887488683959,24,102.72062386786735
IT,2020-02-16,Pending,2370295,Exciton Technologies Inc,M944CL009910,144,99.38689692256968
Helpdesk,2021-09-16,Exception,4574887,"EasyMed Instruments Co., Ltd.",10193489639810,48,103.16789504158463
IT,2020-07-26,Exception,5209678,"Terumo Medical Products (Hangzhou) Co., Ltd.",9421028116435,69,101.12195461654481
Maintenance,2021-09-22,Cancelled,3125693,Kerr Corporation,841379168379,137,100.11710979779197
Maintenance,2020-07-02,Pending,6231349,"VATECH CO., LTD.",4046445511561,33,101.70093709400605
Helpdesk,2022-03-31,Sold,8568913,Fujirebio Europe,D807H100112071,51,98.59240536042422
IT,2022-03-10,Hold,7339600,CRUZAR MEDSYSTEMS INC,B88710080,113,101.35183923874149
Maintenance,2021-07-27,Hold,8008256,Nalge Nunc International Corporation,4042761051248,123,99.34010013447988
Sourcing,2020-02-05,Pending,7458815,"Kunshan Aoshida Electric Technology Co., Ltd",4057532124854,39,102.73064889709283
Helpdesk,2020-07-24,Pending,7504081,"GEO Medical Co., Ltd.",D745701121OBP01551,25,101.13536290259803
Sourcing,2021-05-09,Cancelled,7486165,"ACTION PRODUCTS, INC.",20705032042533,9,101.0117403085336
Support,2022-04-01,Pending,7154479,THERMO FISHER SCIENTIFIC (ASHEVILLE) LLC,10884389007013,99,101.39450691650323
IT,2020-12-14,Sold,8311134,"Vivorte, Inc",887868004377,10,100.83813017808261
Maintenance,2020-01-28,Exception,3728179,INFRARED LABORATORY SYSTEMS LLC,10887488629025,26,98.46980853500318
Sourcing,2020-04-16,Sold,7049191,SIMEX Medizintechnik GmbH,887761008229,122,103.12709586054874
Sourcing,2021-04-12,Sold,1924420,"Huizhou  Foryou Medical Devices Co., Ltd.",643169329836,58,98.35710493994539
IT,2020-12-14,Pending,2803409,Intersect ENT GmbH,10806378077838,144,100.10827900053565
Sourcing,2020-12-21,Exception,3568660,"TRANSTRACHEAL SYSTEMS, INC.",10841522110481,125,98.4469857988481
Services,2021-09-02,Cancelled,6669200,GENDEX CORP.,10195594398194,118,100.36818491455175
Sourcing,2021-11-29,Cancelled,3489209,"ALEO BME, INC.",840828167468,3,100.67357141759398
Sourcing,2022-04-24,Hold,2199043,"ARTERIOCYTE MEDICAL SYSTEMS, INC.",8033707015758,63,100.29556524526681
Sourcing,2021-06-20,Exception,2660346,RENEW GROUP PRIVATE LIMITED,5056139230059,146,98.80783758603788
Services,2021-02-26,Exception,1132444,Healy GmbH,851099006721,90,101.54243156514787
Sourcing,2022-03-13,Sold,7562931,"KINRAY, INC.",7898288280626,10,99.07064806805383
Helpdesk,2020-02-21,Pending,6945207,THERMO FISHER SCIENTIFIC (ASHEVILLE) LLC,10889942891634,18,100.77460561884514
Sourcing,2021-09-13,Exception,7662626,LIFELINE SOFTWARE INC,190776006952,55,100.59950042750496
Sourcing,2020-10-20,Exception,5692311,Cendres+Métaux SA,10705034561912,107,99.99423141750832
Helpdesk,2022-05-01,Sold,6466466,Straight-T LLC,M824BX61,72,100.800626516313
Maintenance,2020-04-09,Pending,9827068,"THEROX, INC.",853480006020,109,100.17204598695294
Support,2021-08-16,Sold,8512593,SEASPINE ORTHOPEDICS CORPORATION,840217905213,21,98.49565432935891
IT,2021-06-24,Sold,1038281,AMD Medicom Inc,10653160272335,119,96.7140279875192
Services,2020-01-06,Sold,571986,"COOPERVISION, INC.",10886704047179,18,101.14863715282429
Maintenance,2022-04-09,Exception,7401131,"THINK SURGICAL, INC.",619498272013,13,100.48196096338825
ServiceCall,2021-01-09,Hold,6259240,"CNMC CO., INC.",4042809690750,97,99.78645632032675
Sourcing,2021-12-03,Exception,4241591,Rønvig Dental Manufacturing A/S,849044079906,127,102.08090094092145
Services,2020-12-15,Exception,6391202,"Insight Medical Systems, Inc.",10192253024401,47,103.19559275470203
ServiceCall,2021-07-22,Cancelled,3847585,Acclaro Corporation,10649111395680,66,99.71230705296797
Support,2021-04-25,Hold,4890477,"Osseus Fusion Systems, LLC",10888277914407,99,102.48873341451069
ServiceCall,2020-11-10,Hold,5487310,Novadaq Technologies Inc,30653405006293,107,98.60677020661156
Helpdesk,2020-07-08,Exception,1097262,"SPINAL RESOURCES, INC.",8800033873563,50,100.48876282962696
IT,2022-04-04,Exception,2445225,PROTON SYSTEMS VIRGINIA LLC,5056079033192,91,100.64350495064511
Sourcing,2020-05-18,Pending,4660349,CERAGROUP INDUSTRIES INC.,190776129927,75,102.45234533067396
Services,2020-03-22,Hold,3237703,DiaDent Group International,8800061300444,63,98.02766185794907
Helpdesk,2021-09-28,Exception,6226239,Signalitica Inc,10603295475835,117,99.85397672050777
Services,2020-06-22,Sold,9856054,Ardo medical AG,8056138586581,141,99.45274270702147
Helpdesk,2021-04-21,Cancelled,7001447,"WATERS MEDICAL SYSTEMS, LLC",840828161749,84,101.2483923123533
Maintenance,2021-12-08,Hold,9450886,ARINETA LTD,351688072996,4,98.5982064211578
IT,2021-06-23,Exception,3475821,Straub Medical AG,190837079468,3,100.76946787199141
ServiceCall,2020-04-30,Cancelled,7163278,LUMENDI LLC,840018641426,80,98.84367751411581
Services,2020-08-22,Pending,5577259,HR PHARMACEUTICALS INC.,10193489968538,64,97.14116790677079
ServiceCall,2021-11-15,Hold,7766806,BBig B.V.,10351688786555,76,99.5302250109216
Sourcing,2022-02-20,Exception,3132812,GENTUITY LLC,840828114752,74,101.30624767966165
Sourcing,2020-12-16,Pending,4709000,"WISDOM MEDICAL TECHNOLOGY, LLC",8033390158381,100,97.83310521343459
Sourcing,2020-09-08,Hold,9023034,Leica Microsystems (Schweiz) AG,4046963661687,69,98.41482324593679
IT,2020-10-13,Sold,3828712,"NEUROVISION MEDICAL PRODUCTS, INC.",10840843124863,94,100.38687651623674
Sourcing,2021-04-16,Cancelled,1068312,"SAGE PRODUCTS, LLC",10885403296130,121,101.5855994519482
Sourcing,2020-10-19,Pending,3438373,BTNX Inc,7613327027631,133,105.58937372431024
Sourcing,2021-06-07,Hold,7585911,Spark Innovators Corporation,M824SCUR64730C1,79,105.03226259662836
Services,2021-08-26,Hold,5415068,TEKNIMED,M914011000500802,140,101.10659066098657
ServiceCall,2020-02-17,Hold,6351757,NORTH AMERICAN MEDICAL CORPORATION,10840642123494,95,100.75049737566796
Sourcing,2021-11-04,Hold,8219347,Soundbite Medical Solutions Inc,7899080361643,150,102.33221331655075
ServiceCall,2022-02-20,Sold,694764,"EXTREMITY MEDICAL, LLC",616784704920,57,100.43768698790147
Services,2021-08-02,Exception,7079877,Thommen Medical AG,763000540180,8,101.96638860323314
Support,2022-03-16,Pending,8166991,SURGITOOLS PTY. LTD.,810014606354,32,97.19868502203593
Helpdesk,2020-09-22,Pending,4945842,"ICHOR VASCULAR, INC.",10193489710229,90,100.70352246869113
IT,2021-04-09,Sold,7808211,DENTONICS INC,6945664826846,47,96.91886259830798
Services,2021-05-20,Cancelled,1074062,Obtech Medical Sàrl,840192709738,17,101.02557812550747
Support,2021-08-04,Hold,7005782,"GUANGZHOU YUMINSHENG PLASTICS CO., LTD",381371166626,87,98.52693207191454
Maintenance,2022-02-01,Sold,3460603,"KAZ USA, INC.",5707131260062,26,99.79894175979778
ServiceCall,2020-05-01,Cancelled,9305997,BLACKFORD ANALYSIS LIMITED,10888439624885,31,97.43178874937055
Support,2021-08-01,Sold,7501543,ROUTE 92 MEDICAL,5051693303713,23,101.10139173589512
IT,2020-12-07,Exception,457201,CARBORUNDUM UNIVERSAL LIMITED,10888439406733,72,97.87385169283243
Maintenance,2020-08-12,Sold,779674,"ANZAI MEDICAL CO., LTD.",3596010054838,142,100.39812293073268
ServiceCall,2022-03-26,Pending,1649115,Universal Pain Technology Canada Inc,10705031002449,135,102.58307638898648
Sourcing,2020-01-23,Pending,7877160,"PROACTIVE MEDICAL PRODUCTS, LLC",4046826071912,129,102.14095989345797
Services,2020-02-17,Sold,8669130,"SUNTECH MEDICAL, INC.",840186603011,144,99.09849705473827
Support,2020-01-25,Exception,4100202,HYLAND LLC,7630971202412,25,99.87892922621836
Services,2020-05-06,Cancelled,662884,Leonhard Lang GmbH,8800046928960,97,100.9319482681588
Support,2021-10-25,Exception,8149299,STELLAR LASERS LLC,190837040956,101,99.90441981109461
Sourcing,2020-08-18,Pending,9136389,AIM LAB AUTOMATION TECHNOLOGIES PTY LTD,4582276124735,131,100.65938375997645
Sourcing,2021-04-02,Sold,4473913,"CABLES AND SENSORS, LLC",10845357024371,149,97.03578907907371
Maintenance,2021-05-13,Hold,2714318,Epix Orthopaedics Inc.,841036212124,108,102.63781276468924
IT,2021-12-31,Cancelled,6397008,SALIENT IMAGING,50601557110966,43,97.39708155562879
IT,2020-10-03,Cancelled,2450844,"EXCELHEALTH, INC.",10887488993836,66,99.17628289426985
Sourcing,2020-08-22,Cancelled,4654059,Leonhard Lang GmbH,818345025929,20,101.56013453277953
Support,2020-02-15,Cancelled,6965801,TOBY ORTHOPAEDICS,M684390216501,39,102.28336027733731
Maintenance,2021-06-05,Exception,2546413,"Shenzhen Konmed Technology Co., Ltd.",878953003290,78,102.21681854653507
Maintenance,2020-02-03,Hold,6099632,RCR MEDICAL PRODUCTS LLC,382830047876,125,100.67062352790185
Helpdesk,2020-09-13,Sold,6797529,"OASIS MEDICAL, INC.",191072052377,102,97.30518856334463
Sourcing,2020-10-22,Sold,2092658,"IMPULSE MEDICAL TECHNOLOGIES, INC.",844856075764,101,95.38291013443454
ServiceCall,2021-02-12,Exception,6203091,"SAGE PRODUCTS, LLC",10889942801824,81,100.35330925827542
Support,2020-08-10,Hold,9320817,"VUCOMP, INC.",M697X06001071,84,99.10190195509553
Sourcing,2021-08-31,Cancelled,7421791,"MERIT MEDICAL SYSTEMS, INC.",846468020392,68,97.23215848814706
ServiceCall,2020-10-11,Exception,9707467,"Grace Medical, Inc.",643169678460,6,99.38499322673447
Sourcing,2020-05-31,Hold,666291,TREU-Instrumente GmbH,4250603742784,70,100.03266268222494
Helpdesk,2021-01-16,Hold,5336871,Medvoxel Diagnostics Inc,610586028062,144,100.31501026201545
Maintenance,2022-01-03,Sold,5920829,MICROPORT CRM SRL,8800000924847,3,97.71304836770368
Maintenance,2021-06-22,Pending,6624485,Stryker Trauma GmbH,3610230005118,8,100.34039413761094
Maintenance,2020-04-18,Pending,8125435,Jolife AB,10193489593242,125,97.80569446229917
Sourcing,2022-01-30,Hold,962691,Serres Oy,8800043900723,63,95.20549433512178
Maintenance,2022-03-27,Pending,5107029,D.S.I DENTAL SOLUTIONS LTD,8809625981242,24,101.49165812697454
Sourcing,2020-10-28,Hold,551100,SCIENTIA VASCULAR LLC,5704819211279,53,103.14766532802535
IT,2022-02-28,Sold,7553877,"MICRONICS, INC.",846468068547,133,100.69514694985796
