UNIT,SHIP_DATE,STATUS,SHIPMENT_NUM,CUSTOMER,GUDID,QTY,UNIT_PRICE
Helpdesk,2020-01-03,Shippped,6110428,"NIMBIC SYSTEMS, INC.",10809160251607,20,95.92469148404841
Sourcing,2020-01-11,Cancelled,4638687,Scican Ltd,30634303020123,130,99.97920353980365
ServiceCall,2020-09-25,Cancelled,9330541,W.H.P.M. INC.,887517888754,68,100.74381227984667
Helpdesk,2020-12-03,Exception,6892474,"DORAN SCALES, INC.",10381780091813,37,102.92911401456298
ServiceCall,2020-03-12,Shippped,8681342,"Beijing Anchorfree Technology Co., Ltd.",5030267066230,130,99.03595292779654
Support,2021-02-12,Cancelled,5491359,"PURIBLOOD MEDICAL CO., LTD.",190660213220,62,100.97863746424626
ServiceCall,2022-03-27,Shippped,4471034,"Jiangmen Dacheng Medical Equipment Co., Ltd.",8800039802482,88,98.86561851713245
Sourcing,2021-12-22,Cancelled,2195195,Aidian Oy,4250603726449,96,102.0608205002081
Maintenance,2020-03-02,Shippped,4817369,IMMUNODIAGNOSTIC SYSTEMS FRANCE,812998035243,143,101.31822646485004
Services,2020-04-01,Shippped,6795556,"FUJIREBIO DIAGNOSTICS, INC.",10888439090352,114,102.56089276704007
IT,2021-05-29,Returned,2632661,"VITAL IMAGES, INC.",7290016678147,132,102.27042529964342
Support,2021-10-14,In process,3550325,VISIONSENSE LTD.,4582275270020,95,97.45531669183187
Maintenance,2021-04-07,Shippped,9090346,"KETO-CHECK, INC.",4046826115470,19,98.19773885517306
Sourcing,2021-06-02,Returned,2190405,AD REM TECHNOLOGY,M75240144NYUS1,15,100.67357545742387
Support,2021-06-17,Exception,169325,"ROXWOOD MEDICAL, INC.",M68424226520001,74,99.07007715570884
Helpdesk,2020-02-03,Exception,4779152,"SYNCHRONIS MEDICAL, LLC",847536031777,79,100.9264759396911
Sourcing,2021-04-16,Cancelled,7818834,"MEDFIX INTERNATIONAL, LLC",8806364620951,122,97.33404140413478
Sourcing,2020-05-21,Cancelled,6114452,Synca Marketing Inc,10195594288778,62,101.80813969713658
ServiceCall,2020-01-11,Returned,7674801,"WICAB, INC",10705034302218,53,99.46709484430859
Helpdesk,2020-01-22,Exception,3470795,NEURODX DEVELOPMENT LLC,811331010220,69,97.09514360546369
Sourcing,2021-11-11,Returned,7916010,VIVE HEALTH LLC,10889942425556,54,95.72223424955563
Sourcing,2022-02-23,Shippped,3109643,"CIVCO MEDICAL INSTRUMENTS CO., INC.",6945664848893,149,97.11950179018136
Sourcing,2020-09-05,In process,5425490,MYRON L COMPANY,715317591874,37,96.8468585679604
Maintenance,2020-09-18,Shippped,5003286,Epix Orthopaedics Inc.,848665037036,126,98.29576512174171
Sourcing,2021-12-13,Exception,8635951,PMI,10886982190031,140,95.08647287121606
Support,2021-06-19,Returned,3053487,Hamilton Bonaduz AG,4038917250474,49,99.90623181499454
Sourcing,2022-04-08,Shippped,8911121,ELECTRONIQUE DU MAZET,4046826025403,110,100.95787067305373
Support,2022-02-19,Exception,8653132,"PRO MEDICAL SUPPLIES, INC.",745129223649,37,103.94793060626749
IT,2020-02-12,Exception,8197912,DNA Genotek Inc,192029035610,29,99.97100268911103
Sourcing,2021-03-10,Exception,1448136,BESMED HEALTH BUSINESS CORP.,10193489234404,82,100.2298890724805
ServiceCall,2020-08-25,Shippped,3657093,"Noraxon U.S.A., Inc.",6971554725173,5,97.70416937622093
Services,2021-07-28,Exception,3643791,Digital Orthodontic Care,889095380927,111,99.34146848153884
Sourcing,2021-10-13,Cancelled,1693488,"QLARITY IMAGING, LLC",840937104491,54,99.24380719760786
IT,2022-03-19,In process,5060145,BEEKEN BIOMEDICAL LLC,M482NALA2L140,109,100.7799109597927
Maintenance,2020-06-20,In process,8170557,"HATCH BABY, INC.",8809547368855,12,100.64226421358485
Services,2020-12-15,In process,8784776,PRODONT-HOLLIGER,10351688787859,98,98.77677209619414
Maintenance,2020-04-09,In process,4660530,GALIL MEDICAL INC.,840085216954,53,98.45873834066158
Helpdesk,2020-03-25,Returned,8225275,Tita-Link BVBA,8806169173348,56,96.34127187216585
Services,2020-10-03,Exception,8836455,"SYNERGEYES, INC.",E235SA35O70,46,100.33319115588125
Services,2021-10-04,Exception,1366868,INDIUS MEDICAL TECHNOLOGIES PRIVATE LIMITED,5708296178001,90,101.8575904280908
Support,2021-08-12,Shippped,7743261,"PDT, INC.",193033125304,85,97.58699223027796
Helpdesk,2020-02-01,Cancelled,9592167,Sanofi-Aventis Deutschland GmbH,4049016053149,35,97.0045542789653
Sourcing,2022-01-22,Returned,4915803,"BABYDUST METHOD LLC, THE",10195594933548,43,102.64632435889604
Sourcing,2020-07-25,In process,1015470,SPICE UP ENTERTAINMENT LLC,D9432081,127,99.76039855508773
Services,2022-04-03,Exception,2145835,"Qingdao Future Medical Technology Co., Ltd.",885554013597,44,100.29361891231991
Sourcing,2020-04-01,Exception,4471607,"FUJIFILM IRVINE SCIENTIFIC, INC.",B098AMS92200,11,100.27205528529825
Support,2020-05-12,Shippped,9446459,G E MEDICAL SYSTEMS ISRAEL LTD.,894912002623,118,99.9402142391759
Sourcing,2020-09-29,Returned,5581653,"OSSAWARE BIOTECH CO., LTD.",45420045505811,26,103.42931816550134
Support,2021-04-14,Cancelled,2794135,ARC DEVICES USA INC,847946007591,139,97.1676803006308
Maintenance,2022-02-25,Cancelled,9380198,TimeWaver Production GmbH,5704819299765,106,97.473268301808
ServiceCall,2020-07-18,Shippped,6934469,"PREMIER BIOTECH, INC",885554001334,142,99.72549702377944
IT,2022-02-28,Cancelled,4409401,TITRONICS RESEARCH & DEVELOPMENT COMPANY,10809160326398,51,99.49900891497475
Helpdesk,2021-12-03,Exception,1417120,"Shenzhen Slinph Technology Co., Ltd.",10889950123154,19,98.3261956349463
Helpdesk,2021-05-16,Returned,5215681,"Hill-Rom de México, S. de R.L. de C.V.",849884005011,11,98.91797986901925
Helpdesk,2021-04-11,Cancelled,6575508,2Z Medical,889095100440,85,98.9880933362635
Maintenance,2022-01-03,Cancelled,4565380,"Access Closure, Inc.",10845854016647,81,104.11818397272735
ServiceCall,2021-10-22,Exception,5958094,SKYPRO ENTERPRISE LIMITED,15019517050479,107,100.38607856635406
Helpdesk,2021-10-04,Returned,5788680,ASA SRL,869335000259,6,98.77540367703213
Sourcing,2021-12-11,In process,6104741,em-tec GmbH,4057532046088,6,99.45525185716106
Sourcing,2020-08-18,Exception,8317583,Convergent Laser Technologies,812311020895,87,101.66498540177243
IT,2020-07-05,Shippped,7321456,"HEARTWAY MEDICAL PRODUCTS CO., LTD.",4719872148524,112,95.76859597685707
Helpdesk,2021-06-04,Cancelled,215788,"CVRX, INC.",B07310SRP47601,17,102.090434036271
Helpdesk,2021-06-18,Shippped,3677771,BRONCUS MEDICAL INC.,10848956001248,58,98.46770362070149
Maintenance,2021-07-29,Returned,151176,DOLABANY EYEWEAR,10193489318609,101,97.78125023269877
Maintenance,2020-07-31,In process,7727848,REMEDIUM INTERNATIONAL LLC,B5821608560,113,97.54257609446202
Support,2021-06-22,Returned,5106061,Eagle Eyes,10193489231250,59,101.14045309307024
Support,2021-10-16,Cancelled,4003915,"Cytrellis Biosystems, Inc.",847236013196,74,99.78201006304161
Helpdesk,2021-07-23,Cancelled,7044207,AB SCIEX (MANUFACTURING),10888277799059,111,99.65606730838813
Sourcing,2021-02-28,Cancelled,9153035,PEROUSE MEDICAL,20705032042458,16,100.02462837454262
Sourcing,2020-09-23,Exception,3435429,"SHENZHEN AEON TECHNOLOGY CO., LTD.",10888551007818,4,99.64662632349126
Support,2020-03-02,Cancelled,9119014,SYSMEX CORPORATION,10193489681536,53,99.25918875171597
Services,2020-01-26,Cancelled,8040807,"Zhejiang Meihua Dingchang Pharmaceutical Co., Ltd.",840996168281,98,98.53299640214455
Maintenance,2021-06-06,Cancelled,7901963,"AULISA MEDICAL USA, INC.",733132601622,139,97.17996622483462
Sourcing,2021-03-12,Exception,7206113,Apatech Ltd,849044030976,114,94.7206334815003
IT,2022-04-22,Exception,6545256,WR MEDICAL ELECTRONICS CO INC,D76845293K0,49,97.26335716842819
Support,2022-04-04,In process,5071048,ZIRKONZAHN SRL,674854004769,52,100.1651244524431
IT,2021-01-11,Exception,6805396,"LIGHTFORCE ORTHODONTICS, INC.",5055715607339,145,94.9508512923488
ServiceCall,2020-09-17,Shippped,950064,"ZIPLINE MEDICAL, INC.",8800015920513,19,102.67485218936413
Support,2020-01-17,Cancelled,5068334,Philips Electronics Nederland B.V.,D7091033906,113,101.62542427770616
IT,2021-09-10,Cancelled,4546759,"RADLINK, INC.",880304442573,108,98.39569381212245
Sourcing,2020-09-27,In process,7779742,SIG MEDICAL CORP.,7630034315769,131,101.17975948863761
Maintenance,2020-08-03,Exception,8620218,"VR Medical Technology Co., Ltd.",4057532409685,42,100.94115403798175
Sourcing,2022-02-22,Returned,2976186,ULTRARAD CORPORATION,10841307110705,1,98.8980385150554
Helpdesk,2020-07-20,In process,5354334,Transmed Medizintechnik GmbH & Co. KG,10845357032000,97,102.80058232035839
Services,2020-10-03,Cancelled,6367480,"ENLITIC, INC.",10195594551940,31,101.28556598275043
Support,2020-06-03,In process,9867086,Inpeco SA,9120034307966,143,101.15713202214384
ServiceCall,2020-10-04,Cancelled,2789586,GENESIS BPS LLC,EFOR706E08441,91,99.71336046258195
Services,2021-04-04,In process,4287827,Weber Medical GmbH,4580406861314,138,99.06677333355557
Maintenance,2021-07-17,Cancelled,7127102,Shenzhen XFT Medical Limited,4719872226208,13,100.95536390491404
Helpdesk,2020-11-23,Cancelled,3948290,Precision Dental Instruments,10705034741215,44,102.43243110126369
Sourcing,2020-04-02,Exception,9811504,CLARTEIS,D843GDS9828EB10,78,100.02435806518274
ServiceCall,2020-09-17,Returned,4320434,CHIKAMI MILTEC INC.,D745701050COM00650,23,98.09398654903092
Sourcing,2021-06-24,In process,3961992,General Sleep,10193489999716,40,99.86530853196481
ServiceCall,2021-01-10,Exception,6716206,ENVIRONMENTAL TECTONICS CORPORATION,190746141614,10,100.8753476197828
Maintenance,2021-01-15,Shippped,2266658,"GENOSS CO., Ltd.",874750003372,91,100.57823306031148
ServiceCall,2020-07-25,Exception,770331,PLAN 1 HEALTH S.R.L.,8800049228166,148,101.2149224770602
Services,2022-03-05,Shippped,6505121,Qingdao Haier Biomedical Co Ltd,842048134046,61,101.32973598995304
Services,2021-10-11,Shippped,425995,"KAMIYA BIOMEDICAL COMPANY, LLC",10195327120665,130,96.27744655239614
Maintenance,2020-11-17,Shippped,1916995,STERIPACK MEDICAL POLAND SP Z O O,10885380099496,150,103.91114603822001
Sourcing,2021-05-31,In process,2203870,DIASORIN IRELAND LIMITED,10888439396492,86,99.0144991436452
Support,2021-07-24,Shippped,4946468,"PROFESSIONAL MEDICAL BILLING SPECIALISTS, LLC",613994535078,109,97.96122940096492
Support,2021-03-12,Returned,5989344,"ADAM ELEMENTS INTERNATIONAL CO., LTD.",10888277841598,23,96.48144017388944
ServiceCall,2021-05-04,In process,491283,"Brit Systems, LLC",B09921007620,9,101.96744390802901
Helpdesk,2021-12-17,Cancelled,7288554,Six Month Smiles,885074051246,47,102.24351254781482
Services,2020-01-24,Exception,1295183,CLOUD DX INC.,812944022853,39,102.68691253728494
IT,2022-02-01,In process,2748762,GAMBRO INDUSTRIES,8809265159605,79,99.88145483377122
Sourcing,2020-09-24,Exception,3090795,AMERISOURCEBERGEN DRUG CORPORATION,8717648064531,15,105.67634986030737
Maintenance,2020-06-24,Returned,4475770,SCANLAN INTERNATIONAL INC,7630040730457,23,99.84482874749074
Sourcing,2020-08-02,Returned,324218,Edare LLC,10193489669701,120,103.38862466678242
Services,2020-01-02,Cancelled,1612321,"U&C International Co.,Ltd",850003355726,20,98.66255470380494
IT,2021-04-17,Shippped,6302158,"Zalinsky Ortho Parts, LLC",889024007628,47,103.50715716239758
Helpdesk,2021-04-22,Cancelled,9530541,Q-Med AB,20607915132501,104,102.34890335065589
Maintenance,2021-11-21,In process,1957975,CREAGH MEDICAL LIMITED,840828146821,146,100.58581434781672
ServiceCall,2022-04-13,Returned,4004215,PATIENTSTYLE MEDICAL LLC,10194717104438,108,99.6374386943775
IT,2020-01-05,Exception,5997207,"O2 CONCEPTS, LLC",385640024686,140,100.13293747989655
Services,2020-10-27,In process,9088183,Interstate All Battery Center,827002272804,140,99.08220346345391
ServiceCall,2021-05-18,Cancelled,5968869,"SURGIN SURGICAL INSTRUMENTATION, INC.",190376306841,126,95.91523529297407
ServiceCall,2020-07-07,Cancelled,3218573,"BIO-LIFE INNOVATIONS, LLC",B5821052351F0,92,101.51586037929434
Helpdesk,2020-10-20,Exception,8933810,"PINNACLE SPINE GROUP, LLC",10195594955816,115,98.18561003747448
IT,2021-12-09,Cancelled,4225483,pfm medical mepro gmbh,841379187356,129,100.11849102002458
Helpdesk,2020-10-29,Shippped,2959520,"TELCARE, LLC",10653160333401,70,100.117294355902
Sourcing,2021-09-26,Cancelled,2428178,INNOVATIVE SURGICAL SOLUTIONS LLC,10806378050596,43,98.44352012054142
IT,2021-11-19,Shippped,3100638,"MEDTRONIC, INC.",888480415534,139,94.42102586898943
ServiceCall,2020-03-16,Exception,9967975,JOHNSON-PROMIDENT,J017A44L15R450,28,98.32720134046822
IT,2020-04-17,Returned,8642523,"CELLMEDIX HOLDINGS, LLC",7630034310030,44,107.58786255534896
IT,2021-01-21,Shippped,6229026,"ALCRESTA PHARMACEUTICALS, INC",4046445611049,102,98.26017095727455
Sourcing,2020-12-03,In process,2134262,KESEM HEALTH PTY LTD,3760225712993,105,100.28700175277176
Support,2020-10-12,In process,3985668,Nutraceutical Corporation,8806383571029,64,101.67219485754889
Support,2021-04-17,In process,6299567,"Anhui Huami Information Technology Co., Ltd.",613994461339,133,101.38630351244032
IT,2020-02-01,Cancelled,1648431,Nalge Nunc International Corporation,850005066385,108,101.11809949277878
Sourcing,2021-01-23,Exception,143600,Jeisys Medical Inc.,10888277947207,140,102.66803398589764
Support,2020-01-27,Exception,9592770,SEFAM,10801902156423,77,96.95961496653038
Maintenance,2020-05-07,In process,8994285,SILFRADENT SRL,7630030866364,26,98.36844905662015
Sourcing,2022-04-14,Shippped,4160803,"MEDTRONIC, INC.",M72577505900,47,96.14513132482442
Sourcing,2021-08-12,Shippped,5515323,"MED-MIZER, INC.",D73510300040020,98,97.42900390982788
ServiceCall,2020-12-31,In process,7503315,imtmedical ag,10195594003241,139,98.60634138671517
Maintenance,2021-08-31,Returned,7870394,MEDAX SRL UNIPERSONALE,850005237211,16,98.30248548083556
IT,2021-03-06,Cancelled,7235401,ALL-MED INC,652221002723,132,94.85683246714379
Services,2020-03-17,Shippped,2997751,BODDINGTONS PLASTICS LIMITED,8800048403601,44,103.4740094669812
Maintenance,2021-05-08,Exception,7904620,MIDWESTERN SOLUTIONS,10841522129391,99,99.9995059010473
Sourcing,2020-06-21,Cancelled,2955288,"Global Biomedical Technologies, LLC",10381780506959,9,99.00045459590417
Services,2020-10-21,In process,5362248,"REMEL, INC.",D745701147COM00750,69,100.37794763523661
Sourcing,2020-11-25,Cancelled,6759008,VANNINI DENTAL INDUSTRY SRL,E219J201543401,105,103.37408260485692
ServiceCall,2021-07-10,Returned,3304843,"SHINING WORLD HEALTH CARE CO., LTD.",10193489270594,135,97.6099572765225
Helpdesk,2021-04-13,Cancelled,370433,AzurMeds Inc.,190730009623,106,99.6200879552008
Helpdesk,2021-01-23,Returned,9291307,Biosense Webster Inc,10351688742520,49,98.42417996597607
Sourcing,2021-02-02,Shippped,1832431,BRM EXTREMITIES SRL,613994787705,2,99.69630854471787
Services,2020-01-14,Exception,2123895,G o n o t e c Gesellschaft für Meß- und Regeltechnik mbH.,193033405390,145,99.57268172331051
IT,2021-03-30,Returned,7175805,"OCEANIC MEDICAL PRODUCTS, INC.",889797015219,89,99.70482463939916
Sourcing,2021-07-27,Cancelled,786445,"LORTE TECHNOLOGIES, INC",822383133294,72,102.19937433337705
Sourcing,2021-10-06,Returned,2773551,TUPEL LTD,840019908122,90,96.65809721932267
Sourcing,2022-04-24,Shippped,7010190,TITUS MEDICAL LLC,10080196459216,38,102.69567303572352
Sourcing,2020-07-31,Shippped,296775,"S-CONNECT CO.,LTD",8800057249405,133,100.67872240406193
ServiceCall,2021-03-09,Returned,4772925,"HYUNDAI BIOLAND Co., Ltd.",888867262829,27,99.52381053653625
IT,2020-01-04,Cancelled,1097859,Avantec Vascular Corporation,817524022032,137,101.79524013491049
Sourcing,2022-01-08,Cancelled,9885751,"Safetysit, LLC",10888857527782,29,96.45645716562773
Sourcing,2021-01-09,In process,575717,ABBOTT SRL,4719872165897,24,99.74389694972923
Support,2020-02-29,Exception,1836803,"BCG MEDICAL, LLC",840118604215,56,97.86231874388946
IT,2021-06-24,Shippped,3444277,"Ramco Laboratories, Inc.",7613327124941,75,102.08797860334334
Support,2020-09-22,In process,6747644,USCOM LIMITED,10885862063038,24,102.76969389864628
Services,2021-12-12,Shippped,9779952,QUIDEL CARDIOVASCULAR INC.,10888439095616,133,99.12262237771873
Services,2022-02-17,In process,5766141,"QUICKCO, LTD",D7091984023,35,99.24636636966748
Services,2022-03-05,Returned,2313235,FEops,10889942295319,65,99.96950772374228
Maintenance,2022-04-29,Shippped,9693310,"EMBOLIC ACCELERATION, LLC",7613327097146,143,100.00859699252723
Services,2020-08-03,Exception,1843307,"TITAN IMPLANT SYSTEMS, LLC",8033707079316,15,101.20805991554066
Sourcing,2020-06-08,Exception,5656417,"NCI Technology, Inc.",815440021405,150,98.80727047537708
Support,2021-09-30,In process,8128020,"KONO SEISAKUSHO CO.,LTD.",8800044747624,71,104.19652300852948
Sourcing,2020-02-25,Cancelled,3704852,"ASP GLOBAL, LLC",856274008019,149,103.15267060450452
Sourcing,2020-02-16,Returned,2829711,LIFEMED OF CALIFORNIA,8806390809719,93,98.0331248725776
Sourcing,2021-08-09,Exception,8781067,"FACEMASTER OF BEVERLY HILLS, INC.",628101501815,48,101.42150189587942
Sourcing,2020-02-08,Cancelled,9599860,"STARBOARD MEDICAL, INC.",M824DPR65565F1,81,99.30128533320503
Sourcing,2021-03-20,Exception,5532877,Datrend Systems Inc,10888439047486,30,100.00866039600383
Helpdesk,2020-01-04,Exception,2710617,"SRS Medical Systems, Inc.",35664148065,38,97.30846833916426
Maintenance,2021-06-13,Exception,3960924,Aligned Medical Solutions,8055510171018,143,99.17482929541019
Support,2022-01-03,Shippped,4532045,VASOINNOVATIONS INC.,304040073964,104,96.3349682314321
Services,2021-07-24,Cancelled,4215288,HAKO-MED Herstellung + Vertrieb von medizinisch-technischen Geräten G.m.b.H.,636257194584,80,102.63297165370504
Sourcing,2021-01-26,Cancelled,5037657,FIRSTKIND LTD,4048675302728,124,101.67644953264006
Support,2020-10-31,In process,4740642,ANGELINE GROUP LTD.,4048266047236,16,102.48444146607638
Sourcing,2021-10-09,Shippped,2358611,"VESCO MEDICAL, LLC",8033390210645,96,95.81805149444615
Services,2022-03-05,Shippped,3246427,"Omni Life Science, Inc.",18053800899892,72,103.27450918535229
Services,2021-01-23,Shippped,5335600,CATHAY MANUFACTURING CORP.,4026575224104,51,99.46262298720606
Sourcing,2020-10-02,In process,9288583,"OCEANIC MEDICAL PRODUCTS, INC.",8806189836421,122,99.5374737643489
Support,2022-03-17,Exception,1655986,Amico Lights Corporation,J017A6C4T7M0,52,99.61935381372436
Support,2021-09-17,Shippped,8980673,"AESCULAP IMPLANT SYSTEMS, LLC",E235SA3O50,70,100.77904153616991
Support,2021-11-07,Cancelled,8326327,Prime Pacific Health Innovations Corporation,840194406901,19,100.64635362608635
Helpdesk,2020-07-19,Exception,8910750,Gynius AB,6945664892704,30,95.50974045218807
Sourcing,2021-09-28,Exception,3966679,"EXSURCO MEDICAL, INC.",193082005589,7,98.63394812965913
Maintenance,2020-02-28,In process,4742000,"MENICON AMERICA, INC.",3700542200490,4,98.54317363175002
Sourcing,2021-03-25,In process,9726986,"MEDTRONIC SOFAMOR DANEK, INC.",887517214546,74,100.06736108084235
IT,2020-12-06,Exception,5457346,Ningbo Wise Optomech Technology Corporation,M824A5U6055C1,138,100.92812584136743
Sourcing,2020-06-01,In process,8566715,SCHÖLLY FIBEROPTIC GmbH,191072118134,62,100.11257518238286
Services,2020-08-05,Exception,3554164,"AWARENESS TECHNOLOGY, INCORPORATED",D00116626U10821J0,58,101.8497819660341
Support,2021-04-14,Exception,6143916,Vorum Research Corporation,10705034004037,99,99.21538457646086
IT,2020-08-07,Exception,4419169,"WINCO MFG., LLC",4712602340038,75,100.59701569677988
ServiceCall,2020-12-21,Exception,4026076,Lode B.V.,845694018395,120,100.46040263273902
ServiceCall,2021-12-07,Exception,5600413,Imaging Dynamics Company Ltd,8800046908214,7,98.64335464348416
Sourcing,2021-12-25,Shippped,6509805,"ERCHONIA CORPORATION, LLC",190746050145,80,99.70452774210685
Sourcing,2022-03-17,Cancelled,6986759,"Tz Medical, Inc.",715317151733,78,102.02570173815334
Services,2020-03-21,Exception,8193415,SYNCRO MEDICAL INNOVATIONS,653160061314,40,98.09748676969862
Maintenance,2020-06-23,Shippped,4892106,"PINESTAR TECHNOLOGY, INC.",192629140295,123,98.04524813644818
ServiceCall,2020-11-11,Cancelled,4343728,SPATZ FGIA (ISRAEL) LTD,7899893208968,113,100.93613082320138
Helpdesk,2020-11-20,Exception,8469724,"NOWDIAGNOSTICS, INC.",10885403257209,128,98.02422658600804
Sourcing,2020-09-22,Shippped,5198426,VITAL ACCESS CORPORATION,H66860100191,143,102.09467323715151
Helpdesk,2022-03-05,Cancelled,1059395,Thermo Fisher Scientific Oy,810023925286,14,100.64238801465832
Support,2020-01-25,Cancelled,5978563,"GVS Technology (Suzhou) Co., Ltd.",810077243381,9,97.8531460506827
Helpdesk,2021-02-19,Shippped,4827162,mo-Vis,5713106735183,59,97.46502669846518
IT,2022-04-29,Shippped,9666948,ANJON HOLDINGS LLC,6955741823316,108,101.28282647005989
Helpdesk,2021-08-17,In process,6075267,"CLEAR GUIDE MEDICAL, INC.",10888439902914,128,100.03336810588183
IT,2020-05-06,In process,8109433,"THINK SURGICAL, INC.",10815375020792,115,101.54243778193458
Services,2021-04-21,In process,6638285,"Anhui Annuy Latex Products Co.,Ltd.",DIVO5774281,93,100.32303247525896
Sourcing,2020-02-11,Cancelled,1672803,NEURO-FITNESS LLC,8800033172581,1,97.26367198655645
IT,2021-07-18,Cancelled,256774,ENGLER ENGINEERING CORPORATION,10888439493771,89,99.79876827904553
Support,2021-10-08,Cancelled,9680297,"AGGREDYNE, INC.",715317678797,148,98.52517061690831
Maintenance,2020-03-23,Cancelled,1679609,"Trevi Technology, Inc.",10680651446753,75,101.72434163278703
Helpdesk,2020-08-05,Cancelled,2946503,"Zimmer Us, Inc.",10888277232563,66,98.95784711062421
IT,2021-06-11,Exception,2765534,Cuattro Medical,614950016624,112,94.09791939989002
Services,2022-01-05,In process,64194,"Shenzhen Sonida Digital Technology Co., Ltd.",619498165759,71,99.59948139042507
Sourcing,2021-01-18,Returned,7727889,"EXACT DIAGNOSTICS, LLC",5056389600046,105,98.97730414017636
Sourcing,2020-12-16,Returned,7934941,VISIONSENSE LTD.,190837046668,65,99.99490998643442
ServiceCall,2020-12-18,Exception,7303971,"VIRACOR-IBT LABORATORIES, INC.",889024565944,148,100.37026061702073
Services,2020-04-06,Exception,4997963,"ELECTRO KINETIC TECHNOLOGIES, LLC",B417F12260141,111,101.91969440700663
Sourcing,2021-04-29,Cancelled,6448132,"STERILUCENT, INC.",885074464015,91,100.31264508001257
Sourcing,2020-04-26,Cancelled,3143605,TECHDEVICE CORPORATION,887517261885,149,101.5516832390955
Maintenance,2020-05-29,Exception,4237282,"B BRAUN INTERVENTIONAL SYSTEMS, INC",380740151355,80,102.29954633350442
Services,2020-02-23,Cancelled,4579223,TRONJEN TECHNOLOGY INC.,10888277798342,31,100.86926713030749
Services,2020-04-19,Exception,1475343,AMERISOURCEBERGEN DRUG CORPORATION,8806364629213,142,97.3516543661955
IT,2020-11-21,Cancelled,5220873,FERTILITY FOCUS LIMITED,887517368393,100,101.59706520684519
Sourcing,2021-10-30,In process,1642701,MICRO MEGA,D661R7076641,85,98.41836012308342
ServiceCall,2021-12-03,Cancelled,9452259,VITALOGRAPH (IRELAND) LIMITED,15019517244427,36,101.81127973502524
Maintenance,2022-04-11,Exception,6490139,TECO DIAGNOSTICS,190707091606,80,97.81416631321596
ServiceCall,2021-03-01,Cancelled,8342025,AMSEL MEDICAL CORPORATION,8800024911588,20,96.29370503962468
ServiceCall,2020-06-11,In process,3379743,Authentic Medical,10381780417897,41,97.35227792048275
Maintenance,2020-03-26,Returned,3261326,PHENOX LIMITED,D00116146LP7730L0,16,99.24584112575242
Maintenance,2020-11-12,Exception,7424978,TREU-Instrumente GmbH,10887488705835,79,101.27530727123539
Services,2021-08-21,Shippped,330379,MEDICAL CHEMICAL CORPORATION,888118098764,112,102.17569204244104
Maintenance,2020-11-07,Returned,2897980,"SANTA BARBARA IMAGING SYSTEMS, INC.",884465658651,41,97.81427121866068
Sourcing,2021-08-08,Shippped,9267519,"LIBERTY MEDICAL SOLUTIONS, LLC",8806189878100,118,101.2172528314324
Services,2021-03-31,In process,1542412,"Pulse Biosciences, Inc.",4056839052006,129,101.72668042785203
ServiceCall,2021-03-21,Shippped,6644715,Apex (Suzhou) Medical Products Company,4046826075453,119,99.13604248427487
Support,2020-06-24,Returned,9243054,ABBOTT MOLECULAR INC.,842326161665,94,97.00892269233772
IT,2020-07-23,Shippped,4906775,"PROGENIKA BIOPHARMA, SA",8806390853224,142,99.65708526466533
ServiceCall,2022-01-29,Shippped,5590705,"Gpi Usa, Inc.",636257198117,114,99.08053165155876
Helpdesk,2021-09-18,Returned,7951231,"GRACE MANUFACTURING, INC.",8800056235508,57,99.61093009019092
Sourcing,2022-02-22,Returned,4146558,"Medifocus, Inc.",10195594576745,43,96.84430757201405
Helpdesk,2021-06-14,Cancelled,7823813,Rainbow Specialty & Health Products Inc,10806378039867,24,100.85823988024268
Sourcing,2020-08-01,In process,366404,"7-ELEVEN, INC.",889095168303,40,98.86281348290385
ServiceCall,2021-06-15,In process,4988471,BRACCO DIAGNOSTICS INC,888118080844,15,98.55506707454899
Support,2022-03-28,Returned,6947374,"CONVAID PRODUCTS, INC.",613994594907,53,99.94031322234856
Sourcing,2021-07-21,Returned,7541626,"ORAMETRIX, INC.",10888439662153,103,99.27771300270287
Support,2020-02-06,Cancelled,4888856,"ACTUATED MEDICAL, INC.",848530060763,110,99.58000628884994
Services,2021-09-21,Shippped,5714606,"RADQUAL, LLC",10888439358407,120,104.33358345188267
Maintenance,2021-10-18,Cancelled,1960038,RESPIRE MEDICAL HOLDINGS LLC,8800056217320,144,100.36718769803258
Sourcing,2021-12-19,Shippped,8374600,"MEDIVISION, INC.",801902003591,8,98.60863207456549
Sourcing,2021-04-03,Shippped,2476800,"MEDI-PHYSICS, INC.",801741023149,10,99.56700699742724
Support,2020-08-21,Returned,2282126,"Hubei Medlink Healthcare Co.,Ltd",817401020694,79,99.6006202986121
Services,2020-11-04,Shippped,8178804,"Implant Logistics, Inc.",612479220836,114,98.08699307189677
ServiceCall,2021-03-13,Cancelled,5109042,"NEMOTO KYORINDO CO.,LTD.",10887488674957,131,98.72099164227124
IT,2020-02-09,In process,6864346,MEDICAL FINANCE RESOURCES INC,190837026691,97,102.5260135368352
IT,2020-12-18,Cancelled,9248885,"ATRION MEDICAL PRODUCTS, INC.",6945664869010,91,100.1995164676381
Sourcing,2022-02-27,Shippped,7993062,Cochlear Bone Anchored Solutions AB,4035324044115,116,102.86823517288356
Services,2022-03-21,Cancelled,1956354,Aesku.Systems GmbH & Co. KG,10381780376965,107,98.27999941950505
IT,2020-07-03,Exception,9103415,Aldi Inc.,3700386937644,89,97.11532474539847
Sourcing,2021-05-09,Exception,8739326,Surround Medical Systems,889024308343,121,99.2485356117875
Maintenance,2020-02-03,Cancelled,5117351,Chimaera GmbH,10885403063367,61,99.14229192844806
Maintenance,2020-08-29,Exception,9635276,Megin Oy,848657065740,138,101.54684981072768
Support,2020-03-06,In process,3265044,"EXOTOE, LLC",8719616012858,71,98.33695484609078
Sourcing,2022-04-28,Returned,4940173,"WHILL, INC.",B0751000540,123,97.0337053663997
Sourcing,2022-03-11,Shippped,4644004,Cortex Biophysik GmbH,4042409200083,133,97.89751666565219
Support,2021-05-30,Cancelled,1947358,"MEDSCIENCE RESEARCH GROUP, INC.",190746172854,86,101.30674180861176
Services,2021-04-29,Cancelled,2433284,Monaghan Medical Corporation,7630034300574,17,102.80980047936328
Maintenance,2020-12-23,Exception,5492411,PDG Product Design Group Inc,822409033485,35,103.05064970034502
Support,2021-06-08,Exception,4252732,"Guangzhou Renfu Medical Equipment Co., Ltd.",10886982216595,53,100.5138151087525
Sourcing,2021-12-01,Exception,3561937,"CARETAKER MEDICAL, LLC",8809447654744,25,100.3827586406166
ServiceCall,2020-12-03,Cancelled,9718214,"IHEAR MEDICAL, INC.",10649111110566,122,100.73255938552545
Maintenance,2020-12-04,Returned,4893543,Sound Options Tinnitus Treatments Inc,190776115371,112,96.193402227131
Support,2021-10-26,Returned,5747540,ELEKTA LIMITED,10193489932300,83,102.29763874195163
Helpdesk,2021-04-28,Returned,4538251,B.Braun Avitum AG,840105220541,86,101.78093122798823
ServiceCall,2020-02-17,Shippped,1138931,Avery Dennison Belgie BVBA,880304908499,143,100.2373291402531
Maintenance,2020-08-22,Cancelled,6958928,"ALLISON MEDICAL, INC.",4260148896897,134,101.33261466704361
Maintenance,2020-05-05,Exception,4656284,"IMMCO DIAGNOSTICS, INC.",643169329812,38,98.49463507115968
Support,2020-12-07,Cancelled,8288842,FIRST CHECK DIAGNOSTIC CORP.,10886982060013,105,101.28830580651663
ServiceCall,2021-06-25,Exception,8871771,S.D. SIGHT DIAGNOSTICS LTD,10888234500650,76,96.76143091612902
ServiceCall,2021-09-29,In process,9166250,Tyros Biopharma Inc,763000317829,122,98.2809656135767
Sourcing,2020-08-14,Exception,1997172,GILARDONI SPA,89904003393,132,100.68724862270352
Sourcing,2021-03-17,Returned,8719765,ARTSANA SPA,10381780131793,63,99.7826812107028
Services,2021-12-18,Shippped,8295255,BRANDMAX INC.,190730043887,127,96.8135534106651
Maintenance,2021-06-01,Exception,3974712,"Shenzhen Beacon Display Technology Co.,Itd.",840018634428,7,100.78798780963218
Maintenance,2020-02-05,Returned,9045061,"Kenmark Optical, Inc.",8800048452340,3,98.59189296495605
Sourcing,2020-09-13,Shippped,5935303,PERFINT HEALTHCARE PRIVATE LIMITED,817717022290,17,100.46084046703992
ServiceCall,2021-11-20,Exception,9356238,"LIDL US, LLC",7290113350021,120,100.07875948493178
Sourcing,2022-03-21,Shippped,2173587,Tianjin Newtrans Technology Development,801902091994,131,97.12551620534416
ServiceCall,2021-11-04,Cancelled,44196,OPTELLUM LTD,616784356235,93,99.87406714274809
Helpdesk,2020-12-27,Exception,1241206,PERKINELMER SINGAPORE PTE. LTD.,D78560575HA0,55,99.89263136660772
Services,2020-11-25,Cancelled,3600564,AXILUM ROBOTICS,8498840001844,46,99.5736641893799
Helpdesk,2020-06-20,Returned,7849058,LAMBDA SPA,885556636824,82,99.90926586676498
Services,2021-10-21,Returned,8519588,"EXCELHEALTH, INC.",817136020518,1,99.74407366298674
Sourcing,2021-11-26,In process,6898236,"GUANGDONG WELLAND TECHNOLOGY CO.,LTD",20705032021606,84,100.60860587030966
Support,2020-08-26,Shippped,7921187,"Advanced Med-Surg Concepts, Inc",5060358122149,147,101.66321951400742
Sourcing,2022-02-01,In process,7052644,"Visby Medical, Inc.",880304269323,20,99.2750554883408
Sourcing,2021-12-22,In process,8276194,"CONVENTUS ORTHOPAEDICS, INC.",10888857259867,34,99.41184307882143
Sourcing,2020-05-21,Shippped,7623180,"Hetaida Technology Co., Ltd",801741025396,54,102.09332414065742
ServiceCall,2020-01-20,Returned,7491398,LAMBDA SPA,10884521099494,79,97.62416339500118
Helpdesk,2021-02-05,In process,3479948,"MEDICAL POSITIONING, INC.",M482MAUA1M40,59,100.97405581164692
Maintenance,2020-09-18,Shippped,2468314,NEOLIGHT LLC,190361019749,17,102.36655475501517
ServiceCall,2020-10-11,Cancelled,5174970,"UTAH MEDICAL PRODUCTS, INC.",190746098857,56,101.55712596598919
Maintenance,2021-10-11,Shippped,6529441,TENS PLUS INDUSTRIAL COMPANY,M719G71265300,81,102.61520192261007
Maintenance,2020-03-02,In process,9311090,SHEFABONE INC,10193489227338,100,100.0759255069589
Helpdesk,2020-11-08,Shippped,6576986,"Fujirebio Diagnostics, Inc.",15019517063370,99,102.58759430833628
Maintenance,2021-01-21,Returned,1911301,NEXT SIGHT SRL,842188102912,142,101.28898714826421
Support,2020-07-10,Returned,5662707,NATUS MANUFACTURING LIMITED,50885380163331,142,102.17248702690607
Sourcing,2021-11-24,Cancelled,5151324,OBP CORPORATION,J011718501240,66,101.97021224980357
ServiceCall,2020-02-06,Shippped,2918680,"410 MEDICAL INNOVATION, LLC",652221289483,97,99.1963294434247
ServiceCall,2021-02-03,In process,3830613,"EXCELERON MEDICAL, INC.",190837086350,100,100.88574909429268
Helpdesk,2020-01-14,In process,77423,AMPLITUDE SAS,888118081223,17,96.94109358380605
ServiceCall,2021-02-16,In process,5305359,"MPS MEDICAL, INC",5060180252779,46,98.88004766706965
Helpdesk,2021-03-28,Shippped,7166456,EMPATICA SRL,191072068026,39,101.58433550887878
Support,2020-11-30,Shippped,6329394,Restor3d,4048551278413,62,99.119215696946
Helpdesk,2020-02-20,In process,9230858,Byflo Products Inc.,841036223359,57,101.01765967446107
ServiceCall,2021-05-05,Shippped,290748,"CARGUS INTERNATIONAL, INC",5056079002822,95,100.73703993897188
IT,2020-03-22,Exception,3992914,"RHYTHM XIENCE, INC.",10193489068559,65,101.11212994882742
Maintenance,2020-01-16,Cancelled,9821893,"DONGGUAN CITY SINOSHINE TECHNOLOGY CO.,LTD",E0HM39TDS152040351,62,98.31155911113197
Maintenance,2020-04-29,Returned,1649548,"Truly Instrument Co.,Ltd",889024323155,94,99.99792411210075
ServiceCall,2020-01-17,Returned,4912395,"MEASUREMENT SPECIALTIES, INC.",EFOR740K08021,76,97.82249486960497
Support,2020-08-31,Cancelled,4124251,S.I.T. SORDINA IORT TECHNOLOGIES SPA,4580786584209,44,99.13212452886627
Helpdesk,2021-11-27,Shippped,4944799,Davol Inc.,B502BSB65780,32,99.95189091502642
Maintenance,2021-10-06,Cancelled,3972833,Kiltex Corporation,B587X102225120,8,102.23544460961367
IT,2020-05-05,Exception,2471719,g.tec medical engineering GmbH,10193489663730,109,102.91758622197725
Sourcing,2021-01-08,Returned,8709139,WEINMANN Emergency Medical Technology GmbH + Co. KG,10887488971506,93,99.76696873547347
IT,2020-11-15,Exception,2581637,Safetyfix Medical Technologies,191072056580,114,103.34420940218048
Helpdesk,2022-04-05,Cancelled,6373997,UNIBELL SRL,4019702274776,71,97.57792404848382
Sourcing,2022-03-16,Cancelled,1427896,HURRICANE MEDICAL INC,817329022527,90,96.87035251991735
IT,2020-05-17,Shippped,6022052,"TREACE MEDICAL CONCEPTS, INC.",D7915160HS0,101,99.09858612029379
Support,2021-12-03,Exception,4800225,BUY SUPPLY INC,M454UJ65D2PP2851,112,100.21102968919642
Services,2020-01-08,Exception,8708793,"Broder Bros., Co.",10885380180804,110,103.32762452094191
IT,2021-03-10,Cancelled,8254505,"RINOVUM SUBSIDIARY 2, LLC",10888439857054,129,96.26285819757933
Support,2021-03-11,Exception,4479749,"MICROLINE SURGICAL, INC.",840828105033,131,100.3726340476755
Helpdesk,2021-04-18,Cancelled,3665753,ASAHI KASEI PHARMA CORPORATION,4057176136374,112,99.38159574088724
ServiceCall,2020-12-17,In process,2460878,MEDTRONIC POWERED SURGICAL SOLUTIONS,643169845466,46,98.26100991313996
Support,2021-07-22,Returned,3100731,"FRICKE INTERNATIONAL, INC.",810040682971,150,100.40392392830296
ServiceCall,2021-05-10,In process,2770033,Si-Bone Inc.,304040006849,47,97.94877197790078
Support,2020-05-23,Returned,3671178,"SURGIKOR, LLC",7640151082666,108,99.85664734812809
Sourcing,2021-11-11,Exception,6666049,Polyganics Innovations B.V.,191072151612,135,100.04812661438031
Maintenance,2021-06-20,Returned,2201373,BAUSCH & LOMB INCORPORATED,5060440330988,134,100.11718241503792
ServiceCall,2020-07-02,In process,890474,"EMVERA TECHNOLOGIES, LLC",8806378320342,68,99.94799530015297
Sourcing,2020-02-18,Returned,7473021,"LAURIMED, LLC",887482146255,5,98.27492737729781
ServiceCall,2021-04-05,Exception,583285,Solace Trading LLC,887517893611,26,97.89127731541811
ServiceCall,2020-02-04,Exception,6359518,Accuray Incorporated,6970908210402,131,101.82207776848418
Services,2020-11-06,Returned,8812435,"ANESTHESIA ASSOCIATES, INC.",190660139032,93,101.30565989397414
Sourcing,2020-05-21,Cancelled,1319640,Ion Beam Applications  SA,192896093751,59,101.14114317979602
Sourcing,2021-12-25,Returned,8148691,Medaxis AG,4056481001247,149,102.1837638587077
Support,2021-04-29,Exception,2984036,"Shenzhen Yuwen E-Commerce Co., Ltd.",50382903679220,111,104.11721336980506
Services,2020-02-23,Returned,622616,"ADVANCED ORTHOPAEDIC SOLUTIONS, INC.",10652927425786,113,100.01062801972375
Sourcing,2021-08-10,Returned,379123,Spark Innovators Corporation,EPTWS0200110,146,98.81969378413154
IT,2021-10-24,In process,7170144,IQ DENTAL SUPPLY LLC,10885862176264,76,98.99676105036954
Support,2020-12-31,Cancelled,5533171,IBL America,M719G71255250,135,101.19064337817154
Helpdesk,2020-09-11,Exception,6139301,"Visiomed Technology Co., Ltd.",7630016818035,150,102.29212521822025
Sourcing,2020-07-20,Exception,4849880,HEARTSINE TECHNOLOGIES LTD,10887488145938,25,99.30212034669616
ServiceCall,2020-01-21,Returned,5404324,"SHENZHEN AEON TECHNOLOGY CO., LTD.",643169978508,83,99.64952605433254
Sourcing,2020-01-09,Returned,3967881,audifon GmbH & Co. KG,8800056253212,28,98.3274949321451
Sourcing,2020-08-19,Shippped,3214186,"Xi'an Friendship Medical Electronics Co.,Ltd.",7630008476540,79,99.22283341120689
IT,2020-06-27,Cancelled,2271221,COMPASS HEALTH BRANDS CORP.,B803710112R0,8,98.38332225439426
Sourcing,2021-03-10,Cancelled,1014376,"CIANNA MEDICAL, INC.",612649200712,32,103.10030852808714
ServiceCall,2020-02-10,Exception,7957084,"EXOTOE, LLC",D838WS3399105RB2,15,99.72641645677045
Sourcing,2020-05-16,Shippped,5696975,"DOREL JUVENILE GROUP, INC.",5704819252067,86,100.55778604863859
Helpdesk,2021-08-06,Exception,951245,AVICENNA.AI,10195594419608,26,99.25484821321685
Helpdesk,2020-06-23,Shippped,2730746,"CAS MEDICAL SYSTEMS, INC.",628101519988,113,100.16147065937682
Helpdesk,2021-06-23,Cancelled,3299721,FLOSPINE LLC,840286803212,119,103.00144743367741
ServiceCall,2021-08-01,In process,8600947,"ZEVEX INTERNATIONAL, INC.",190776180768,124,100.1028167492013
ServiceCall,2021-06-16,Exception,6446516,PROCEPT BIOROBOTICS CORPORATION,M454AR60B21P2501,88,104.6882145802791
ServiceCall,2021-02-13,In process,723892,The Alger Co Inc,4046963890667,13,99.94106751957
Helpdesk,2021-10-02,Shippped,3743236,"KOIOS MEDICAL, INC.",10193489208511,65,103.13682931141894
Maintenance,2020-07-07,Cancelled,4576304,ORTHOSOURCE,889095096477,134,98.64555494977898
Maintenance,2021-10-30,Cancelled,2594698,"Fresenius Usa, Inc.",848657041324,78,97.52149507922307
ServiceCall,2020-03-10,Returned,8978319,"FINEMEDIX CO.,LTD.",10888439699883,147,97.35696147025591
Helpdesk,2021-03-15,In process,2313541,"ECHONOUS, INC.",4046964582554,100,100.28423431673613
Helpdesk,2020-07-07,In process,288493,MEDACURE INC.,887761982543,138,101.07829919127933
IT,2020-08-17,Shippped,6799326,SPINEVISION,B07307CPR04801,115,100.49052547935942
Support,2020-09-29,Returned,5915195,LEGEND SPINE LLC,841379123088,92,99.60956678029225
IT,2021-02-25,Exception,7124046,Royal Oak Medical Devices LLC,10381780120575,25,99.07348614047392
Maintenance,2021-07-18,Returned,5625196,"GAMMEX, INC.",190376383965,133,97.04154529072345
Support,2021-08-13,In process,1673682,SCHÖLLY FIBEROPTIC GmbH,4046964562860,103,97.7720812229827
ServiceCall,2020-11-12,Shippped,7084176,"RADQUAL, LLC",10888277139718,149,97.3193183755215
Support,2022-03-16,Shippped,1013892,INGENIOUS TECHNOLOGIES CORPORATION,10886982224361,35,100.87449717375299
Sourcing,2021-09-16,Cancelled,7540494,"SHANGHAI MEDIWORKS PRECISION INSTRUMENTS CO.,LTD.",10887488158648,58,99.49473693446892
Sourcing,2021-04-15,Cancelled,5513347,GRI MEDICAL PRODUCTS INC,709078011849,39,99.21356868018333
Sourcing,2020-09-09,Cancelled,7291688,NEUROCHAOS SOLUTIONS INC,385640066129,35,100.72687291406946
Services,2020-03-05,Exception,12417,Compumedics Germany GmbH,880304606302,100,99.68176032536509
Sourcing,2020-07-15,Returned,2678994,Communications & Power Industries Canada Inc,844856006645,57,101.58048174703549
Helpdesk,2021-07-17,In process,5130704,QUEST DENTAL MATERIAL CORPORATION,8714729805281,54,100.50264411151643
Maintenance,2021-02-20,Shippped,4183773,"PRECEPT MEDICAL PRODUCTS, INC.",10888277237599,3,101.40893944809389
Helpdesk,2022-03-30,Shippped,6463351,"TAKARA-BELMONT CO., LTD.",J014660152040,50,99.35616842289053
Sourcing,2020-11-09,Exception,9067408,NANOVA BIO MATERIALS INC,812171025689,110,99.92944850924565
Maintenance,2021-10-26,Returned,9521432,"KOVEN TECHNOLOGY, INC.",D00116686UB8529S0,127,100.37642136010781
Sourcing,2020-10-25,Exception,7558314,C-Rad Positioning AB,880304865006,134,103.24343081247358
Sourcing,2021-09-20,Returned,5564739,SARANAS INC.,814747020265,34,98.27447674481063
Support,2021-12-23,Cancelled,7247854,"Fresenius Medical Care Renal Therapies Group, LLC",889024271319,66,102.07928578715656
Sourcing,2020-02-16,Shippped,2016811,SKANRAY TECHNOLOGIES LIMITED,613994556554,38,102.89719133759007
IT,2021-07-25,Shippped,2823583,BIOTRICITY INC,4038953854766,50,100.29585151104762
IT,2020-07-01,Returned,2471689,MibeTec GmbH,887517565471,70,103.4019094339046
ServiceCall,2022-04-02,Shippped,2777091,Vrad,D768BBBT180,67,99.06831490598087
IT,2022-01-06,Cancelled,921512,"VASOMEDICAL, INC.",887517004710,104,99.62000816276345
Services,2022-02-23,In process,8508717,"Amco International Manufacturing & Design, Inc.",10840642107661,120,98.94987450303366
Helpdesk,2021-03-30,Cancelled,8038501,Noras MRI products GmbH,E235HG160,37,98.70158794783548
IT,2022-01-01,Cancelled,4868478,NONAGON LTD,10889942303151,94,99.43719708785756
Helpdesk,2021-09-14,In process,3878058,"COMPER CHUANGXIANG (BEIJING) TECHNOLOGY CO., LTD.",7290112280220,117,98.49491585826343
Sourcing,2021-02-22,Returned,4220055,ELECTRO-CAP INTERNATIONAL INC,650551101291,8,104.33852689515746
IT,2021-02-11,Shippped,6826505,SABEU GmbH & Co. KG,8806364646500,131,95.44948736799961
Services,2022-04-02,Cancelled,3417196,"ETHICON, LLC",885556638057,140,101.86185915947365
Services,2020-05-21,Shippped,8753033,GENADYNE BIOTECHNOLOGIES INC.,889095024722,144,101.28725790294337
IT,2021-06-07,Shippped,9488109,BEAR DOWN CONSULTING,8435457211761,55,100.65565804150052
Sourcing,2020-03-22,Returned,8400367,HYGITECH,10885862559289,45,101.56413040174344
Support,2020-02-03,In process,915152,Max Pdo Inc,887517895004,52,100.66336567924978
Sourcing,2020-06-18,Returned,3305576,ESI CORPORATION,10806378026430,20,100.89989402315223
Services,2021-03-26,Shippped,9086306,Future Diagnostics Solutions B.V.,4019702247695,80,99.59166058980843
Sourcing,2021-11-29,Returned,6551770,"ECOMED SOLUTIONS, LLC",10886982214027,76,99.44520581327409
IT,2021-02-25,Shippped,8019610,PHASOR HEALTH LLC,8809625986056,73,100.45172880193657
Sourcing,2021-11-22,Shippped,98374,Avalon Biomed Inc.,D7915143AD0,28,101.33467020780826
Sourcing,2022-02-04,Shippped,7669476,MONARCH LABS,10888439471168,86,98.51191505362564
Services,2020-10-21,Exception,2545724,Spencer Technologies,7640178976856,34,98.62858149493829
Services,2020-09-11,Cancelled,454192,"OPTI MEDICAL SYSTEMS, INC.",10884527020966,21,96.53513881413049
Maintenance,2022-04-01,Returned,9190073,"PREMIER BIOTECH, INC",D7091995050,60,98.33194234166098
Maintenance,2020-12-07,Cancelled,4637114,SHEFABONE INC,887517232496,141,100.66082675467158
Support,2020-07-01,Cancelled,189710,PEROUSE MEDICAL,810060221426,21,99.09044663573688
IT,2020-06-14,Exception,7744009,Medikro Oy,810045513577,37,99.33550038550453
IT,2020-01-18,Returned,5990688,"Terumo Medical Products (Hangzhou) Co., Ltd.",4046445144332,147,99.44585126926754
Sourcing,2020-05-27,Exception,6166835,C.P. MEDICAL CORPORATION,5055788745464,66,98.5489977641494
IT,2020-01-03,Exception,5102786,FORTUNE MEDICAL INSTRUMENT CORP.,15019517253511,12,97.25894345279488
Services,2021-12-16,Shippped,2849560,Oculogica Inc.,715317052801,116,100.6623862691651
Sourcing,2020-05-21,Exception,1654406,"J. MORITA U.S.A., INC",3700712402419,46,101.67965725662145
Maintenance,2020-05-23,Returned,3750653,ANALYTICAL INDUSTRIES INC.,10889942409020,109,100.55289244610177
Services,2021-04-05,Shippped,294061,CYTOTHERM LP,7613154280162,59,99.5099269105846
Sourcing,2021-12-30,Exception,484524,EAR TECHNOLOGY CORPORATION,10193489475777,120,100.8714959032027
Sourcing,2020-05-27,Returned,7976565,"Suzhou Microclear Medical Instruments Co., Ltd.",4048551336854,114,100.54272426119672
Sourcing,2021-08-24,Shippped,8972515,"NANTONG EGENS BIOLOGY TECHNIC CO., LTD.",873263002346,95,99.51164000743996
Sourcing,2020-05-19,Exception,2080544,BIOSENSE WEBSTER (ISRAEL) LTD.,M697T092100021,90,100.92001189043984
Sourcing,2021-10-26,In process,9104821,PATHRIGHT MEDICAL INC.,10889942272488,45,102.08796654895477
Sourcing,2021-11-22,Returned,116136,"INSTRUMENTATION INDUSTRIES, INCORPORATED",10195594203634,8,99.46470463095378
ServiceCall,2020-02-17,Returned,3724460,"SUTTER MEDICAL TECHNOLOGIES USA, INC.",810023920441,133,100.36251632597255
Maintenance,2022-04-20,Returned,753680,COPAN WASP SRL,30801902127144,45,100.7359343998821
Support,2021-12-05,In process,6824975,ARTHROSURFACE INCORPORATED,B167500101614070,74,103.75843230153528
Sourcing,2021-07-17,Returned,979507,CARBOFIX ORTHOPEDICS LTD,10193489701555,83,97.00835400358943
Sourcing,2021-09-24,Cancelled,9325915,Sonic Incytes Medical Corp.,7613252257233,79,95.3873421555071
Maintenance,2022-01-27,In process,1821636,BIOMEDICAL DATA SOLUTIONS LIMITED,10193489311945,8,98.39379625259248
Sourcing,2020-11-30,Shippped,4284534,"Atom Medical Usa, LLC",10840642135626,56,99.73309014359518
Services,2021-06-18,Shippped,6699787,Get Stix Inc.,887661276940,149,99.2261747953566
IT,2021-03-11,In process,2463984,"TRUMEDICAL SOLUTIONS, LLC",4049224310966,1,99.26303985207262
Support,2021-07-23,In process,6126828,"NEW STAR LASERS, INC.",887482124093,125,100.36093098080703
Support,2022-01-02,Cancelled,5687171,Royal Dental Lab,854629006628,70,100.64949546008964
IT,2021-08-20,Cancelled,3767770,"SAGEMAX BIOCERAMICS, INC",10888857527966,41,98.51888398783424
IT,2021-05-27,In process,4789547,"MDElite Laser and Aesthetic, LLC",10809160221242,23,98.52187371704636
Helpdesk,2021-07-27,In process,2884764,TENS PLUS INDUSTRIAL COMPANY,10888857335493,114,100.93284402657928
Sourcing,2021-11-28,Shippped,699911,"ARGON MEDICAL DEVICES, INC.",812998022670,89,99.68811015727097
Helpdesk,2022-03-15,Cancelled,9800868,"HEALTHDENT'L, LLC",10887488961941,148,98.54743058644759
Sourcing,2020-06-04,Shippped,9527025,"NEW WORLD IMPORTS, INC.",853818007330,83,101.78571551362936
IT,2020-01-08,Shippped,2590836,"Klarity Medical Products, LLC",840682104258,93,101.66764322301168
Maintenance,2021-04-03,Cancelled,5593862,Digisonics Inc,B565M330110431,104,98.95736139352555
IT,2021-02-04,In process,2936430,steco-System-Technik GmbH & Co KG,5708296225873,35,101.14358976344899
ServiceCall,2021-08-22,In process,6641338,HAAG-STREIT UK LIMITED,B188LIFE21010,87,103.95163574808655
ServiceCall,2022-01-28,Shippped,1981202,PRODONT-HOLLIGER,7898624865166,64,99.75714531541526
Sourcing,2020-01-27,Shippped,689503,"FARETEC, INC.",190776205317,94,98.38265980727631
Maintenance,2020-05-15,Exception,8695307,My Medic,4718005152384,127,100.4466303931859
IT,2021-07-17,Shippped,2174297,Bosma Enterprises,643169185791,122,100.61885793448121
Maintenance,2020-02-22,In process,2087893,"Beijing ADSS Development Co., Ltd.",842180114159,133,101.8707374726738
ServiceCall,2021-07-31,Shippped,3587714,"SYSMED (CHINA) CO.,LTD",10887488546049,20,103.19014527542191
Maintenance,2020-01-22,Exception,8684030,"Encompass Medical Supplies, Inc.",4057532409692,66,98.86189479885428
ServiceCall,2021-09-12,Returned,7170018,KIMBERLY CLARK COLOMBIA HOLDING LTDA,10381780235491,86,95.6585853163232
Sourcing,2021-02-17,Cancelled,7520555,"ETYMOTIC RESEARCH, INC.",7321822240003,2,104.55755687369579
ServiceCall,2021-08-03,Returned,7010245,Q-CORE MEDICAL LTD,5391529588472,37,99.90231476414043
IT,2021-10-07,Returned,3299864,Jeil Medical Corporation,8800037511928,31,102.27418027431128
Support,2020-01-18,Cancelled,4862671,LHM MEDICAL TECHNOLOGY (HONG KONG) LIMITED,D661R8568F016FG1,47,97.98484033769353
Services,2020-06-27,Exception,3045593,AIRGAS USA LLC,10190752121447,100,100.12727592420946
Sourcing,2021-09-20,Cancelled,1236331,Wipak Oy,810041981776,81,100.09169629335275
IT,2020-10-08,Shippped,4903391,"21ST CENTURY SCIENTIFIC, INC.",L502BSB5868,90,98.88444089917105
Maintenance,2020-03-17,Cancelled,9550689,"TALBOT'S PHARMACEUTICALS FAMILY PRODUCTS, LLC",M454PL52B0UVP2951,117,103.16998145841526
Sourcing,2020-06-30,Cancelled,6302837,"PATTERSON MEDICAL SUPPLY, INC.",4036616002752,55,101.81514113476364
ServiceCall,2020-10-14,Exception,527786,"CLINICAL REFERENCE LABORATORY, INC.",10888439075533,140,102.32676799697921
IT,2020-05-06,Cancelled,8086851,"Jumin Bio-Technologies, Co., Ltd.",840828139403,100,98.27965998151599
Helpdesk,2020-11-10,In process,2494509,BENCO DENTAL SUPPLY CO.,814913023472,70,101.27275856694934
Maintenance,2021-11-25,Exception,6326684,"TRI-TECH FORENSICS, INC.",8806390805469,17,99.82424178120283
Support,2021-01-20,Returned,1825839,Dermadry Laboratories Inc,10887488169644,5,102.58535170310483
Sourcing,2020-12-24,Cancelled,4535221,SMART DENTISTRY SOLUTIONS INC.,3596010632807,56,101.41834994715859
IT,2020-02-29,Shippped,3592152,APONOS MEDICAL CORPORATION,889024173569,149,99.76482555817583
Maintenance,2020-12-12,In process,17300,"REBISCAN, INC.",16945630109017,29,101.32789286227525
Support,2020-06-20,Shippped,9971082,"LUPIN PHARMACEUTICALS, INC.",10195291007160,90,99.07777752216356
Support,2020-08-31,In process,9169813,Viscus Biologics LLC,889095116953,69,98.35925199785324
Helpdesk,2021-10-05,Cancelled,2770085,Josef Ganter Feinmechanik GmbH,844505009546,109,99.54127024109803
Helpdesk,2021-05-08,In process,6338635,Biomedica ADI Inc.,827002345171,54,97.8420923739658
IT,2020-12-27,Cancelled,8443607,CENTERPOINT SYSTEMS LLC,10845357015690,54,100.15544922789742
Sourcing,2020-08-02,Shippped,4303199,SAFCO DENTAL SUPPLY CO.,10888439880571,28,98.5385298263262
ServiceCall,2021-05-16,Returned,9866027,DENTSPLY SIRONA ORTHODONTICS INC.,5706069834574,126,100.67338059343207
Helpdesk,2020-01-22,Exception,7806567,RANDOX LABORATORIES LIMITED,7290110728113,73,99.36353397846148
Support,2020-05-19,Exception,6725999,"MEDTRONIC PS MEDICAL, INC.",10887488251516,70,99.92404979228712
IT,2020-08-30,Exception,625344,"Enova Illumination, Inc.",4250418712651,86,96.57761002020997
Services,2021-08-20,Shippped,1625790,Azure Biosystems Inc.,15019517132144,30,101.17677260326838
Services,2020-04-23,Shippped,9673019,"SECQURE SURGICAL, CORP.",845694019163,30,101.181808059652
ServiceCall,2020-11-06,Cancelled,4787075,Aso LLC,10840935104841,104,101.52455895493615
Sourcing,2022-02-13,In process,5305693,"Hubei Haixin Protective Products Group Co.,Ltd",4251436901614,133,102.57492293554289
IT,2021-03-29,Shippped,9932152,KA  MEDICAL LLC,763000084998,125,101.94723241053573
Sourcing,2021-04-05,Exception,6973554,"FACET TECHNOLOGIES, LLC",614950000579,83,100.68440463115786
Helpdesk,2020-06-01,Cancelled,9728703,"Biomedical Enterprises, Inc.",193082010330,117,99.9879136872384
Sourcing,2021-03-30,Exception,3980437,EDGE ENDO LLC,887517230928,132,99.8142619816416
Maintenance,2021-11-05,In process,4488798,Temptime Corporation,10809160229408,60,105.05824603359618
ServiceCall,2020-03-28,Exception,6451749,"Ningbo HSCC Medical Technology Co.,Ltd",650551143062,43,98.10794455390283
Services,2020-02-06,Exception,821600,BIOPTIMAL INTERNATIONAL PTE. LTD.,885672004385,57,97.51826562651682
ServiceCall,2020-12-03,Shippped,9328397,"PLASMA SURGICAL, INC",885556001295,57,102.57205541951184
Helpdesk,2021-07-10,Exception,6006369,"Beijing Syntech Laser Co., Ltd.",10809160269282,75,101.80298158287613
Sourcing,2021-04-06,Shippped,8858716,ADVANCED ECHO TECHNOLOGY,6932503532587,119,97.74209166952173
Services,2020-05-12,Shippped,6781429,"Discus Dental, LLC",18257200081127,84,99.1633003436533
ServiceCall,2020-10-26,Shippped,6766886,Amylior Inc,726893113466,127,100.14054810470658
Support,2020-06-26,Shippped,5348199,"WATER PIK, INC.",8800056276198,72,100.22454717448136
Helpdesk,2020-06-19,In process,5308043,"Surgical Direct, Inc.",4059453022141,110,102.92575008929585
Sourcing,2020-02-26,Cancelled,9165429,Ibramed Industria Brasileira de Equipamentos Medicos Eir,10889950070410,17,100.57364184767056
Sourcing,2020-02-18,Returned,9520396,"SONTEC INSTRUMENTS, INC.",10193489110609,149,102.35615424563642
Services,2020-09-12,Shippped,9629664,"MET 1 TECHNOLOGIES, LLC",8800057206613,10,103.91898528824242
Helpdesk,2020-04-24,Shippped,1902139,BLACKFORD ANALYSIS LIMITED,4046826104979,77,100.39092107714285
Helpdesk,2021-03-15,In process,1393349,WITHINGS,8806383503792,133,96.50715255023103
Helpdesk,2020-03-12,In process,510541,HYGEIA II MEDICAL GROUP INC,10851452007010,115,97.52424907817624
Helpdesk,2020-11-19,In process,3968894,"POPS! DIABETES CARE, INC.",848657053389,150,103.16300731914318
ServiceCall,2020-11-29,In process,2154756,IBP Medical GmbH,889024496958,108,97.32309282353731
ServiceCall,2022-03-17,Exception,8607346,SPINEVISION,810004514089,90,101.29047588774705
Support,2020-08-31,Returned,9005518,A.M.A. PLASTICS,816036020369,64,100.96552541928978
Sourcing,2021-04-06,Cancelled,2519713,"ASTUTE MEDICAL, INC.",7630971224223,49,98.00077327638913
Maintenance,2021-07-13,In process,9169320,"Atom Medical Usa, LLC",EFOR743L17121001,80,102.9297984995158
Sourcing,2021-04-11,Returned,6141884,"MICHIGAN CRITICAL CARE CONSULTANTS, INC.",ESIC9352791,42,97.62884997697951
Sourcing,2021-05-25,Shippped,8270735,"TELCARE, LLC",643169669178,90,98.13365710685146
IT,2020-04-22,Cancelled,3278973,"Bain Medical Equipment (Guangzhou) Co., Ltd.",8800033846819,65,96.83948752385047
Sourcing,2020-06-09,Returned,4528572,GO MEDICAL INDUSTRIES PTY. LTD.,190660126742,82,99.95907380888265
Sourcing,2020-01-10,Cancelled,1495592,Dentatus AB,15060441914504,72,99.51055782285258
Sourcing,2020-12-26,Returned,6224730,Bio/Data Corporation,10195594533830,12,98.18318779143405
Sourcing,2022-02-07,Cancelled,6567061,SWEDEN & MARTINA SPA,10888551023689,3,98.90407157880153
ServiceCall,2021-04-06,Cancelled,4761980,WATCHDOG GROUP LC,5902729752213,147,100.9817276698754
Sourcing,2020-07-08,Returned,2993033,"Magstim, Inc.",634782068691,37,103.93319175718885
Support,2020-09-07,Returned,7186208,CEEK WOMEN'S HEALTH,7613327263879,98,103.24438184578909
Sourcing,2022-02-12,Cancelled,5731582,PIXXGEN Corporation,B382SD161410090,28,101.43052436800834
Services,2021-05-03,Shippped,6084328,"ACTION PRODUCTS, INC.",B030EZAT263208130,25,100.55562811154931
Helpdesk,2021-12-04,Shippped,7981255,Straub Medical AG,889024440883,30,100.47249429592948
Maintenance,2020-03-07,Returned,4579077,FUJIFILM HEALTHCARE CORPORATION,10381780079385,50,99.40733297059926
Sourcing,2020-12-18,Cancelled,937198,THERMOWORKS INC.,816879021134,90,98.95027928933226
IT,2020-01-28,Shippped,9898123,"CAPITOL VIAL, INC.",D7091988078,63,99.97093926178782
IT,2021-11-03,Cancelled,6953819,"Beijing Superlaser Technology Co., Ltd.",841379120513,78,101.1223724136841
ServiceCall,2021-07-23,Cancelled,2924648,"ADDENT, INC.",884908144802,100,98.89960467018228
Maintenance,2021-05-17,Returned,6768348,"Radformation, Inc",8717213019812,146,101.4502491058654
Sourcing,2020-01-05,Exception,9968800,DeguDent GmbH,10888277999190,104,102.3694382746064
Helpdesk,2021-02-04,In process,7215266,"ZIRC DENTAL PRODUCTS, INC.",B167S1941360200,104,98.63596188879069
Services,2020-09-18,Returned,8413186,FIDIA FARMACEUTICI SPA,M7526874701,9,97.99386262150418
ServiceCall,2021-11-28,Cancelled,217183,KOALYS TECHNOLOGIES LTD,888118088468,137,101.67134173243973
Maintenance,2022-03-03,Exception,9675002,"GREAT BASIN SCIENTIFIC, INC.",10193489255362,32,95.65401414050243
Support,2022-04-06,Returned,8976087,"IntroMedic Co., LTD.",10888439676808,44,100.5717189276439
Sourcing,2020-12-20,Cancelled,4166143,"M3 Global Enterprises, LLC",B06210056530,63,99.8233817752154
Maintenance,2020-05-02,Shippped,1369353,GERI-GENTLE CORPORATION,M725XA0715,34,101.22110150699105
Services,2022-03-20,Shippped,9699874,FULLER LABORATORIES,10809160162378,139,98.34991116027152
IT,2021-05-19,In process,1986457,Medion Grifols Diagnostics AG,H965457690,126,100.57560048546368
Services,2021-03-03,Returned,8343463,FOTONA d.o.o.,840606120463,59,99.54414580883548
Sourcing,2020-03-08,Shippped,7413095,InnoTherapy Inc.,M697X02200341,85,99.85076922158409
Maintenance,2021-10-28,In process,9168740,"RESTORATION ROBOTICS, INC.",8033390182171,143,96.7744453023763
IT,2020-12-13,Cancelled,5796436,"ZENITH TECHNICAL INNOVATIONS, LLC",D00116136UP6631M0,38,97.7034381798088
Sourcing,2021-10-07,Shippped,4974577,Karl Storz GmbH & Co. KG,810087765903,123,98.88514702291343
Sourcing,2022-03-14,Returned,6066071,REBOUND THERAPEUTICS CORPORATION,8800015972093,102,99.73321787858366
Helpdesk,2020-07-26,Exception,3176375,"FACET TECHNOLOGIES, LLC",613994718853,15,94.73134540545489
Sourcing,2020-12-25,Shippped,4025056,AOK TOOLING LIMITED,887868006708,137,98.02688101157742
Maintenance,2020-11-06,In process,769744,AMAZROCK PTE. LTD.,885556064993,30,99.56177419697173
ServiceCall,2021-10-03,Returned,7527797,"Bright Supply, Inc.",8809542035646,2,97.77796763281604
IT,2022-01-02,In process,4132794,"GaleMed Xiamen Co., Ltd.",10195594963552,125,102.81281224108928
Support,2021-03-04,Shippped,8041654,BIONESS INC.,10887488753461,67,101.1711290873387
Maintenance,2021-10-21,Cancelled,5497147,The Brewer Company LLC,889795000156,145,100.24716654609574
Support,2020-01-02,Returned,2098001,"SHANGHAI MEDIWORKS PRECISION INSTRUMENTS CO.,LTD.",190376344898,58,102.99797914047394
Helpdesk,2021-12-20,Shippped,2225680,NORTH AMERICAN MEDICAL CORPORATION,8809649612573,120,98.39292987585453
Sourcing,2020-08-04,Returned,6885074,TURNER IMAGING SYSTEMS,190707080570,118,97.9111356328511
Sourcing,2021-09-26,Exception,9809648,CREGANNA UNLIMITED COMPANY,889024497573,146,99.39288243197011
Support,2020-08-28,Returned,2354137,"LIGHTFORCE ORTHODONTICS, INC.",DIVO6452981,87,102.33794466014844
IT,2021-12-03,In process,2080598,BIOLIFE DIGNITY HEALTH INTERNATIONAL LIMITED,10887488956404,14,96.81873093651798
ServiceCall,2020-04-29,In process,9032999,BENQ MATERIALS CORP.,888867364189,112,101.74647179621824
ServiceCall,2021-02-16,Cancelled,313977,CROWN SURGICAL CORPORATION,191083042312,122,101.19194920502898
ServiceCall,2022-01-17,Cancelled,9944832,US VASCULAR LLC,B587T1210320,35,97.51950871319251
ServiceCall,2020-10-16,In process,8745956,DREAM FACTORY INC.,10887488040189,49,101.82835333767359
Services,2020-11-24,Returned,506207,FULLER LABORATORIES,4019702537178,110,101.2923660748123
ServiceCall,2020-12-02,In process,9263032,GRAMERCY EXTREMITY ORTHOPEDICS LLC,8800015981224,89,97.14104534552582
IT,2020-03-07,Returned,894636,IBSA FARMACEUTICI ITALIA SRL,10653160330332,139,99.76530714522835
Support,2020-02-27,Shippped,8123759,"MIDWAY DENTAL SUPPLY, LLC",3613720197683,92,99.21221087288701
Sourcing,2021-06-20,Shippped,557426,"Indaljim, S.A. de C.V.",840606125826,3,101.87010683584528
Services,2020-12-09,Returned,3427222,"LIVONGO HEALTH, INC",4059993463091,106,101.38086290986763
Sourcing,2022-02-12,Exception,7891172,"Solaris Medical Technology, Inc.",841379186786,15,102.30978169482367
Support,2021-10-22,Shippped,1169444,GEBAUER COMPANY,10304040142889,66,101.03504040723448
Support,2021-04-25,Exception,1677204,"AZIYO BIOLOGICS, INC.",E302BAL45709,118,102.44715443988486
IT,2021-06-18,Cancelled,7716482,Microtek Medical Inc.,812345021974,63,100.90748119408289
ServiceCall,2021-09-13,Returned,8025652,1. Vivit International Inc,4057532014551,90,99.54990530641476
IT,2020-01-20,Returned,8200301,PULMODYNE INC,6946430400369,149,99.72096249634686
Helpdesk,2020-02-03,In process,2791947,"NEMOTO KYORINDO CO.,LTD.",30801902116896,34,99.69173647981133
Services,2022-02-14,Shippped,1819127,"Shenzhen Delica Medical Equipment Co., Ltd.",842768023248,106,101.83070540926562
IT,2020-04-06,Exception,7724563,"Mytamed, Inc.",M824A5R55450DCOCR1,86,102.53554765297133
Maintenance,2020-02-16,Shippped,7791451,MAJESTIC DRUG CO. INC.,860003665091,93,102.72617402803134
Services,2021-07-21,Shippped,2741089,WEB DEALS DIRECT LLC,190837070885,121,101.27808822650414
Sourcing,2021-11-15,Shippped,9359610,IN2BONES,D0016151551,132,97.23881028869025
Services,2020-08-08,Returned,6865606,"PIOLAX MEDICAL DEVICES, INC.",10195594175399,97,98.05946820199733
Support,2020-03-24,Shippped,2809483,REMIDIO INNOVATIVE SOLUTIONS PRIVATE LIMITED,5037881106113,117,103.61833930337636
Maintenance,2021-07-19,In process,7048137,Varian Medical Systems Finland Oy,4059453015419,7,101.9806353904143
Helpdesk,2021-07-11,Returned,3812048,"NOVABONE PRODUCTS, LLC",M711X208142200,56,100.74942655837651
Services,2021-04-03,Exception,9837284,SEDATELEC,M684EIP2P10R1,93,102.1561312152161
Helpdesk,2020-10-05,Cancelled,4660397,Gimmi GmbH,10888439850253,89,102.80843926875455
IT,2020-07-12,Returned,9572746,"On Light Sciences, Inc.",J011861112180,23,103.4604155216393
Sourcing,2020-07-17,In process,7212242,Bk Medical ApS,606959027589,13,99.04171533262645
Sourcing,2020-02-13,Exception,5306348,INDUSTRIAS MEDICAS SAMPEDRO S A S,4061644037957,81,99.1172549275106
Sourcing,2020-12-21,Shippped,4963494,KERECIS hf.,888118119353,140,99.81947813891173
Support,2020-11-28,Shippped,3083231,MIMOSA Diagnostics Inc,4547327058339,74,101.82735776510144
Sourcing,2020-12-16,In process,3857518,ALBERT BROWNE LIMITED,3760310780432,91,97.44380836881899
Sourcing,2021-03-26,In process,9110042,"MACULOGIX, INC.",887868521706,59,100.5491644767712
Services,2020-02-06,Cancelled,4431806,imtmedical ag,846468054588,146,95.33695266523041
Sourcing,2021-09-15,Shippped,8201099,"Safe Patient Solutions, L.L.C.",10193489808209,71,103.53210957916143
Sourcing,2022-03-14,In process,1053843,CANON MEDICAL SYSTEMS CORPORATION,887868333507,15,97.7285287398453
IT,2021-11-26,Shippped,8282735,"MEDITRINA, INC.",10381780017813,48,99.10408532938578
Services,2021-01-21,Returned,6109799,"Dmetec.Co., Ltd.",8800057247159,49,99.26357155635733
ServiceCall,2020-05-29,Returned,5039763,"MICROSURGICAL TECHNOLOGY, INC.",10888857523654,133,100.10928810765277
Services,2021-02-21,Returned,7579658,"Trivascular, Inc.",8800057282358,12,99.27231403635555
ServiceCall,2022-02-24,Exception,4112720,REWALK ROBOTICS LTD,841365111440,6,100.01722913518691
Support,2020-02-06,Returned,9516368,MAZZA HEALTHCARE LLC,848657034418,51,97.90491636279717
Support,2020-09-25,In process,8047785,REDAX SPA,840606124485,10,101.09484418640125
Services,2021-01-08,In process,6914979,"APTIS MEDICAL, LLC",4046826046170,21,101.08986722232243
Services,2021-09-05,Exception,2427991,Link Bio Corp,3596010223807,69,97.98546165027965
IT,2021-10-07,Returned,9528702,TMSi,30014613332558,138,100.03106208597805
Services,2022-02-11,Shippped,5178094,"NINGBO HUIYOO BABY PRODUCTS CO.,LTD",5713106816271,90,102.59423460728868
Sourcing,2020-10-16,Cancelled,9588279,ADAPTA MEDICAL INC,8806364642533,24,99.12525809817151
IT,2021-12-30,Cancelled,2617036,Thermo Electron LED GmbH,10193489483482,11,97.77027817287906
ServiceCall,2021-05-10,Exception,3785148,KENSINGTON MEDICAL HOLDINGS LLC,5707131258526,84,98.60487455814338
Support,2021-08-04,Shippped,909315,Arch Catheter LLC,889024585225,102,98.24581841148702
Sourcing,2020-12-16,Cancelled,2650048,ACCURAY INCORPORATED,887482044001,79,98.98065072431284
Sourcing,2021-06-24,In process,8211608,IMI Healing Technologies Inc,850023296009,73,99.70917381238107
Helpdesk,2020-11-03,Cancelled,4638125,"NVISION BIOMEDICAL TECHNOLOGIES, INC.",380650702463,32,101.26618129990612
Helpdesk,2020-08-14,Exception,3775336,"Shenzhen Jumper Medical Equipment Co.,Ltd.",6945664809726,94,97.89143590225851
IT,2021-05-23,Shippped,6830152,"OPUS KSD, INC.",10889942248933,31,101.88505134489442
Support,2021-04-25,Exception,1316387,STANDARD IMAGING INC.,J00684450,18,98.88336729842445
Helpdesk,2020-01-17,Cancelled,8570327,Dermadry Laboratories Inc,B7688232240,67,99.79264350390342
Support,2020-08-01,Returned,5574851,RICO SUCTION LABS INC,191072069436,110,97.66318158691405
Maintenance,2022-02-14,In process,3855861,PMT CORPORATION,888867324176,71,97.2263207823659
ServiceCall,2020-07-27,Exception,3541975,"Meizhou Guowei Electronics Co., Ltd.",7290016540437,125,104.23692237444314
IT,2020-10-24,Shippped,3149213,MEDICAL DEVICE RESOURCE CORPORATION,10649111304125,131,101.16475550097293
ServiceCall,2020-03-29,Exception,5992469,"T2 BIOSYSTEMS, INC.",885425116051,76,100.00530542444602
Sourcing,2021-09-15,Returned,4653820,"STELLAR MEDICAL, LLC",887517234575,100,101.84966629497288
IT,2022-04-08,In process,6516690,Exciton Technologies Inc,4546540501349,109,98.98527499574054
Helpdesk,2020-06-08,Shippped,21571,GALIL MEDICAL INC.,7630008470579,63,98.66033012579614
Sourcing,2020-05-14,Exception,6833197,"COMPRESSION SOLUTIONS, LLC",10888277263765,69,101.1599306591708
ServiceCall,2021-08-24,Shippped,4786989,"ZHENGZHOU BESTVIEW ST CO., LTD",4046963697204,47,100.43036080240613
Sourcing,2020-12-07,Cancelled,6994587,"DIASOL, INC.",10190752181410,102,102.50628992459704
Sourcing,2020-07-16,Returned,9359966,BIOTRICITY INC,10652927208174,144,101.8972641704213
Sourcing,2020-03-28,Exception,4901802,"MACLIN POWER, INC.",6941382244191,52,102.51177634589146
ServiceCall,2022-04-17,Exception,6635699,KENKO PATTO LLC,8800057235026,144,101.22892227684335
Maintenance,2021-03-02,Cancelled,1504559,"REALCLOUD IMAGING, INC.",190776025977,43,95.5505454230522
IT,2021-10-21,In process,2836894,"Shanghai SA Medical & Plastic Instruments Co., Ltd.",8800033133490,25,97.94802328984831
Services,2022-04-06,Shippped,1174555,Dornier MedTech Laser GmbH,7290110725471,26,98.5760129797896
Sourcing,2021-12-16,Exception,2147626,PURE LIFE SOLUTIONS INC.,10705031055810,38,100.43881944899442
Sourcing,2022-03-27,Cancelled,7000257,"MEDWAVES, INC.",848486015220,88,100.58042334173302
Sourcing,2020-01-17,Shippped,9317153,AOK TOOLING LIMITED,721902913204,61,98.99562104910794
Maintenance,2020-08-28,In process,3399767,Medos Medizintechnik Aktiengesellschaft,10705034110141,76,100.89534621512091
Sourcing,2021-12-10,Shippped,9904537,"SUGIH INSTRUMENDO ABADI, PT",885556581827,132,101.8434530748002
Sourcing,2020-08-17,Shippped,6683757,LOVABILITY LLC,EDDILAE30P1,38,98.5301520049889
IT,2021-03-01,Shippped,4323705,BEDFONT SCIENTIFIC LIMITED,10889987169194,113,99.15751057807753
Helpdesk,2020-06-27,Returned,4073972,"AvantSonic Technology Co., Ltd",763000463427,49,98.95315213808995
IT,2021-09-12,Returned,2188646,Digital Diagnostics Inc.,7613327235296,43,100.1252853783178
Sourcing,2022-01-27,Exception,2271151,COMPASS HEALTH BRANDS CORP.,10888857138209,115,98.37275374158139
Helpdesk,2021-03-27,In process,7513403,NATUS MANUFACTURING LIMITED,817477020222,11,100.76327685225552
Services,2021-09-16,Exception,865351,Nunc A/S,190746027871,132,98.75790438915803
ServiceCall,2020-02-13,Shippped,9503482,"Nexgen Medical Systems, Inc.",4038653041237,139,99.52339070475502
Sourcing,2021-05-09,In process,9210851,"Motex Healthcare(Anhui)Co.,Ltd.",888480448020,21,103.80558564461023
Maintenance,2021-04-15,Cancelled,4464982,INFORMED DATA SYSTEMS INC.,190776170042,81,98.52710248382142
Sourcing,2020-01-19,Shippped,3605228,"OT MEDICAL, LLC",3662663012515,17,103.01971412663292
Helpdesk,2021-11-22,Exception,7909431,"Vascugenix, LLC",14026704633767,24,99.66722114880947
Helpdesk,2022-04-14,Shippped,3297510,"ETHOX MEDICAL, LLC",190746133268,36,97.81356852515131
Services,2020-01-29,Cancelled,8811606,"HEARING LAB TECHNOLOGY, LLC",811767024358,11,98.53734513400688
Sourcing,2021-07-06,Exception,1596129,MEDICAL DESIGNS  LLC,B46710023510100,110,99.8780592575308
Maintenance,2022-02-06,Exception,3397566,"TENSOR SURGICAL, INC.",D00116346L102M0,136,101.88956281143909
Sourcing,2020-01-05,Cancelled,9568944,LODOX SYSTEMS (PTY) LTD,840192706942,3,102.22562171479258
IT,2021-05-28,Cancelled,5317798,MERIDIAN BIOSCIENCE ISRAEL LTD,10840843113836,91,99.7568060221588
Maintenance,2022-01-23,Returned,52792,PRECISION DISPOSABLE PRODUCTS INC,10705031006584,41,99.59455318854319
Helpdesk,2021-11-21,Exception,5482161,"MARREK, INC.",10885425766468,88,97.99666324326179
ServiceCall,2020-06-16,Shippped,7958502,"LUMIQUICK DIAGNOSTICS, INC.",10705031230996,41,97.59697689796974
Support,2021-11-28,Returned,7385306,DERMAL PHOTONICS CORPORATION,DO3688006111,56,98.60290787103804
Sourcing,2022-03-23,In process,1512612,KIRO GRIFOLS SL.,8800057242215,58,100.68807752577399
Helpdesk,2020-10-19,Exception,8577727,"DigiMed Co., Ltd.",889095192667,126,103.01121622833344
Maintenance,2021-04-05,Returned,2060403,"Kinreen Technology (Shenzhen) Co., Ltd",10680651477368,125,101.49520809350666
Sourcing,2020-12-21,In process,9280862,"AESCULAP IMPLANT SYSTEMS, LLC",888867027923,57,100.31669931496302
ServiceCall,2021-04-22,In process,8417139,BIOTRICITY INC,819917022230,149,96.89960778429855
Support,2021-02-27,Cancelled,9404996,TAMPON TRIBE INC,E0HM510M8383140071,53,98.50537352066898
IT,2021-05-05,Shippped,8666180,"MEDFIX INTERNATIONAL, LLC",D7091977227,127,101.25696507584922
ServiceCall,2020-02-17,Returned,4715531,STRAIGHT SMILE LLC,863221000361,51,96.76385815455964
Sourcing,2022-04-28,Exception,7782800,"MAXTOWN MEDICAL CORPORATION, LLC",817580026081,94,102.86750151594873
ServiceCall,2021-11-17,Shippped,7311545,WESTERN SYSTEMS RESEARCH INC.,10603295481454,79,98.77036240741963
Sourcing,2022-04-01,Shippped,4102330,Bausch & Lomb GmbH,190376341156,108,102.63320071267052
IT,2021-02-23,Cancelled,3365623,"K.S. CHOI, CORPORATION",842271105929,19,99.68113568393304
IT,2021-10-06,Shippped,4674157,"PHYSIO-CONTROL, INC.",8806373841392,140,99.31723164532207
Maintenance,2020-02-04,Returned,7388920,Lynn Medical Instrument Co.,10889942166367,11,100.59590432774048
Helpdesk,2021-02-27,Exception,1745323,ST. JUDE MEDICAL CARDIOVASCULAR DIVISION,8800044795311,45,100.1543606502674
Helpdesk,2022-03-11,In process,5174079,"Labtician Ophthalmics, Inc",849777006729,77,99.34240980761305
Helpdesk,2021-12-03,Shippped,1637576,"BOUND TREE MEDICAL, LLC",884465027358,140,98.90553993530524
Sourcing,2020-03-27,Shippped,7088550,AMAZROCK PTE. LTD.,10815149024865,47,95.23776093807842
Maintenance,2021-03-05,In process,7117636,Gebr. Brasseler GmbH & Co. KG,8809625983666,117,98.59310988986319
Sourcing,2020-05-29,In process,7496825,"JOOVV, INC.",18257200101702,99,104.96942398060985
ServiceCall,2020-01-22,Exception,5717385,"Surgalign Spine Technologies, Inc.",643169072640,89,100.44639192626714
Sourcing,2021-07-26,Exception,9627891,"GOJJI, INC.",841132174937,134,101.80438711745329
ServiceCall,2020-11-13,In process,8963969,Octax Microscience GmbH,613994949707,113,102.48164405352288
Support,2021-10-23,Cancelled,9004036,"MEDIMAGE, INC.",10195594563219,42,98.32038930943223
Sourcing,2020-09-01,Shippped,259818,"Citra Labs, LLC",888912120302,39,96.67442388132801
IT,2020-10-20,In process,382064,Medviso AB,10889981207533,56,101.68753259496533
Maintenance,2020-09-08,Cancelled,8621148,EDENTA ETABLISSEMENT,E310850016MHP1,6,102.22456785099861
Sourcing,2021-07-15,Exception,336859,AMBLER SURGICAL CORP.,803622112621,29,102.06439268313899
Maintenance,2020-09-11,Exception,8778021,Diasource Immunoassays S.A. SA,190660009786,59,98.12513484762064
Services,2021-09-03,Returned,7988918,B. BRAUN MEDICAL INC.,889024561373,11,102.99354737820804
Sourcing,2021-09-12,Cancelled,4627505,QUANTA DIALYSIS TECHNOLOGIES LIMITED,845384003922,149,100.62889024497133
Support,2021-08-12,Shippped,1448563,"Shenzhen Finicare Co., Ltd",10757770501363,53,95.6548658106578
Helpdesk,2021-08-19,Returned,33519,"ENDOGASTRIC SOLUTIONS, INC.",8806390888585,27,101.22433850588747
Helpdesk,2020-01-30,Returned,1895370,"BURKHART DENTAL SUPPLY CO., THE",10351688706577,85,101.67414863634195
Maintenance,2022-04-06,Shippped,7114351,NATURE MAJOR INC,190837024802,99,97.39657434371625
Services,2020-12-08,Shippped,2115902,Biocartis NV,16970514320011,89,99.71568978012884
ServiceCall,2021-03-20,Cancelled,7279861,"BIOLASE, INC.",7630030837395,128,100.38910001263969
IT,2021-04-15,In process,221137,"SIGMAGRAFT, INC.",190746052873,123,95.2155843270227
Sourcing,2020-11-17,Returned,1167321,Maddox Defense Inc.,8800056246399,120,97.65314174938129
IT,2021-04-21,Returned,8883801,FERRING PHARMACEUTICALS INC.,8806195923023,134,99.65410620197699
Support,2021-07-15,Returned,9931828,Mercodia AB,887868310065,33,98.92102698999874
Services,2020-07-04,Cancelled,2729745,"JPI HEALTHCARE. CO., LTD.",4046445782770,107,99.77620153332492
Services,2020-03-29,Exception,5120939,KNOX MEDICAL DIAGNOSTICS INC.,887517597199,64,99.20866201275524
ServiceCall,2020-11-10,Shippped,5536475,"DSM BIOMEDICAL, INC.",849044088267,132,97.92645134929725
ServiceCall,2020-12-29,Cancelled,3805464,"Airstrip Technologies, Inc.",4057532419134,9,96.60991107130685
Maintenance,2020-09-20,In process,9341220,"PRO MEDICAL SUPPLIES, INC.",846468096168,143,99.70777419532533
Sourcing,2020-12-10,In process,7334691,RESIDEO LIFE CARE SOLUTIONS LLC,190776197377,88,98.58970780586074
IT,2020-12-08,Exception,685509,"CHISON Medical Technologies Co., Ltd.",10885425358434,88,102.76465031010869
ServiceCall,2020-05-04,In process,9840001,"OAKWELL DISTRIBUTION, INC.",630414596549,41,99.75367336682855
Sourcing,2022-03-31,In process,2338911,"Mahana Therapeutics, Inc.",10193489631371,15,98.67124725557703
Maintenance,2021-09-20,Returned,6458354,BIOS SRL,10195594084325,94,103.19408884057488
Helpdesk,2021-01-31,In process,2700359,Digiray Corp.,880304908895,146,100.5242437247565
Helpdesk,2021-08-24,In process,1004124,BELLCO SRL,B562501860204BLWBNS0,58,100.09898459013458
Services,2022-04-02,Shippped,1285313,Terumo Cardiovascular Systems Corporation,842166150324,120,103.93772914974294
ServiceCall,2020-07-03,Exception,2752407,"Shanghai Wallaby Medical Technologies Co., Inc.",10889942083312,45,102.17031453536663
Support,2021-10-09,In process,486492,"PHOENIX DIAGNOSTICS, INC.",4046964007026,54,99.38915762591033
Support,2020-11-22,Exception,3185432,NATURAL BREAST K.K.,842166185654,29,101.29994534229606
Helpdesk,2020-10-02,In process,302093,Cardiac Science Corporation,10193489704273,138,101.05019932093312
IT,2020-10-06,Exception,6883239,CUSTOMED INC,811870030727,126,102.90175216174644
ServiceCall,2021-06-10,Exception,6939195,BIOINFINITY (M) SDN. BHD.,10888439148824,41,104.34202209042382
Services,2021-06-03,In process,8407460,"MC10, INC.",190730000354,41,98.213107426966
Sourcing,2022-03-08,Exception,9034159,VECTRACOR INC,763000273668,73,98.82626183543178
ServiceCall,2020-02-26,Shippped,1877625,"Union Medical Shenzhen Co.,LTD.",801741024092,132,101.67314773548149
IT,2020-02-21,In process,8217895,Haag-Streit AG,827002044944,42,97.10046843057425
Support,2021-12-17,Exception,9158074,Rudolf Riester GmbH,811767021845,102,101.56979856385402
Sourcing,2022-03-18,Exception,4219947,CLEAR IMAGE DEVICES LLC,840996173926,37,100.11866018896333
Sourcing,2021-06-06,Cancelled,8468682,"NEXUS OPTICAL, INC.",848657038270,55,100.59294290007004
IT,2021-02-12,Shippped,1298030,"Wujiang City ShenLing Medical Device Co.,Ltd",844588016875,28,97.69725257879095
Sourcing,2020-09-19,Cancelled,1030950,RENISHAW MAYFIELD,6970402661540,74,97.39092514432852
Sourcing,2021-08-05,Returned,5315098,"NIDEK MEDICAL PRODUCTS, INC.",10888439146844,33,96.58380784880869
Support,2021-02-09,Cancelled,7316470,MEDTRADE PRODUCTS LIMITED,8809301166031,115,98.8913428237245
Services,2020-01-24,In process,8361653,"Beijing M&B Electronic Instruments Co., Ltd.",4059082032290,79,99.42620969122345
Helpdesk,2021-03-02,Cancelled,2152837,"ANUNCIA, INC.",10193489505320,89,96.06871624573364
Helpdesk,2021-03-31,Cancelled,1377965,Acrostak (Schweiz) AG,8051511800179,15,101.60977741577085
Sourcing,2021-04-03,Returned,5828596,"NIDEK MEDICAL PRODUCTS, INC.",817524021288,134,101.42000187944316
Sourcing,2020-11-18,Shippped,2652980,"ANHUI ZHONG LIAN LATEX GLOVES MANUFATURING CO.,LTD.",816835020348,46,99.68666491756397
Sourcing,2021-04-23,Returned,9707231,MANO & MANO PTY. LTD.,10889942010035,90,101.33271430095347
ServiceCall,2020-11-15,In process,9321146,Allied Medical Products,40889971354446,111,97.60131148147872
IT,2021-04-22,Exception,4765269,"BOEHRINGER LABORATORIES, LLC",8806162105063,61,99.20647470684445
ServiceCall,2021-04-26,In process,7470223,"RF Medical Co.,Ltd.",B765PRD7130100,56,100.62800893690356
Sourcing,2021-07-01,In process,1610688,BAXALTA US INC.,10889950041113,16,101.92212905286513
Support,2021-11-13,Returned,9079406,DAO HEALTH,5050474709416,63,99.63119435564967
Sourcing,2022-02-10,Returned,7145308,"Izi Medical Products, LLC",840828166300,123,100.7134612589714
Sourcing,2022-02-07,In process,1639156,"GEO Medical Co., Ltd.",M7161121522650,74,101.59210377380818
Sourcing,2021-06-17,Cancelled,8414344,Safetyfix Medical Technologies,10888277816763,117,98.71490837998353
Helpdesk,2021-03-16,Returned,5223361,"JPI HEALTHCARE. CO., LTD.",10888277081475,36,99.09679996735623
Maintenance,2021-06-05,Exception,8985185,Engage UNI LLC,10195594969028,121,100.47318772960239
Services,2021-07-18,Shippped,6576335,Imaging Dynamics Company Ltd,841132147658,23,100.2861712372735
Sourcing,2020-09-02,In process,4972814,"Guangzhou Decheng Biotechnology Co., LTD",190837010447,9,98.99424627424162
Maintenance,2020-11-08,In process,2967290,Ramsoft Inc,7895742167462,15,99.96919894316903
Sourcing,2021-05-18,In process,1415859,"STORK IB2C, INC., THE",628341520645,19,100.1242254074885
Support,2022-01-18,In process,7394062,Thermogenesis Corp.,4026704591169,84,100.13640576443706
Sourcing,2021-10-04,In process,4426061,DREAMED DIABETES LTD,4035873064794,127,101.2800595297205
ServiceCall,2021-05-20,Cancelled,1564581,"Jiangsu NewValue Medical Products Co.,Ltd.",7613327001648,132,101.14243995587856
Sourcing,2021-03-26,In process,6875610,CONSUMER VALUE PRODUCTS INC,7613275537701,108,99.0991653965681
Support,2020-11-06,Returned,124392,"Mcube Technology Co., Ltd.",817524023084,27,101.91306541745558
Services,2022-04-29,Returned,9216056,"Quality Tech Services, Inc.",190376371146,55,99.86128808245849
ServiceCall,2020-05-06,Returned,2919163,URO CONCEPTS INC,10884521542020,79,100.87034460687514
Sourcing,2020-11-27,Cancelled,6784684,DATA INNOVATIONS LLC,840067102664,140,102.84526904994883
ServiceCall,2020-10-21,In process,9946094,Oscor Inc.,10351688752390,128,100.15185926489177
IT,2022-01-16,Exception,277278,Hand Biomechanics Lab Inc,733132615858,36,101.42429084428281
ServiceCall,2021-12-12,Cancelled,7434324,Innokas Yhtymä Oy,840663104468,82,98.63076610453953
Support,2021-09-29,Shippped,1552276,STRATEGIC SOURCING SERVICES LLC,841176102330,9,102.48717433928773
Maintenance,2020-03-23,Exception,8572884,STRYKER MEDTECH K.K.,10705034488653,91,97.66253481439846
Sourcing,2022-02-16,Shippped,9233067,Intermetro Industries Corporation,841668116807,67,98.49582583719199
Support,2021-09-07,Shippped,5383555,Oertli-Instrumente AG,749756815765,145,104.81543260253841
Support,2022-02-27,Exception,6141702,"Guangdong Transtek Medical Electronics Co.,Ltd",810042680456,125,97.47605794925474
Sourcing,2022-03-23,Shippped,9265799,"T2 BIOSYSTEMS, INC.",8809665581563,9,99.8098555532354
IT,2020-01-10,Returned,7804841,Sequel Medical Inc.,10888857325708,61,103.22510420183694
Sourcing,2021-07-26,Exception,622478,"DR.JAPAN CO., LTD.",8800015999526,16,97.87901161890464
Sourcing,2022-04-19,In process,952096,"ATHENA GTX, INC.",D00116116UP0112G0,112,101.21338465199908
Sourcing,2021-02-26,Returned,860234,ENVIRONMENTAL TECTONICS CORPORATION,763000504755,44,98.23312660072708
ServiceCall,2020-07-04,Exception,7327375,"JMU DENTAL, INC",10884389830413,135,101.06862792293316
Helpdesk,2020-07-23,Exception,3068063,"Internacional Farmacéutica, S.A. de C.V.",D00116626U10075E0,40,99.4087809454449
IT,2021-05-18,Returned,5177828,Freudenberg Performance Materials L.P.,10381780383758,80,103.6373104162791
Services,2022-01-11,Exception,5478958,STERIS,D00110100UD02142QP0,57,98.91980668781389
Helpdesk,2020-12-07,Cancelled,2707701,"Ningbo Albert Novosino Co.,Ltd.",8806373829482,22,97.02538923347888
Sourcing,2020-04-12,In process,3029133,"VIOPTIX, INC.",4580786582540,132,103.6833696401299
IT,2021-12-29,In process,1456371,"MICROMEDICS, INC.",380652336406,81,99.0689080904124
Services,2021-04-04,Cancelled,9858912,S & S Scheftner GmbH,10889942349319,24,100.64968518120494
Maintenance,2021-11-09,Returned,7429587,DRG Instruments Gesellschaft mit beschränkter Haftung,4056839028414,46,98.95361887121891
Sourcing,2022-02-20,Shippped,9224208,ARP MANUFACTURING  LLC,EBRETOWL2A100,2,97.12009330310943
Maintenance,2021-05-29,In process,4481483,NEW DEANTRONICS TAIWAN LTD.,10889942951666,129,98.139402573071
Helpdesk,2022-01-04,Returned,5321233,Rapid Aid Corp,884465611656,28,98.19757678647669
Sourcing,2022-01-11,Returned,8267416,SORIN GROUP ITALIA SRL,5050474761698,126,102.99532904063088
Maintenance,2020-09-19,Returned,2549112,"AXIOSONIC, LLC",840937102367,130,102.3903972379597
Helpdesk,2020-05-09,In process,2474567,"DDC TECHNOLOGIES, INC.",846159031683,13,98.90718574432148
Support,2022-03-27,Cancelled,2761430,"Caliper Life Sciences, Inc.",85412639444,75,100.29216885784089
ServiceCall,2021-12-18,Shippped,8048234,"Andover Healthcare, Inc.",190376253275,25,97.89914734598882
IT,2022-01-04,In process,9284468,"Hinacom Software and Technology, Ltd.",B07603340,60,98.08160449938242
Sourcing,2022-01-22,Returned,5937680,Wieland Dental + Technik GmbH & Co. KG,D757A1214P0,46,99.94015358218115
Helpdesk,2022-03-26,Cancelled,7273052,"Guangdong KINGFA SCI.&TECH. Co., Ltd.",4061644022908,118,99.06239944810795
IT,2021-06-18,Cancelled,3082463,"TOGO MEDIKIT CO.,LTD.",7613327330625,53,101.16913480217545
Services,2020-02-05,Cancelled,2518490,SOFTNETA UAB,10886982182302,127,101.13277287878992
ServiceCall,2022-03-09,Exception,5783459,WAVI CO.,10381780361695,73,101.9276275683143
Services,2020-01-03,Returned,7737852,QUANTA SYSTEM SPA,10887488551135,15,97.43195220964266
Sourcing,2021-08-01,Exception,9816284,"FOOTPRINT MEDICAL, INC.",7640159551867,107,96.25853242966178
Helpdesk,2020-04-26,Exception,8748024,"CHANNEL MEDSYSTEMS, INC.",6009544014386,94,101.90718536538202
Helpdesk,2020-11-25,In process,3545888,"IVANTIS, INC.",8033959220252,47,100.55947606531791
ServiceCall,2020-09-06,In process,1920859,Great Lakes Neurotechnologies Inc.,EGEB292041,144,103.10068903162797
Sourcing,2022-04-26,Exception,5129471,"3D SYSTEMS, INC.",8806383500692,98,98.26937910765875
ServiceCall,2020-02-13,Cancelled,4418308,GIINII TECH CORPORATION,841019117682,97,96.69858421559462
ServiceCall,2021-03-20,Returned,3568525,C D N,92265548731,70,101.01164515216301
Maintenance,2021-12-27,Shippped,7417301,"ACCELERATE DIAGNOSTICS, INC.",4046445995040,123,98.12320238335964
Sourcing,2021-11-10,Returned,4294300,"BOSS INSTRUMENTS, LTD., INC.",15019517252897,85,95.77519797909909
Helpdesk,2020-02-23,Returned,5074712,"NXSTAGE MEDICAL, INC.",8800041003921,82,102.09563435976995
Sourcing,2021-01-14,Cancelled,2971690,IMPULSE FASHION VIETNAM GARMENT EXPORTING LIMITED COMPANY,3613720187516,10,98.12131703776005
ServiceCall,2020-09-23,In process,8340077,"Open Implants, LLC",EDMC35653030960,80,98.93324998411245
IT,2021-08-25,Shippped,5518434,"CAPILLUS, LLC",846832085859,23,100.3355585039364
ServiceCall,2020-05-08,Exception,3039323,"SNYDER INDUSTRIES, INC.",8806383543200,4,101.24355634442792
Maintenance,2020-02-02,Returned,8131913,LITECURE LLC,10888439238754,145,103.18618265842407
ServiceCall,2021-05-16,In process,524299,DNA Genotek Inc,6944932740259,69,99.52636909432843
Sourcing,2020-05-15,In process,1025001,mo-Vis,842166185289,141,100.26231356955148
ServiceCall,2020-05-06,Returned,9101678,"PATHWAY, LLC",8800039876056,98,98.78593471574266
Sourcing,2021-12-21,Exception,3205969,Olea Medical USA,3662663012393,79,102.9838442642256
Sourcing,2020-08-07,Exception,3529938,Jarden Consumer Solutions,10193489397161,97,97.17676920198653
Maintenance,2021-07-04,Cancelled,5362968,POWER METAL ITALIA SRL,10888439694925,24,97.99612093899842
Support,2020-10-08,Shippped,350171,SCHÖLLY FIBEROPTIC GmbH,10888439419733,13,101.57086690004739
Maintenance,2020-08-01,Shippped,8621581,"HEALTHMYNE, INC.",4049519001173,65,100.76644114219361
Services,2020-06-10,Shippped,3447492,"Forge Medical, Inc.",EFORP740G16130051,43,99.85840761280845
Sourcing,2020-05-22,Cancelled,6169374,"TDM Co., Ltd.",10649111116261,124,100.3871782198671
Sourcing,2021-04-23,In process,5215189,"DENTIS CO., LTD.",10884389607633,66,101.69541659117874
Maintenance,2021-02-13,Returned,2015671,Yeti Dentalprodukte GmbH,14026704555236,18,98.13219366933612
Sourcing,2021-11-01,In process,6873557,"VITAL ART AND SCIENCE, LLC",842166188235,90,100.04892025140191
IT,2021-06-10,Exception,8750870,"AMSINO INTERNATIONAL, INC.",842326136113,142,104.10315259700616
Services,2022-04-07,Exception,908071,"KI MOBILITY, LLC",10705034122403,116,101.8063435375673
Support,2020-09-08,Returned,302284,"AGENA BIOSCIENCE, INC.",840192709707,37,101.58092607310695
ServiceCall,2020-04-25,Returned,4932309,WORK INCORPORATED,840286815048,112,100.78522845107001
Support,2022-04-13,Exception,9881807,MT.DERM GmbH,4057532334062,88,100.69737909729791
ServiceCall,2020-05-28,Shippped,277468,Philips Oy,10845854026540,56,98.90461365659498
Services,2022-01-02,Exception,379095,Spirometrics,4046445715433,105,99.10365389027487
Maintenance,2022-03-20,Returned,9221970,Exel International,4046445315534,19,105.87829438263552
Maintenance,2021-01-11,In process,6561494,S. L. P. SCIENTIFIC LABORATORY PRODUCTS LTD,D9437801,76,98.08013963023383
Support,2021-03-20,Exception,1454870,"INOVA DIAGNOSTICS, INC.",D80772541511,30,97.72139995942068
Services,2021-07-08,Shippped,7682706,"VESTIBULAR TECHNOLOGIES, LLC",4714127867120,26,97.11863980695648
Sourcing,2022-02-25,Returned,191445,QUALIGEN INC.,M684PNV064081,68,103.26966315542674
Support,2020-01-19,Returned,748991,"IMPULSE MEDICAL TECHNOLOGIES, INC.",8719425502502,115,104.02480523272828
Services,2020-12-30,In process,3486643,METENE LIMITED,20705032069592,91,100.11834127108602
Helpdesk,2021-06-17,In process,7660520,"BOUND TREE MEDICAL, LLC",841365114069,80,99.88200642081286
IT,2022-04-02,Cancelled,3334328,"Hubei Medlink Healthcare Co.,Ltd",10888277798168,84,98.50429271897622
Services,2020-09-13,Exception,3584791,VISION RT LIMITED,192896024854,74,104.53687503687061
Services,2022-03-11,Cancelled,4658940,Nrt - Nordisk Røntgen Teknik A/S,10885632019517,86,100.77662641462562
IT,2020-02-27,Exception,1358447,Corporation Steris Canada,B06210017555,78,99.64575022246662
Services,2020-03-21,Shippped,890488,"BONRAYBIO CO., LTD.",855617006750,106,101.98567496536164
Services,2022-01-02,Exception,5127654,"ASTEC CO.,LTD.",8714729880462,33,100.17442113142276
Maintenance,2021-08-18,Returned,501617,"Oto-Med, Inc.",888480601579,36,95.15684212186852
Support,2020-07-24,Shippped,6837689,"Tangshan Hongyun Healthcare Products Co.,Ltd",10195594094485,143,103.60750856024677
Services,2020-11-18,Returned,9013570,MODERN DENTAL LABORATORY (SHENZHEN),4046963379780,114,97.37964461968141
IT,2020-03-04,Cancelled,9545863,"Zhuhai Pusen Medical Technology Co, Ltd",4250317503213,77,97.41516584116476
Support,2021-02-22,Cancelled,1055659,"BIO-MEDICAL INSTRUMENTS, INC.",190707067380,90,100.00917522676238
ServiceCall,2020-10-18,In process,1147888,"Event Medical, Ltd.",190376136035,85,96.24741245599141
ServiceCall,2020-01-04,Exception,1721615,"Shenzhen Homed Medical Device Co., Ltd.",847236011024,21,96.76729978513957
Helpdesk,2020-03-07,Cancelled,5966048,"BERGEN MEDICAL PRODUCTS, INC.",10381780175162,44,96.67249886411847
Helpdesk,2020-01-12,In process,1059199,A.L.N.,5704819182463,105,99.85613223168671
Sourcing,2020-05-12,Shippped,7753747,Exact Imaging Inc,H787107081020,71,101.1472745000493
IT,2021-03-01,In process,4861143,"JEREMIAH WALDON SALES PROFESSIONAL, INC.",10194717101154,37,103.79110755714302
ServiceCall,2020-04-28,Shippped,1403676,"PASCAL COMPANY, INC.",4260557774335,78,98.34976203655079
Sourcing,2020-09-13,Exception,8069631,BIOMARIN PHARMACEUTICAL INC.,18054242512318,26,104.36925480859814
Sourcing,2020-12-07,Shippped,3555595,Palmero Healthcare LLC,10887488245416,19,98.938349206867
IT,2021-02-27,Cancelled,1698475,"FUKUDA DENSHI CO.,LTD.",842180119475,5,97.86993112210864
Services,2022-03-23,Shippped,4459768,INSIGHTEC LTD,7630345733764,80,103.61446593687435
IT,2021-10-10,Returned,9746668,ANALYTICA LTD,887517183323,108,95.74669517324404
Maintenance,2020-08-08,Exception,4217146,AMEDITECH INC.,192896048812,108,100.33038853413183
Maintenance,2021-09-12,Returned,5911131,"CYBERDYNE, INC.",845694015448,10,103.238234000713
Support,2021-12-16,Exception,1125549,"COSMAN MEDICAL, LLC",M454SV6023P2851,100,98.35676194133603
ServiceCall,2021-01-02,Cancelled,2822069,"PHOENIX DIAGNOSTICS, INC.",685447003700,52,98.90275444510779
IT,2021-09-17,Cancelled,1582664,Immudex ApS,20705031235493,83,97.0672320663767
ServiceCall,2020-09-19,In process,6268549,Miltenyi GmbH,822383289656,73,100.53516024980057
ServiceCall,2021-11-20,In process,7028815,CENOGENICS CORPORATION,10381780384809,75,101.59679234962957
Maintenance,2020-10-03,Cancelled,7586970,LEGGERO LLC,10705031236684,86,100.51652875226961
IT,2021-07-18,In process,5433264,Aktina Corp.,D798OSSL1725PS1,111,98.67057798821658
Services,2022-04-03,Cancelled,1406904,"Voxa Pod, Inc.",4048551278673,149,100.29224458239904
Sourcing,2020-10-22,Cancelled,2388001,GURIN PRODUCTS LLC,846159025408,18,99.72129311855953
Services,2021-07-12,Cancelled,6111107,"BIOHORIZONS IMPLANT SYSTEMS, INC",E1995785991,114,97.68231839850543
Support,2020-01-22,Cancelled,7537818,BODY CLOCK HEALTH CARE LIMITED,M824SCUR65570CF1,25,100.23649561532423
IT,2021-03-28,Cancelled,1322604,Limbus Ai Inc.,840105203490,16,103.35170058773896
IT,2022-01-19,Shippped,7498130,CARESTREAM DENTAL LLC,844868028963,6,100.44857519932154
IT,2021-06-19,Returned,6208869,"All Medicus Co.,Ltd.",10705034562889,33,99.10019058311167
IT,2021-01-09,Exception,8004718,Ethicon Sàrl,10887488652795,86,100.51894402163313
Sourcing,2020-10-08,Returned,2040265,General Sleep,887868081651,10,99.00802150426632
Helpdesk,2020-11-24,Shippped,8872937,"MEDSTRAT, INC.",721734557126,20,99.88680360054256
Services,2021-10-20,Cancelled,328313,SATELEC,H965600800730,135,99.51056370066517
IT,2020-05-18,Returned,9074446,"INOGEN, INC.",4026575248964,24,100.86783460083147
Sourcing,2021-08-18,Cancelled,3369638,LASCOD SPA,15019517093216,52,101.7072672819462
Sourcing,2021-02-13,In process,9423290,"Wuxi Hisky Medical Technologies Co.,Ltd.",10885403204012,86,98.65439249831944
IT,2021-08-12,Returned,4705066,Solutions,887868043352,33,96.58901483051208
Services,2021-12-16,Exception,5452999,Johnson & Johnson International Inc.,10193489610314,97,103.35423717105668
Maintenance,2021-11-07,Shippped,7874818,"UNISTRIP TECHNOLOGIES, LLC",DIVO5317401,144,97.51735127932875
ServiceCall,2021-09-14,Exception,5292329,ONE POWER,10757770518484,8,98.80909121678809
Support,2021-04-15,Shippped,3712445,"UNOMEDICAL, INC.",B887TLS110315170,95,103.10001828734666
IT,2022-03-14,Shippped,1471823,"CURBELL MEDICAL PRODUCTS, INC.",763000061784,113,100.17956113633593
Sourcing,2020-03-27,Shippped,8936392,HARBOR SAFETY PRODUCTS INC,842180115354,115,102.96577301019613
Helpdesk,2020-06-08,Shippped,8355075,WALDEMAR LINK GmbH & Co. KG,4038653900268,17,97.20455328482137
Services,2020-08-19,Returned,294482,Denplus Inc,889095111224,132,98.9052526550984
Sourcing,2020-11-29,Exception,5189649,United Therapeutics Corporation,E23596280,85,99.40026220143316
Sourcing,2021-03-17,In process,1729219,"Co-Innovation Biotech Co., Ltd",7630971256712,113,97.76912368418252
Sourcing,2021-06-20,Cancelled,9799006,LEICA BIOSYSTEMS MELBOURNE PTY LTD,3663136000831,45,98.85945075452709
Helpdesk,2020-02-11,In process,592486,"NALU MEDICAL, INC.",4250302230728,10,99.6387533022213
Support,2020-12-21,Shippped,9576171,"RESPIRATORY TECHNOLOGIES, INC.",840018608986,61,101.87404235723392
Maintenance,2022-03-31,Cancelled,3202986,"ALLSOURCE SCREENING SOLUTIONS, LLC",191083022062,51,97.1098043140135
Sourcing,2021-10-09,Returned,2653062,TAIYO CORPORATION,4719872227816,133,100.82250220836235
Services,2020-12-04,Shippped,456394,Revo Medical Products Inc,5000223449643,39,98.44530973686282
IT,2021-09-20,Cancelled,5699103,AIDOC MEDICAL LTD,848657033398,67,97.07660447402665
Support,2022-02-21,Exception,1538049,"Osun Medical Co., Ltd.",749756907996,95,100.53628608910483
Helpdesk,2021-12-12,Shippped,2411287,SONG HONG GARMENT JOINT STOCK CO.,10884521006287,149,101.59767599408013
Sourcing,2020-09-03,Exception,6686250,MEDI CARE SYSTEM SLU,10886982175915,98,98.3052782434761
IT,2020-04-16,In process,8616529,Hans Biomed Corp.,715317183802,136,101.6082590965883
Sourcing,2021-01-18,Cancelled,4225706,VEDALAB,7898624868440,124,99.17301813635076
IT,2022-03-25,Shippped,4814547,ACESSA HEALTH INC.,848665004113,11,99.80528249488806
IT,2020-01-16,Cancelled,3402660,"BIOFIRE DEFENSE, LLC",10195327051716,8,97.14208724368626
Helpdesk,2020-09-29,Exception,2927237,2Z Medical,3596010206541,99,101.04505245524045
Sourcing,2020-09-03,Returned,158485,"R.G. ENTERPRISES (U.S.A.), INC.",10888439045130,138,104.73833593401298
Services,2022-04-19,Cancelled,178481,"ROXWOOD MEDICAL, INC.",847946006631,53,100.45871308542489
Sourcing,2021-03-15,Exception,1592425,PACKROOM LLC,193484005712,7,98.9582469205486
Services,2022-02-01,In process,2754761,"ARLINGTON SCIENTIFIC, INC.",190746012006,90,98.83064863122465
Sourcing,2020-10-22,Exception,8828228,"TPC ADVANCE TECHNOLOGY, INC.",7613336179505,88,99.87008711794053
Maintenance,2021-02-23,In process,6804459,"CALA HEALTH, INC.",10885632349492,23,100.0858238447945
Sourcing,2021-11-05,Shippped,107248,"ZHEJIANG GONGDONG MEDICAL TECHNOLOGY CO., LTD.",193033140901,41,105.39779448849477
IT,2020-10-22,Returned,5828379,NEURAVI LIMITED,656489143846,66,99.30393486932914
Sourcing,2022-02-09,Cancelled,9656510,KBL GmbH,813125015756,49,100.18655009969238
Services,2020-09-05,In process,3271128,ETD Electro-Therapeutic Devices Inc,653160204056,60,100.08587365227518
Services,2021-08-26,Returned,3985908,Biolytical Laboratories Inc,814913021072,130,98.24941445503688
Support,2021-11-14,Exception,4711425,"MERZ NORTH AMERICA, INC.",653160194999,89,104.93468911623023
IT,2022-02-28,Exception,9983890,"APLICARE, INC.",650551037736,88,97.28496209330147
IT,2020-10-03,In process,1535340,pfm medical titanium gmbh,10195594476175,42,98.9052350862538
Maintenance,2020-05-07,Returned,9486282,"Pulse Biosciences, Inc.",887517535948,39,102.56888658158849
Support,2020-11-02,Returned,8029484,tyromotion GmbH,10884521717732,104,98.84228624202804
IT,2020-10-12,In process,8693298,"COMMONWEALTH DIAGNOSTICS INTERNATIONAL, INC.",613994331182,16,100.10741801845094
Helpdesk,2020-10-13,Returned,5508282,WESTRIDGE LABORATORIES INCORPORATED,10888439142075,23,100.49623318877809
Sourcing,2021-04-27,Exception,9370372,"ACUITY SURGICAL DEVICES, LLC",190730086891,2,99.94957351312772
Maintenance,2020-06-04,Returned,3277300,DIREX SYSTEMS CORP.,10195327072032,2,103.34691959744292
Sourcing,2020-08-11,Shippped,1174935,TORNIER,748426089406,61,98.66676439880048
Sourcing,2020-12-14,In process,8639663,INTEGRA NEUROSCIENCES IMPLANT (FRANCE),10888439565607,65,102.9445661919172
Helpdesk,2022-03-20,Shippped,3138297,Immunodiagnostic Systems SA,763000223182,142,100.03153302565151
Helpdesk,2020-10-06,Returned,555567,BSN medical GmbH,6941382211025,35,102.33813770692461
IT,2021-03-23,Cancelled,526461,Levo Medical Corporation,5037881014449,79,100.85739000162394
Sourcing,2022-04-11,In process,7400577,SYRIS SCIENTIFIC LLC,ESAM1026001,11,100.67711285946773
Support,2021-03-24,Exception,7609879,"BIOCHECK, INC.",M695M1302260,139,97.40985513120708
IT,2021-10-22,In process,8609560,"VASCULAR TECHNOLOGY, INCORPORATED",10888277771598,130,101.31143861029602
IT,2021-09-12,Exception,7425091,"IMAGE DIAGNOSTICS, INC.",191375019640,66,99.1282505206324
Helpdesk,2022-01-21,Shippped,2543194,"UROCARE PRODUCTS, INC.",10193489870558,30,100.19311423923405
Services,2022-02-22,Exception,1056291,"DigiMed Co., Ltd.",J011724019510,78,100.4416080024134
Maintenance,2020-07-13,Shippped,9659658,Bio-Rad Medical Diagnostics GmbH,DIVO6467851,93,99.10186014071388
Helpdesk,2020-07-09,Cancelled,5770583,"PENUMBRA, INC.",15019315106958,131,100.7110124238467
Maintenance,2021-07-29,In process,3114186,ECLIPSE,8800044750013,43,99.53136454265017
ServiceCall,2020-11-01,In process,7589840,Zendo Direct AG,10886982125057,12,103.57320047663276
Support,2021-06-03,Shippped,4210131,Straub Medical AG,827002058101,53,99.81320000488356
Services,2021-01-04,Shippped,6425980,"XERIDIEM MEDICAL DEVICES, INC.",860664000309,127,102.6675192792574
IT,2020-05-11,Cancelled,8138363,Avery Dennison Belgie BVBA,10888439308761,26,100.50290763148519
Sourcing,2021-06-08,Cancelled,7434177,PRISMAN INC.,856879006410,99,100.64303606533596
Maintenance,2020-05-17,Cancelled,8913778,H & A Mui Enterprises Inc,854212006318,54,99.56730953006006
Support,2020-01-08,Shippped,8734315,"ARTHREX, INC.",4046964229176,54,99.77284267579151
Maintenance,2020-04-11,Cancelled,5883991,"MEGADYNE MEDICAL PRODUCTS, INC.",888867276956,65,102.27150649049791
Services,2021-12-25,Returned,3148821,GME German Medical Engineering GmbH,10889942516452,88,96.91425725580598
Maintenance,2020-11-18,Returned,5689853,GENERATION GUARD PTY LTD,848657032827,23,99.02459236169562
ServiceCall,2022-01-26,Shippped,6398317,Servona GmbH,4026704608492,41,98.10740072277189
Services,2021-12-16,Exception,3127141,"HILL-ROM, INC.",4042761078450,144,99.47018401339905
Helpdesk,2021-08-29,In process,6796056,LUNAMAX LLC,822409072101,133,100.11508173170316
Support,2020-04-30,Cancelled,1721001,Stanmore Implants Worldwide Ltd,889024266032,36,99.00222957796235
Support,2020-06-02,Returned,2908351,"Retina-Ai Health, Inc.",10840199522245,89,98.17436529045156
IT,2021-02-19,Exception,781716,"Apollo Endosurgery, Inc.",10887488757759,130,101.70203207497048
Sourcing,2020-09-24,In process,9037260,"PHOENIX DENTAL, INC.",5714464042449,85,98.5058150539127
Support,2021-09-09,Cancelled,7026270,"TRANSMEDICS, INC.",304040151495,64,100.84155470342479
Sourcing,2021-08-06,In process,8072538,"Paragon Vision Sciences, Inc.",4038653004881,119,99.37117424520808
Helpdesk,2021-12-03,Returned,7331806,"DIAGNOSTIC HYBRIDS, INC.",10193489389883,53,96.72603598463128
Sourcing,2020-12-08,Cancelled,4322308,"WRIGHT THERAPY PRODUCTS, INC.",4056869002644,142,100.21985343096759
IT,2021-04-04,Shippped,2852050,HiCat GmbH,636257143513,63,102.06220370750576
IT,2020-08-04,Cancelled,6258897,A CUTE BABY INC,4048266130952,20,101.18410517900897
IT,2021-08-23,Shippped,4333636,Dignitana AB,10888439906714,10,101.72365427621163
IT,2020-11-09,Returned,3122919,"VETERANS AFFAIRS, UNITED STATES DEPARTMENT OF",10193489589641,130,98.73689395228818
Sourcing,2020-08-27,Returned,1415132,"INNOVATIVE MEDICAL EQUIPMENT, LLC",EFOR88300110051,14,103.22327183395718
Support,2020-03-28,Exception,7949968,"SARSTEDT, INC.",10705034491899,84,96.63653954303679
IT,2020-09-07,Returned,3674358,"Shenzhen Viatom Technology Co., Ltd.",8719616001524,123,99.01414720306146
Helpdesk,2021-11-04,Exception,3191793,"MEDICAL POSITIONING, INC.",B868CFKT000461,24,101.22706428430712
Helpdesk,2022-03-08,Returned,6498817,Dentlight Inc.,J017EN1EM31227650,4,100.95822026917945
Sourcing,2022-04-18,Exception,8751706,ST. JUDE MEDICAL CARDIOVASCULAR DIVISION,7630971254350,42,100.96514095709338
IT,2020-11-05,Shippped,8416597,"Wuxi Hisky Medical Technologies Co.,Ltd.",10195594386429,28,96.56494287184456
Services,2021-12-02,Cancelled,2438863,Phase One Medical LLC,8806344304154,72,101.208456158384
Services,2021-04-14,Shippped,8243790,"BLUEJAY DIAGNOSTICS, INC.",842166179769,27,99.65206254747912
IT,2020-06-06,In process,5695420,"DKT de México, S.A. de C.V.",J0228702131,65,97.63433389474599
Sourcing,2022-04-12,Shippped,3348237,THERMOPLASTIC COMFORT SYS,887517909343,92,95.99140270296947
Sourcing,2020-01-30,In process,2396968,JOHN'S DENTAL LABORATORY INC,888912132893,91,101.05589830144334
Sourcing,2020-01-19,Returned,2200963,"Acuitive Technologies, Inc.",10887488707341,130,103.08791152582056
Services,2021-09-01,Exception,389977,"HYUNDAI BIOLAND Co., Ltd.",841668104071,37,96.8003061999705
Support,2020-12-08,Cancelled,5345695,"Guangzhou Double One Latex Products Co., Ltd",D7091993113,71,101.38018155488686
