UNIT,VCHR_DATE,STATUS,VENDOR_INVOICE_NUM,VENDOR,GUDID,QTY,UNIT_PRICE
Helpdesk,2021-08-17,Open,769145,"GERMAINE LABORATORIES, INC",814033020559,31,102.39380087654365
Maintenance,2020-03-18,Cancelled,6922830,"OSADA ELECTRIC CO.,LTD.",814978020546,50,101.56905458160678
Support,2022-02-24,Cancelled,2343017,"Hangzhou AGS MedTech Co., Ltd.",8056640016767,146,99.79562186326928
Services,2021-08-02,Closed,1790351,"BIOLASE, INC.",877466000451,84,101.25067277735072
IT,2021-01-28,Exception,8866228,DETAX GmbH & Co. KG,4019702332513,140,97.92956537307754
Helpdesk,2021-10-29,Exception,5473297,"Cardinal Health, Inc.",10888857106437,66,99.8448780511491
ServiceCall,2020-05-23,Open,9098306,DEMETECH CORPORATION,10381780264651,117,100.35539036444315
Services,2021-05-07,Exception,9118372,"Alterg, Inc.",3596010561473,8,102.85269879619072
Services,2020-06-03,Exception,6443088,ORTHO SPECIALTIES,10886705030330,16,99.83998951354603
Support,2020-04-16,Paid,7449509,"Meda Co., Ltd",10810190016272,66,98.0793139431493
Support,2021-08-09,Closed,5621828,ONSET MEDICAL CORPORATION,10195594266400,16,102.07821883629826
IT,2020-12-18,Closed,2300883,"SURGICAL APPLIANCE INDUSTRIES, INC.",4026575278336,136,96.85049645288844
IT,2021-02-12,Closed,4420077,"Holding Technologies, LLC",3613720179467,28,99.00324322686029
Services,2021-08-08,Open,8988639,"HONEY POT COMPANY, LLC, THE",D78820221000201,36,100.43244373296476
Services,2020-04-02,Paid,3104609,"EXACT MEDICAL MANUFACTURING, INC.",613994325242,120,101.62280297377193
ServiceCall,2020-09-01,Exception,8360637,WESTRIDGE LABORATORIES INCORPORATED,749756864947,73,98.05132656927924
IT,2021-08-17,Paid,9192745,REALHER PRODUCTS INC.,889795019547,23,99.00224986022575
Sourcing,2021-01-05,Exception,2688276,SCHOLL'S WELLNESS COMPANY LLC,J011885302180,59,99.55545626516516
Sourcing,2020-05-18,Paid,3274737,"M2S, INC.",6091403535644,111,100.45056232194217
Maintenance,2022-02-27,Exception,4373978,CAPSULE TECHNOLOGIE,10885403088926,92,97.11620155931226
Support,2020-08-25,Paid,928576,"MIKROSCAN TECHNOLOGIES, INC.",M68985305040,62,100.9211050622901
Helpdesk,2021-11-16,Closed,2433929,"Amco International Manufacturing & Design, Inc.",816744028305,70,99.36613402085625
ServiceCall,2020-04-29,Paid,7178698,"SUZUKEN CO., LTD.",10888439156485,74,100.15130503016299
ServiceCall,2022-04-04,Exception,7989656,"ASAHI INTECC CO., LTD.",3600040203743,145,99.62286780038244
Support,2021-11-09,Paid,572215,"CHAIN DRUG MARKETING ASSOCIATION, INC.",10884527016112,26,97.13949703207693
Helpdesk,2022-01-26,Paid,3398600,"Intersect Ent, Inc.",10889942692224,123,98.08264176700779
IT,2020-05-23,Exception,1828568,CRAWFORD HEALTHCARE LIMITED,749756913355,43,98.69528570065316
Sourcing,2020-02-06,Exception,1930516,BAYER HEALTHCARE LLC,191072004772,55,98.87304464396792
IT,2020-11-08,Closed,9966024,"COEUR, INC.",190776081867,117,101.82629045967917
Maintenance,2021-11-22,Closed,673539,"Shalby Advanced Technologies, Inc.",D79010240051,61,101.8290043803171
Sourcing,2020-02-03,Paid,2541717,PHC CORPORATION,10886982120816,71,101.40100462673276
Maintenance,2020-01-24,Exception,1713974,"Innovative Medical Products, Inc",10888857334724,103,101.4372401083048
ServiceCall,2020-07-21,Cancelled,6782378,ENERGIST LIMITED,855682007072,89,97.13627629325619
Sourcing,2021-02-11,Exception,52357,"CIT Ortho, LLC",18257200031351,75,99.08976413256809
Helpdesk,2021-12-12,Cancelled,4774613,SKELETAL KINETICS LLC,8806189855897,21,102.54867963874781
IT,2021-06-21,Paid,6179009,Les Systèmes Médicaux Intelerad Incorporée,885556637548,87,101.31736713933311
Services,2020-07-27,Cancelled,9199768,"GOJJI, INC.",4057532403768,89,100.66359848035566
Sourcing,2021-08-13,Paid,9106907,"MEDICAPTURE, INC.",B167900001330,144,99.06550244909353
IT,2022-03-25,Cancelled,3603450,AALTO SCIENTIFIC,10809160278840,95,100.21239013645526
Sourcing,2020-03-27,Paid,1893912,INSERT MOLDING SOLUTIONS INC,D78821122D00101,39,103.95464273157988
Sourcing,2022-03-10,Paid,9578125,NEXT SIGHT SRL,10757770485991,2,102.33301272001843
Support,2021-12-18,Closed,5361725,Premium Natural Cosmetics Inc.,B147HTECAT020,145,98.54887695532415
Helpdesk,2021-08-30,Cancelled,4243092,Batrik Medical Manufacturing Inc,887868458873,147,102.1677434290628
Maintenance,2021-04-18,Paid,7326112,"MEDICAPTURE, INC.",7613275044377,49,98.23422000362825
Sourcing,2020-05-19,Exception,5032566,Dentlight Inc.,7613154284467,35,103.68406197272752
ServiceCall,2020-03-19,Exception,3234809,CURIUM US LLC,858400005046,77,100.39685376143512
Sourcing,2020-10-04,Exception,2223705,"CORPAK MEDSYSTEMS, INC.",889095674477,52,97.67681855916295
Helpdesk,2020-10-07,Open,9607842,WELLSKY CORPORATION,858150000483,68,99.60728560846837
Support,2020-03-13,Paid,8217972,Collaborative Care Diagnostics LLC,841036248567,38,97.09485090959205
IT,2020-05-05,Closed,2620702,"DENTAMERICA, INC.",889024212862,92,100.20624913548711
Sourcing,2020-03-31,Cancelled,3718116,"NEXSCREEN, LLC",5060170185698,85,99.87985125899937
Maintenance,2020-10-25,Closed,2471537,"PREMIER HEART, LLC",190776193416,135,104.61269427099471
Helpdesk,2021-06-04,Open,1359217,S.D. SIGHT DIAGNOSTICS LTD,8806383565370,38,101.34376515491202
Sourcing,2022-02-03,Exception,3292060,Palmero Healthcare LLC,10889942327294,108,99.29817298449076
Maintenance,2020-01-28,Closed,1373561,"DORAN SCALES, INC.",50885380132221,105,99.9961776571281
Maintenance,2020-05-13,Exception,7051398,"J & J SOLUTIONS, INC.",35664011932,150,100.07119043753043
Sourcing,2020-04-08,Paid,1081615,GRIMM SCIENTIFIC INDUSTRIES INC,B587A202826150,100,96.70609072794451
Maintenance,2021-11-06,Closed,9994023,sewon medix Inc.,10809160019061,47,95.47699160356908
Maintenance,2021-06-08,Paid,3341297,GENESIS BPS LLC,840018619296,16,97.95935977119994
Services,2021-08-10,Paid,7267867,"GUANGZHOU YUMINSHENG PLASTICS CO., LTD",10809160255957,73,96.92398394300996
IT,2021-05-22,Cancelled,1953812,"HEARTWAY MEDICAL PRODUCTS CO., LTD.",18257200040353,41,102.76240495892814
Sourcing,2022-03-19,Paid,1348774,PRIME HOLLY CORP.,745129245054,28,99.57740858749798
Sourcing,2021-02-08,Open,3436969,Raysearch Laboratories AB (Publ),7290014954489,137,96.91309090364477
Sourcing,2021-09-09,Paid,7149626,Pie Medical Imaging B.V.,630414553429,134,101.50497201594908
ServiceCall,2022-02-10,Open,3765949,GA Health Company Limited,4046826420208,83,101.48744823458648
Support,2022-01-06,Open,5187731,UROCURE LLC,851599007488,114,103.06657694491241
Sourcing,2022-04-16,Exception,2949906,"BIOMET MICROFIXATION, INC",4540778177246,17,100.57880754390523
Sourcing,2021-02-25,Exception,1918793,"OKAMI MEDICAL, INC.",840996125666,40,101.01773520766257
Helpdesk,2021-08-01,Paid,8533403,Medela AG,10887488850764,131,102.02904753894191
Support,2021-07-23,Cancelled,2797319,E DENTAL PRODUCTS,4053755190881,129,97.88736300885869
Helpdesk,2020-05-16,Cancelled,3910630,"GLOOKO, INC.",10193489261431,63,99.39578257129422
Helpdesk,2020-09-14,Exception,7895933,"NEOCHILD, LLC",840194406284,54,98.47526579808537
Services,2021-11-22,Closed,8737397,"Shamrock Marketing Co., Inc.",3663136021676,120,100.50191319656737
Support,2021-08-31,Paid,8570678,"CLINTON INDUSTRIES, INC.",350770001876,9,104.5548942467367
Sourcing,2021-01-11,Open,9060652,"Shenzhen Yurucheng Dental Materials Co., Ltd.",8717213041189,82,97.71715145170947
Support,2020-11-01,Cancelled,7933784,CANON INC.,10193489860191,10,97.8794092761233
Maintenance,2020-03-05,Open,8875188,"JOOVV, INC.",10381780023630,116,100.40948715933291
Maintenance,2021-02-07,Exception,2584815,Ruhof Corporation,E312FW8993140271,8,98.34505369497157
Helpdesk,2020-06-20,Exception,259573,ARTSANA SPA,818069019020,109,97.11472325237014
Sourcing,2021-08-21,Exception,9301504,Southmedic Incorporated,803622123405,138,101.01889694285735
Maintenance,2021-07-06,Closed,7070911,"VAPOTHERM, INC.",887517269911,70,99.90469884633006
ServiceCall,2021-11-25,Closed,8902714,Rising Eagle Medical LLC,10686864046896,24,97.28846056322648
IT,2020-09-11,Cancelled,8688354,CONVEXITY SCIENTIFIC LLC,347682626129,91,101.5600277917653
IT,2020-06-16,Open,6059886,Fit-Pro Kereskedelmi es Szolgaltato Korlatolt Felelossegu Tarsasag,D7091034100,35,100.26165239464707
Maintenance,2020-05-30,Exception,1674770,CLOUD DX INC.,10858325005180,3,101.97055889525835
Helpdesk,2020-02-26,Cancelled,1577865,"CELLMEDIX HOLDINGS, LLC",J014660173630,96,98.11457647564792
IT,2022-01-15,Paid,9594430,"Second Sight Medical Products, Inc.",10888439961454,9,101.3940060674733
Support,2020-03-16,Paid,8010168,"NANORAY CO.,LTD",810023925279,3,101.07832851080772
Sourcing,2022-04-22,Open,7397485,"ALFA SCIENTIFIC DESIGNS, INC.",M7255500190,35,102.54042054235097
Sourcing,2021-06-17,Cancelled,6827827,AMRA Medical AB,10304040102197,17,101.8098628189686
IT,2021-04-22,Open,7065866,"D.E.HOKANSON, INC.",709078009297,140,101.36141266927429
Services,2021-01-07,Exception,1043696,Datascope Corp.,887517796356,9,98.15816549119961
Helpdesk,2021-07-25,Closed,8567169,"PHARMCHEM, INC.",841508103226,60,94.77395966698937
Helpdesk,2021-12-25,Closed,4905159,"MERLYN ASSOCIATES, INC.",4048266147547,70,100.44692698657795
IT,2021-08-21,Open,6205134,AIRGAS USA LLC,16958052435,147,100.4935213710022
Sourcing,2020-07-23,Open,584953,POWER METAL ITALIA SRL,E314C00390000000110000,12,99.52684059234596
IT,2020-04-08,Exception,8829921,MARVAO MEDICAL DEVICES LIMITED,10887488575469,63,103.02430752246966
IT,2022-04-29,Cancelled,6320940,REMEL EUROPE LIMITED,193082008504,107,102.87669328322752
Sourcing,2020-03-23,Open,694184,TECRES SPA,8809262959826,74,104.75371105663041
Services,2020-12-07,Open,2205064,CRYPTYCH PTY LTD,D768G310420,6,97.48317701394558
Sourcing,2020-03-22,Open,5730137,"DongWon Medical CO.,LTD.",4540778159778,127,99.18979155310275
Maintenance,2021-03-02,Exception,5632620,BHI IMPLANTS LTD,810021860367,113,99.08943779153961
ServiceCall,2020-01-22,Cancelled,1391387,"YAMAHA MOTOR CO., LTD.",10887488609447,124,100.96966143587754
ServiceCall,2020-08-26,Paid,4287176,General Sleep,885556615805,112,98.69800992629533
Helpdesk,2021-11-09,Exception,9527110,"PHYSIQ, INC",8809457208005,119,99.67532597200082
ServiceCall,2020-02-17,Open,6016029,ALTATEC GmbH,192629250147,116,99.67469902547667
Sourcing,2020-07-26,Paid,2435253,"ARLINGTON SCIENTIFIC, INC.",10887488568997,16,102.16990316339624
Sourcing,2022-03-09,Paid,191870,ReOss GmbH,5060304050014,134,96.92834700590419
Maintenance,2021-06-19,Paid,5878603,"COHO BIOMEDICAL TECHNOLOGY CO., LTD.",887868204340,147,101.80117675415732
Sourcing,2021-02-19,Exception,6011217,DATUM DENTAL LTD,841379193142,54,100.21169659896512
ServiceCall,2020-10-29,Cancelled,7911321,bredent GmbH & Co. KG,7613252257943,66,102.0789055464658
ServiceCall,2020-06-25,Cancelled,7771827,"CORPAK MEDSYSTEMS, INC.",10705034220826,53,99.0024037650881
Sourcing,2021-01-21,Closed,3282477,"MCGEE GROUP, INC., THE",190707019532,51,95.87863371390046
Sourcing,2021-02-04,Open,8241107,"YOUNG DENTAL MANUFACTURING I, LLC",7640178987678,109,100.98915244127173
Sourcing,2021-06-12,Open,2883782,MODJAW,190776014124,9,100.12456370954185
Support,2020-01-01,Cancelled,5134631,CRH Medical Corporation,5714464007783,116,100.51732993999582
Maintenance,2022-02-21,Paid,2494983,"AvantSonic Technology Co., Ltd",8806388212187,43,102.30978338160278
Support,2021-05-26,Paid,2768044,"DIOMEDICAL CO.,LTD.",B504OM50921380,122,102.60413816064896
Sourcing,2021-07-31,Exception,5947398,"CAREFUSION 303, INC.",18257200123995,32,102.8347888273465
IT,2020-09-06,Open,3664633,"IMPACT APPLICATIONS, INC.",4250892900414,6,100.41345293963066
Sourcing,2021-04-22,Closed,9563642,"BL HEALTHCARE, INC.",3596010625434,111,97.52664787900568
Sourcing,2021-02-03,Open,1978772,GMMI SDN. BHD.,18257200029495,141,97.1556122322695
Sourcing,2020-10-26,Paid,5208101,Lutronic Corporation,5060772897678,39,99.90082633751437
Sourcing,2021-02-17,Cancelled,8021828,BIO-VIEW LTD,885554010381,29,100.10044122260243
IT,2022-01-15,Open,9452304,PIXCELL MEDICAL TECHNOLOGIES LTD,8806378351766,122,97.76253673133755
Services,2022-02-21,Closed,5450518,Levins Pharmaceuticals LLC,889095060966,52,99.9780462049686
ServiceCall,2021-08-12,Exception,1373774,RAINBOW MEDICAL DEVICES LLC,842078112854,11,97.91542721674803
Helpdesk,2021-06-04,Open,5487791,"TAYLOR PRECISION PRODUCTS, INC.",10809160264058,7,101.18709043743516
Sourcing,2021-04-15,Open,2826824,AEA SRL,J017B48431120,6,94.46646424359713
Sourcing,2021-09-29,Open,7606639,NEW ERA ORTHOPEDICS LLC,4250603733461,130,96.41495055238161
Services,2022-04-03,Cancelled,4468221,Cole Instruments Inc,878799007414,30,102.24400493363031
Maintenance,2020-08-08,Open,6498077,Sommetrics,817927020130,131,103.18651172557753
Maintenance,2020-06-04,Open,2594008,"ZYRIS, INC.",ERITTTAO1,14,102.00381596688969
IT,2020-05-28,Closed,3397060,PRISMAN INC.,20643169328208,89,99.75843566561235
IT,2021-08-25,Cancelled,2019892,"PAJUNK MEDICAL SYSTEMS, LP",840937111338,89,98.5494697306487
Sourcing,2020-03-14,Open,1334445,GEOMED Medizin-Technik GmbH & Co. KG,8800044765086,54,99.20787917222955
Support,2020-11-11,Cancelled,7969131,"Kestra Medical Technologies, Inc.",10887488809915,32,99.85228500669766
Maintenance,2020-01-26,Paid,6011296,GENESIS BPS LLC,724995182069,90,104.71771628230238
IT,2021-01-15,Open,6668362,CASCO BAY MOLDING LTD.,191083022949,88,103.06690745778859
Sourcing,2020-10-11,Open,5882260,STAAR SURGICAL COMPANY,191072076472,142,102.32218236523457
ServiceCall,2020-07-15,Closed,9279751,"STASIS LABS, INC.",4019702400939,19,101.4241150140408
Sourcing,2021-10-05,Open,7356247,Bimini Technologies LLC,M719GC3THL11SD0,129,98.29645551980988
Services,2020-08-17,Open,2446707,NEWMARKET BIOMEDICAL LIMITED,M572RCR010000D031,56,101.14349481326619
Services,2020-02-19,Cancelled,9144000,BTC SRL,5050474764187,36,99.2516146736225
Support,2021-09-09,Exception,9044168,"INTELLIGENT SYSTEM CO.,LTD.",5708296058174,114,99.68780315020773
ServiceCall,2021-03-23,Cancelled,8199639,Sonic Incytes Medical Corp.,10885403201738,137,98.34681295484755
Services,2020-09-19,Paid,4523106,TREK DIAGNOSTIC SYSTEMS LIMITED,880304010543,104,102.79527824871906
Maintenance,2021-01-29,Closed,286636,Eagle Labs,10885403081156,16,100.65376663497926
Helpdesk,2020-09-30,Open,1129777,NORTHGATE TECHNOLOGIES INC.,191072102348,97,97.78967418057027
Sourcing,2022-03-19,Cancelled,6527813,Philips Electronics Nederland B.V.,4046955057788,95,99.09544533277756
Sourcing,2021-06-17,Closed,1789986,"Zirdent New Material Co.,Ltd",841268100947,110,98.64721939920243
Sourcing,2022-03-04,Closed,602877,QUIDEL CARDIOVASCULAR INC.,M944NL3014230,46,102.52150362866936
ServiceCall,2021-06-02,Exception,7084366,GIINII TECH CORPORATION,H965600322540,131,98.84205982437531
Sourcing,2021-03-09,Closed,1376269,SMALL BEGINNINGS  INC,386120006222,62,100.11286463236857
Sourcing,2020-12-28,Exception,687894,DIAMODENT INC,EFOR79316010051,150,99.16957625347074
ServiceCall,2020-10-30,Exception,6191960,"HAMILTON THORNE, INC.",4046964202834,52,100.19862958323515
Sourcing,2021-01-11,Paid,4002679,"HYPOTHERMIA DEVICES, INC.",4546540149060,47,102.62075164438886
Sourcing,2021-05-08,Cancelled,3397150,"CONCERT MEDICAL, LLC",888867344884,7,102.48013485888951
Sourcing,2021-09-28,Open,8589721,"TELA BIO, INC.",10705034202846,8,101.61444944665297
Sourcing,2021-01-16,Closed,401253,SUMMIT GLOVE INC.,726893113343,5,99.33374216709998
Sourcing,2021-03-07,Cancelled,1695281,Healgen Scientific Limited Liability Company,8800056249277,105,99.54738664171187
Maintenance,2021-02-26,Cancelled,1008918,Lernapharm (Loris) Inc,842180109629,141,101.46068619533831
Sourcing,2020-01-30,Paid,982667,Gynius AB,887517537324,70,102.00870123450677
Sourcing,2021-10-21,Paid,3888948,"BONASSE ENTERPRISES CO., LTD.",10193489215588,17,98.43903133866905
Sourcing,2020-11-23,Exception,8005808,"NEUROSOFT, OOO",885825012700,2,102.73717742271067
ServiceCall,2020-04-03,Exception,8526571,"Jiangsu Jumao X-Care Medical Equipment Co.,Ltd",191072075123,92,99.25437171741937
Support,2021-02-19,Exception,9670245,VYGON-Erzeugnisse für Medizin und Chirurgie-GmbH und Co. KG,10653160341208,46,104.10911396863473
Sourcing,2020-11-13,Closed,3609265,EHOB INC,840085241574,145,99.62968833445797
Support,2021-04-01,Closed,107382,ATCOR MEDICAL PTY LTD,889795019141,145,100.26853775279827
IT,2020-06-18,Cancelled,2479111,CAREFUSION U.K. 232 LIMITED,847946019327,28,101.10265390395992
Sourcing,2020-09-11,Open,9589819,"O2 CONCEPTS, LLC",801741092954,53,98.99851785974451
Sourcing,2021-06-24,Closed,4485270,"Shandong Huamei Technology Co.,Ltd.",6945664839143,66,103.49807588880172
Maintenance,2022-02-16,Open,3902078,"INNARA HEALTH, INC.",643169062788,128,97.9911596360936
Sourcing,2020-09-10,Exception,9936830,"AED BATTERY EXCHANGE, LLC",699753509054,149,99.39358545938238
Support,2020-04-30,Cancelled,8549212,SLANTED ADAPTOR LLC,10884389672617,87,99.49234249576185
Support,2020-09-07,Paid,498376,"INTERRAD MEDICAL, INC",10887488536736,85,100.38867329579823
Support,2020-08-22,Paid,5120408,Levins Pharmaceuticals LLC,840420117076,27,100.18385195816089
Sourcing,2020-02-19,Exception,9807690,Spark Innovators Corporation,10381780410614,101,98.61235812063516
Helpdesk,2020-01-01,Closed,9133306,ANJON HOLDINGS LLC,10889942686131,66,98.72707922671272
Support,2022-03-02,Cancelled,1041332,"STERILMED, INC.",190376116006,108,100.28717860580487
Support,2021-10-06,Closed,7028215,Neo G USA Inc,810014605302,99,98.35639866216158
ServiceCall,2021-12-12,Exception,1342009,GETINGE IC PRODUCTION POLAND SP Z O O,10888439130249,61,103.00747868134252
Maintenance,2021-10-06,Closed,7505284,"ARUM DENTISTRY Co., Ltd.",732094263282,101,100.49799168007095
IT,2020-02-11,Paid,8464304,COAPT LLC,847536011489,79,102.11933153862469
Support,2020-10-23,Open,6979877,ScheBo r. Biotech Aktiengesellschaft,8800046984454,29,99.1997661132842
Support,2022-02-02,Exception,7152526,ALL-MED INC,10195594392802,132,99.69189165708976
ServiceCall,2021-06-04,Exception,6658557,"Co-Innovation Biotech Co., Ltd",10889942241132,76,102.79610344432447
ServiceCall,2022-01-10,Open,3537511,My Medic,10889942776801,43,100.76701660206648
Maintenance,2022-04-27,Exception,6482788,Royal Oak Medical Devices LLC,841785110450,91,98.0691284356386
Services,2022-03-01,Open,2981469,"Manteia Technologies Co.,Ltd.",10888857326040,125,100.71001577398077
ServiceCall,2022-03-20,Paid,3421853,ARISE MEDICAL LLC,10889950009151,129,96.88915297811637
Maintenance,2020-01-15,Exception,8177956,"Healcerion Co., Ltd.",8809288930717,111,103.36231699157719
Sourcing,2020-10-19,Closed,228438,"BEL-MED, INC.",885556684597,130,102.4794870940629
Maintenance,2021-10-31,Exception,8339441,"Qingdao Kingon Medical Science and Technology Co., Ltd",M719GBP1040,68,99.16326596459035
Sourcing,2022-01-27,Closed,7540161,"ACCRIVA DIAGNOSTICS HOLDINGS, INC.",10885403179563,88,95.88190190532599
Support,2021-06-03,Open,4268749,SOLODEX LLC,840105205425,127,99.13983070181092
Sourcing,2020-06-07,Closed,1728194,MEDISAFE UK LIMITED,4035479156671,100,102.19658609530079
ServiceCall,2022-01-02,Closed,5705342,"INTERVENTIONAL SPINE, INC",887661654434,52,100.15164430320695
Support,2021-01-22,Closed,7688710,"SWAN VALLEY MEDICAL, INCORPORATED",10194717110408,66,97.2794081062661
ServiceCall,2021-01-13,Paid,6010582,Tracoe medical GmbH,827002225930,104,101.23616585899137
Sourcing,2020-07-27,Paid,4074337,IMAGE NAVIGATION LTD,5055662952179,71,96.0760819935879
Helpdesk,2020-02-20,Exception,7892928,NICO CORPORATION,10888439074154,41,99.66579668846809
IT,2021-08-28,Cancelled,4636353,PENLON LTD,190361012344,116,96.562616267051
Sourcing,2020-11-15,Paid,2168164,"NOVASOM, INC.",613994779229,25,97.21166181595504
IT,2020-06-01,Closed,4430950,Consure Medical Private Limited,889929013670,73,98.83742080215762
Maintenance,2021-09-05,Cancelled,9355812,"SALIX PHARMACEUTICALS, LTD.",10614559102657,138,99.82554926947215
Services,2022-01-10,Open,3379218,"SUNTECH MEDICAL, INC.",811870034541,33,96.95360996862509
Services,2020-01-14,Open,9415352,Remax Medi-Tech (Shenzhen) Corporation,10885403046391,13,101.1494555983773
Maintenance,2020-07-14,Paid,238343,TEI BIOSCIENCES INC.,4057532324124,142,100.15836747315018
Support,2021-12-17,Closed,8312212,Comecer Netherlands B.V.,840155406162,25,99.27131507904103
IT,2020-10-25,Exception,335694,CANON MEDICAL SYSTEMS CORPORATION,5708296132010,90,100.13447351442215
Maintenance,2020-09-28,Paid,6623840,"Trigg Laboratories, Inc.",889024256613,137,97.23530511502517
Support,2021-08-20,Exception,5245151,"INVITROCARE, INCORPORATED",10195327074401,145,99.23663089293927
Sourcing,2020-12-23,Paid,439920,"MICRO CURRENT TECHNOLOGY, INC.",851695005258,131,99.91826906482275
Sourcing,2022-02-24,Exception,2270946,"OBALON THERAPEUTICS, INC.",842048148487,20,98.01796592309613
Maintenance,2021-04-04,Closed,8529619,METTLER ELECTRONICS CORP.,J017B41057120,18,102.76981662954574
Services,2020-05-10,Paid,3522066,PULSE FLOW TECHNOLOGIES,885556761922,3,100.33627711817186
Sourcing,2022-04-11,Exception,4623575,"PEARSON DENTAL SUPPLIES, INC.",4711605583381,54,100.58032776425235
ServiceCall,2022-04-30,Closed,8577222,HumanOptics AG,M719GLC429L0,11,97.54320510454788
Support,2022-04-06,Paid,9929415,NICO CORPORATION,874485003098,36,96.40679017162746
Support,2020-07-14,Paid,9250868,HEMODIA,8034139295138,21,95.76836905332607
Sourcing,2021-07-18,Exception,2279485,3R - INDUSTRIA E COMERCIO EIRELI,350770949444,117,99.22820936034115
Services,2021-11-17,Open,119485,"QUICKCO, LTD",677964085482,27,101.46559465197342
Support,2020-04-27,Open,1672206,"Nuo Therapeutics, Inc.",887517121738,111,99.20773194180282
Support,2020-07-20,Exception,7061957,Cleveland Medical Devices Inc.,H965910014830,98,100.25752154984451
Services,2021-02-08,Cancelled,8106561,MYLAB DISCOVERY SOLUTIONS PRIVATE LIMITED,EFORQ74114610051,127,100.68518232660631
Services,2021-09-29,Open,7060521,NORIS MEDICAL LTD,10889981039530,138,101.48750979492675
Support,2022-01-16,Paid,9442378,Well Brain International Limited,4046826010041,137,98.30672434341648
ServiceCall,2020-08-19,Open,7543895,OCULUS SURGICAL INC,4059993123858,52,97.44002788608401
Sourcing,2020-04-14,Paid,4947031,"Microtech Medical (Hangzhou) Co., Ltd.",842326144453,49,96.25444605418154
Helpdesk,2020-06-22,Cancelled,6574614,"KI MOBILITY, LLC",10680651451023,82,100.51253606512006
Services,2021-04-06,Cancelled,6555437,Instrumentation Difra SA,M944AL003020,50,103.58028945932949
Helpdesk,2021-03-14,Cancelled,1246100,"SPINE INNOVATION, LLC",4038653471416,36,98.06865772321099
Services,2021-07-17,Open,6873000,Theranica Bio-Electronics Ltd.,887868022661,103,100.25736781709168
Services,2020-06-13,Closed,7642989,PAXMAN COOLERS LIMITED,48503037123,69,100.92848096186951
Maintenance,2020-11-20,Paid,375110,"Internacional Farmacéutica, S.A. de C.V.",845694093040,53,100.46643400165446
Maintenance,2020-02-06,Closed,1706349,The Alger Co Inc,10886982234476,114,97.80285884758557
Helpdesk,2020-02-22,Open,8753210,R.K. MANUFACTURING CORPORATION OF CONNECTICUT,M555910153348,145,101.08380210346265
Sourcing,2020-05-29,Cancelled,9730795,"Orca Products, LLC",7630016839450,64,101.54836469197927
Helpdesk,2020-02-25,Open,6116847,"West Pharmaceutical Services Az, Inc.",8800017258553,132,99.68355223432164
Maintenance,2022-02-15,Paid,9163297,TRUE INTEGRAL INC,DIVO7495631,116,100.02392719230916
IT,2020-10-09,Open,4055558,HMD BIOMEDICAL INC.,5708296177134,143,98.99461953197371
Helpdesk,2020-05-05,Open,6930684,ACRE PHARMA LIMITED,190660123222,46,99.8145088913065
Maintenance,2020-04-12,Paid,9307776,Origio A/S,193033276105,50,99.44123577596116
Helpdesk,2021-07-19,Exception,3809099,Datrend Systems Inc,822409039944,71,100.35308497081566
Maintenance,2020-01-24,Cancelled,3982907,KIRWAN SURGICAL PRODUCTS LLC,4048551050194,110,97.58813042381482
Services,2020-07-21,Paid,8155101,"PARKS MEDICAL ELECTRONICS, INC.",M824SCMF655751,85,101.87131288577545
Sourcing,2020-09-21,Paid,3398322,XLTEK,D7076820560,112,102.51128017787995
Sourcing,2021-04-05,Exception,944267,SCHOLL'S WELLNESS COMPANY LLC,3596010594280,131,102.10547767409837
ServiceCall,2021-01-03,Open,1533681,"SPINAL ELEMENTS, INC.",841365112959,112,100.7350254546096
ServiceCall,2021-01-20,Open,6241139,"MTI Precision Products, LLC",24026704505207,74,101.1902784452983
Sourcing,2021-02-13,Open,5120990,MOBILEODT LTD,847946010157,120,99.01487212716475
ServiceCall,2021-05-04,Cancelled,4468108,"Hill-Rom de México, S. de R.L. de C.V.",613994523310,65,96.88948630658585
IT,2021-11-03,Open,1004282,"GALDERMA LABORATORIES, L.P.",889024587229,59,98.79843261580815
Services,2021-02-25,Paid,9028908,INTERVASCULAR SAS,841668104385,47,99.99028336914276
Maintenance,2020-12-21,Open,5077982,Fogless International AB,8714729162629,102,97.25548037935117
Services,2021-09-09,Cancelled,5129922,Lenstec Barbados Inc,888867303911,100,98.6821337435839
Services,2021-03-16,Exception,2301503,"SUNSET HEALTHCARE SOLUTIONS, INC.",10885403196393,54,101.9109060340087
Support,2021-06-10,Exception,939374,Gestenco International AB,10381780272328,23,101.11675593018755
Services,2022-04-01,Exception,5985180,ENDURANCE THERAPEUTICS INC.,10195327075507,15,98.27206808404654
Sourcing,2020-04-27,Open,482939,TELEBRANDS CORP.,749756798556,46,100.64339968270899
IT,2021-01-04,Cancelled,7562411,"SOTERA WIRELESS, INC.",20845854083434,89,100.6090875284622
ServiceCall,2020-12-14,Closed,4438589,"Terumo Medical Products (Hangzhou) Co., Ltd.",4719872173403,107,100.5153843078307
ServiceCall,2020-10-21,Cancelled,3930427,SOUTH EAST INSTRUMENTS LLC,4026575174683,84,102.3935794505243
Helpdesk,2020-04-01,Closed,1852865,"SPECTRAMED, INC.",10351688423955,149,101.14458559415161
Sourcing,2021-08-16,Cancelled,4328106,PRINCETON BIOMEDITECH CORPORATION,E217147141,57,99.2646455592879
ServiceCall,2021-05-07,Open,5368132,"REPRO MED SYSTEMS, INC.",4038653000531,16,100.28743775194164
Sourcing,2021-07-07,Closed,2065455,MERIT CABLES INCORPORATED,840186672819,58,100.04661684334424
ServiceCall,2021-04-12,Open,5447239,AMERICAN MEDICAL & DENTAL SUPPLIES INC,817392024039,124,98.52986631932094
IT,2022-02-21,Closed,4203742,"COMBAT MEDICAL SYSTEMS, LLC",8800033141709,149,103.04050614639044
IT,2020-02-13,Open,4746154,MACBRUD CORPORATION,6941382241282,52,102.0333545717978
Helpdesk,2020-12-22,Closed,9626063,COOK INCORPORATED,7630971245389,68,97.93363666326017
IT,2020-04-11,Open,5809618,BODYWISE (UK) LIMITED,817771028757,114,96.53645814679044
Sourcing,2021-10-28,Paid,9979072,"Alere Scarborough, Inc.",8714729370239,43,97.1635628793587
IT,2022-03-13,Cancelled,8598380,Sugentech Inc._Osong Branch,763000355166,115,98.249091190486
IT,2021-09-17,Cancelled,1834857,GEOTEK MEDIKAL VE SAGLIK HIZMETLERI TICARET SANAYI LIMITED SIRKETI,853249007398,88,97.32092977556435
ServiceCall,2022-03-26,Open,7619999,CORSCIENCE GmbH & Co. KG,10351688759368,90,99.5930846745987
Services,2020-03-05,Paid,823037,NEOMEDIX CORPORATION,EFOR73314010101,93,103.32269950009386
Sourcing,2020-01-25,Closed,2919173,MAICO Diagnostics GmbH,304040068359,47,103.4031692314579
Services,2022-04-28,Closed,1271130,"CUSTOM ULTRASONICS, INCORPORATED",822409006793,97,101.66546997057942
Sourcing,2021-01-22,Exception,2048709,BIOPROTECH INC.,20705032060063,82,100.14955756400553
Sourcing,2022-02-08,Closed,1953022,Corporation Steris Canada,10652927398486,120,98.85050409163925
Sourcing,2021-07-22,Closed,2394919,"Shinhung MST Co., Ltd.",841379157281,73,100.08477465646884
Sourcing,2020-05-26,Cancelled,5535141,RP Medical Inc,10809160064931,73,97.19574470102518
Sourcing,2020-06-30,Exception,1280946,Siemens Healthcare Diagnostics Products GmbH,885672010959,17,103.74132955487082
Helpdesk,2020-06-14,Open,9195454,"FACET TECHNOLOGIES, LLC",382902409588,121,98.79615348023235
Helpdesk,2021-06-28,Exception,7398836,KLS Martin GmbH + Co. KG,643169066731,10,99.63805418345135
ServiceCall,2020-02-25,Open,8257003,DIASORIN SPA,4046445941689,64,99.6368545024097
Sourcing,2022-01-22,Open,1103040,INNONIX TECHNOLOGIES LIMITED,192029023709,83,98.08757541128796
IT,2020-02-25,Exception,2687156,"LOTUS GLOBAL GROUP, INC, THE",10888439791501,77,100.90041554108295
Support,2022-02-20,Closed,2505279,GRIMM SCIENTIFIC INDUSTRIES INC,M824SCUR67090F1,78,97.1642350398456
Sourcing,2021-11-02,Open,4252417,OPA DENTAL LLC,9348215000356,12,98.92992629792333
Services,2020-11-03,Open,9991189,"BENVENUE MEDICAL, INC.",24026704537062,148,97.18909520526347
ServiceCall,2021-11-10,Open,6920970,Medionics International Inc,885556571545,33,98.62249023151213
Sourcing,2021-01-12,Open,6422873,"Whisper.AI, Inc.",7630016839504,23,100.26144702847306
Maintenance,2021-12-21,Exception,9815890,"SYNCARDIA SYSTEMS, LLC",827002289222,85,96.01568026734553
Maintenance,2020-03-28,Exception,1612635,Modus Health LLC,7630345755452,60,98.75524492409842
Services,2020-12-23,Open,5400395,AD-TECH MEDICAL INSTRUMENT CORPORATION,H65890106290,97,96.84028371939303
Sourcing,2021-03-27,Exception,7964674,Dentsply Implants NV,8800057240914,72,98.63382938490108
Services,2022-03-29,Paid,4758865,Arjohuntleigh AB,7899080344981,146,100.11989660220381
Sourcing,2021-08-15,Closed,1256776,RAULAND-BORG CORPORATION,10381780225881,134,100.85326079458272
Services,2020-01-30,Closed,7815678,CLINIQA CORPORATION,3596010634399,127,103.41201201677588
Helpdesk,2021-07-02,Cancelled,6654383,Acanthus Medical Creations LLC,4026575179961,51,97.21793351676558
Support,2020-11-22,Open,9663900,UNION DENTAL SA,7630040757645,73,100.33961208940605
Sourcing,2021-01-04,Open,4256350,A & D Medical,841549113550,34,95.20387960719776
ServiceCall,2020-10-06,Open,2535588,1929803 Ontario Corp,J017EDMYS79825420,79,101.38637179197198
Support,2021-11-11,Closed,7734346,INTERSON CORP,653160204766,150,102.2800384896904
Sourcing,2021-12-25,Paid,3625663,LCCS Products Limited,8800033155041,86,100.05144411045825
Maintenance,2021-07-17,Paid,4709846,"MICROSURGICAL TECHNOLOGY, INC.",10888439458428,3,99.97723386213943
Services,2020-11-22,Exception,3267963,ORGANIC INITIATIVE CORPORATION,4046963675820,79,100.11841200495745
ServiceCall,2021-06-09,Exception,9353939,Ruhof Corporation,190837051648,90,101.25399965787615
Support,2020-03-24,Cancelled,844518,HARBOR SAFETY PRODUCTS INC,888867252493,93,101.89778602243017
Sourcing,2020-10-08,Paid,2449694,"MEDICAPTURE, INC.",191072134394,150,96.87582107751469
IT,2020-06-10,Cancelled,9746513,"ADDITIVE IMPLANTS, LLC",10649111030222,106,99.45071022607367
IT,2020-07-23,Cancelled,3129012,"NELLIE MEDICAL, LLC",8800033322092,79,99.01723102429482
Support,2020-05-27,Paid,2932938,RESPIRONICS RESPIRATORY DRUG DELIVERY (UK) LTD,887761983922,100,102.9266806622029
Sourcing,2021-11-04,Paid,2444598,"CHAMELEON DENTAL PRODUCTS, INC",8806373584022,74,96.847516484633
Services,2020-11-12,Closed,4856839,"CUSTOM ORTHOPAEDIC SOLUTIONS, INC.",J011790714010,75,99.72563800172075
Helpdesk,2020-06-11,Exception,6020674,ENG3 CORPORATION,884450394878,65,100.76050288335165
Sourcing,2022-03-07,Paid,162400,TULSA DENTAL PRODUCTS LLC,8051739535051,108,100.54353518541593
Maintenance,2021-07-30,Cancelled,7411983,Cardiac Science Corporation,8800015901239,74,100.93769374482997
Support,2021-11-28,Open,115718,Painmaster,10887488785431,38,97.83551657170364
Services,2020-04-29,Exception,7997083,FLEXMEDICS,844856034464,52,102.66527010088761
IT,2021-12-08,Open,4559334,"TDM Co., Ltd.",841690121381,150,95.91581273511693
Support,2021-06-27,Closed,5520169,Oertli-Instrumente AG,EFOR873N00111,82,99.59051986996612
Support,2020-01-31,Exception,2163441,Shenzhen XFT Medical Limited,10889942853250,72,97.3926954276096
Sourcing,2021-06-30,Cancelled,4571242,Hemocue AB,10603295440482,55,100.76289345287002
Services,2021-05-02,Open,7952373,"AXCESOR, INC.",7630040730570,20,103.3602599163396
Helpdesk,2022-01-05,Open,6118518,Provision,10888857158399,56,101.63781470746574
Sourcing,2021-09-22,Closed,2276945,C R I,10195327061272,105,101.51134906323468
Sourcing,2020-03-08,Closed,3648186,MAXILON LABORATORIES INC,4046963906405,80,97.72997745782357
Sourcing,2020-12-26,Closed,4483076,EMCYTE CORP.,10885862236050,138,100.10120153692426
Helpdesk,2021-10-10,Closed,1036561,Lake Region Medical,8717872016900,136,99.27918074337012
Sourcing,2021-09-09,Closed,9747200,Quantitative Radiology Solutions LLC,768455125104,130,101.6651476745153
Sourcing,2021-05-27,Closed,2234220,KBL GmbH,613994969118,3,97.75756954835768
Sourcing,2020-07-12,Cancelled,8040048,AMD Medicom Inc,10195594956400,27,100.23613467311006
IT,2021-11-20,Open,8710376,OWEN MUMFORD USA INCORPORATED,822409027217,27,98.63451906184892
Helpdesk,2021-05-02,Cancelled,1708799,TEMREX CORPORATION,888515079687,56,100.01636432093078
Services,2020-09-14,Closed,5793639,Elekta Ltd,7640185347007,55,100.09236218476596
Maintenance,2020-09-03,Exception,3943036,"T&R BIOFAB CO.,LTD",10840935105220,87,100.04206608388769
Services,2021-04-04,Cancelled,4077480,VASOINNOVATIONS INC.,E1995786061,60,99.63169736736958
Sourcing,2021-09-19,Open,4394245,BMT Medizintechnik GmbH,EMAH1506227014PTXLS0,5,99.930290153465
IT,2021-03-29,Paid,3911600,Red Medical Supplies Ltd,3701313003180,76,100.94640451151683
Support,2021-07-15,Open,4736618,BRYDAN MEDICAL HOLDINGS,193033352038,2,97.315623228127
Services,2020-01-02,Closed,8026316,"VOODOO MANUFACTURING, INC.",887517199034,16,97.95297630111376
Services,2022-01-17,Paid,1583176,MIESSENTIA MEDICAL USA LLC,889981124673,102,100.77910863613656
Maintenance,2020-03-24,Cancelled,9880419,"LACEY MANUFACTURING COMPANY, LLC",840018632561,18,99.93544848332655
IT,2020-01-04,Open,3918812,"LIFEPORT, LLC",850008325045,150,99.55238793943943
ServiceCall,2020-03-15,Cancelled,1727828,PERFACTION TECHNOLOGIES LTD,803622148866,2,103.24769279589957
IT,2022-01-12,Exception,3201497,Abbott GmbH,7290109301327,101,103.3624339422527
IT,2021-07-27,Exception,9434339,CELL MARQUE CORPORATION,10193489806311,103,97.67288423253667
Helpdesk,2021-11-05,Closed,840771,"ACCELERATE DIAGNOSTICS, INC.",4032767839599,124,100.65059455317183
Services,2022-04-17,Paid,9707198,"JMS CO., LTD.",889024325852,34,101.41375163608055
Sourcing,2021-01-22,Open,9112736,"US ENDODONTICS, LLC",10193489993615,137,101.25368809117623
Sourcing,2020-11-15,Exception,5820267,"NIKKISO CO.,LTD.",6945664891363,51,100.79049933132526
IT,2020-02-06,Closed,2627858,SafeGard Medical /Hungary/ Gyogyaszati Eszkozgyarto es Forgalmazo Korlatolt Felelossegu Tarsasag,B112S03697TR0,50,101.16292413495663
Sourcing,2021-09-18,Open,9940493,PIXXGEN Corporation,840420109637,80,97.05160990545194
IT,2020-04-22,Paid,1341195,Thermo Electron LED GmbH,889095034356,104,101.73325288394037
Sourcing,2022-02-21,Closed,2495070,"FREEDOM MEDICAL, INC.",4056869014098,124,100.75500883770846
Maintenance,2020-02-09,Exception,8092553,"NATIONAL ADVANCED ENDOSCOPY DEVICES, INC.",EPOLPRI31Y5,94,95.29488608931793
IT,2021-02-03,Paid,9280110,GE Healthcare Austria GmbH & Co OG,8800049270547,126,100.02352504831248
Support,2021-04-12,Paid,2506758,AMD Lasers,10757770569820,88,100.87397602615292
ServiceCall,2020-08-10,Paid,6744449,Zoll-Dental,10195327055820,127,99.38108960104034
Sourcing,2022-03-17,Open,3164354,BABYBUDDHA PRODUCTS LLC,10809160158920,112,99.07272837293627
Sourcing,2020-01-14,Closed,2705600,"RESONANT SPECIFIC TECHNOLOGIES, INC.",3609820584577,88,95.3801935903281
Maintenance,2020-05-19,Open,5192110,GUARDIAN ANGEL PRODUCTS INC,4048551114049,136,98.59740307412333
IT,2020-10-24,Open,422031,SHEFABONE INC,4057532328535,119,98.15964237389099
Sourcing,2022-02-15,Closed,8425115,"Suzhou Microclear Medical Instruments Co., Ltd.",4582275823974,22,99.62025101868723
IT,2022-03-27,Closed,5406149,"AVACEN MEDICAL, INC",607567211636,40,102.30613971971205
Sourcing,2021-01-07,Paid,5936302,Eagle Labs,801741071874,115,95.9141397638736
Sourcing,2020-03-01,Closed,7513327,Siemens Healthcare Diagnostics Inc.,10888439833362,18,100.14287538754047
Support,2021-10-04,Cancelled,749454,Scar Heal,6958481440355,63,100.25464773393516
Maintenance,2021-02-13,Closed,8117348,"HITACHI CHEMICAL DIAGNOSTICS, INC.",190837001100,26,99.77342529578165
Sourcing,2020-10-25,Cancelled,3237236,Acanthus Medical Creations LLC,10888439791259,71,98.82945159268574
ServiceCall,2020-02-27,Paid,7418422,TCOAG IRELAND LIMITED,10887488640792,73,99.88361658956411
Sourcing,2020-05-06,Cancelled,5869829,"TEE-ZED PRODUCTS, LLC",812345025064,144,99.7849022226846
ServiceCall,2021-04-25,Paid,7943916,AMAZON.COM SERVICES LLC,5708296188789,115,100.07515984073896
Sourcing,2020-05-16,Exception,5724424,HEALTHSTATS INTERNATIONAL PTE LTD,4035324017966,59,97.18154091862138
IT,2021-01-19,Cancelled,1043900,WATERS TECHNOLOGIES CORPORATION,10381780244899,74,101.43455297074806
Sourcing,2020-12-11,Exception,3926032,CUTTING EDGE HC BRANDS LLC,763000542139,91,99.37261197446566
Sourcing,2020-10-06,Paid,8265337,Gynetics Medical Products NV,8800000970509,56,100.38961143309496
Helpdesk,2021-10-01,Closed,8410613,"IVES EEG SOLUTIONS, LLC",849884003666,34,98.90890761865843
Sourcing,2021-12-13,Cancelled,9445380,Instant Tech Subsidiary Acquisition,4057176148179,67,101.12412557279413
Services,2022-04-22,Closed,6485784,ASPECT IMAGING LTD,9120047296547,29,100.4154378159713
Services,2021-08-30,Exception,2434283,"RTSAFE, INC.",5060440332302,6,96.38898803759227
Helpdesk,2020-05-01,Open,9849496,SIMBEX LLC,9120034302183,21,100.50891433954577
Helpdesk,2021-11-12,Paid,2255362,"BOSTON MEDICAL PRODUCTS, INC.",DIVO5401481,100,99.67659410945211
Support,2020-09-20,Exception,803768,"Modern Dental Laboratory (DG) Co., Ltd.",840420133731,80,95.46817235933064
Maintenance,2020-04-30,Cancelled,9794402,Puritan Medical Products,885556758076,64,97.62807042399805
Sourcing,2020-08-15,Cancelled,5757072,"DISTRIBUTION UNLIMITED, LLC",10193489347760,12,98.86235560917618
IT,2022-04-26,Cancelled,1395160,"MEIXIN MEDICAL SUZHOU CO., LTD.",885556076101,11,95.08000832198573
Maintenance,2021-02-10,Open,5762811,"SONIVATE MEDICAL, INC.",10195594363208,3,100.24838808170978
Helpdesk,2021-11-03,Cancelled,9624801,"Shenzhen Viatom Technology Co., Ltd.",M684PNV027161,130,102.30370884635114
Maintenance,2021-09-12,Exception,1212077,"Active Life Scientific, Inc.",4251351115684,118,101.20295776676062
ServiceCall,2020-12-02,Paid,7684077,Alltrista Plastics LLC,193033215005,124,99.93826256251222
ServiceCall,2020-02-29,Paid,1769612,Axon Medical Inc,M482NAUA00T90,127,101.78375927046925
Services,2021-07-15,Open,8197914,Dental Morelli Ltda,840420135209,28,101.23552971422386
Maintenance,2020-07-28,Exception,5015516,EMC EVOLUTION,855887006368,100,98.8571541051455
Services,2020-09-30,Closed,2059626,ORIGIO INC.,815101020242,128,100.34279976130955
IT,2021-09-03,Exception,4597134,Modern Medical Equipment MFG. Ltd.,20885380167444,34,100.3019989599618
Sourcing,2021-03-12,Open,7110606,"Zhende Medical Co., Ltd.",613994789730,68,103.18272712355026
IT,2020-04-07,Closed,2201982,"SONTEC INSTRUMENTS, INC.",192896011038,139,102.92376740496805
Sourcing,2021-10-24,Cancelled,7612164,Bioneer Corporation,650551040965,84,100.77851795078207
IT,2020-03-25,Cancelled,418832,BOMImed Inc,613994757890,131,100.02981909699841
ServiceCall,2020-09-19,Open,8181012,"EMERGE MEDICAL, INC.",816389020962,40,101.18697460113387
Sourcing,2020-05-26,Cancelled,8319379,Schlumbohm GmbH & Co. KG,850018324533,74,103.13493164990412
ServiceCall,2020-12-08,Open,1547055,NHAT QUANG INDUSTRY COOPERATIVE,190660124557,135,102.19722468594783
IT,2020-10-18,Open,4231394,Future Diagnostics Solutions B.V.,8806378316734,110,106.62162249981947
Services,2020-07-09,Open,2253008,"Sejong Medical Co., Ltd",845694053662,62,100.78743259271155
Maintenance,2021-03-24,Cancelled,2151130,BIOMEDICAL DATA SOLUTIONS LIMITED,10888439698152,130,98.5952182181953
Sourcing,2021-01-13,Cancelled,7165772,PERSONAL MEDICAL CORP.,841036085759,70,97.80710906393261
Maintenance,2021-12-28,Closed,5912451,"PASSY-MUIR, INC.",841396195433,24,96.57793027997054
Sourcing,2021-06-15,Open,4968678,"Willo 32, Inc.",8800044704122,147,99.24809186344444
ServiceCall,2020-12-10,Paid,5877393,CLARIANCE,5055662929096,30,97.2558471762616
Helpdesk,2021-03-04,Paid,7349992,KINSA INC.,827002147805,128,100.21271783122829
Sourcing,2021-11-06,Open,9960224,MICHELSON DIAGNOSTICS LTD,10351688708571,39,100.9365689197435
Support,2020-02-17,Cancelled,2963311,"Nu Eyne Co., Ltd.",B587TA26322680,24,99.12389764126601
Support,2021-12-21,Closed,7458229,"Fresenius Medical Care Holdings, Inc.",643169755680,132,96.59967328495445
Services,2020-11-19,Cancelled,5977638,Fortimedix Surgical B.V.,884465608533,118,99.17363833276325
IT,2020-08-18,Open,7988138,SAFEY MEDICAL DEVICES PRIVATE LIMITED,D7091984083,35,99.4767208685011
Support,2022-05-01,Open,4277346,"AVENU MEDICAL, INC.",8714729850052,43,95.82435169637569
Sourcing,2022-04-09,Closed,9493397,"Lemaitre Vascular, Inc.",815101025094,66,104.21418167368108
Maintenance,2020-04-08,Cancelled,570017,IWALK FREE,D00116626U10221D0,83,100.81389908254226
Sourcing,2021-06-28,Closed,7724470,Z SYSTEMS USA INCORPORATED,801741013454,64,100.32244283830845
Sourcing,2020-06-21,Closed,4148418,S.B.M,8809665582584,11,98.42244330087053
ServiceCall,2022-02-16,Closed,3207687,JORDCO INC,3596010521026,124,98.2102488604297
Sourcing,2020-08-17,Cancelled,1440068,Wingderm Electro-Optics Ltd.,7630040732185,43,100.75397898010195
Support,2021-07-25,Closed,1633147,"AXIOSONIC, LLC",842180103252,58,102.30814627487958
Services,2021-11-01,Exception,926259,"INTEGRATED MEDICAL SYSTEMS, INC.",10888857019331,99,103.01330991742564
Maintenance,2020-04-16,Open,3921486,Advanced Back Technologies Inc,18257200041114,77,99.6416373738147
Sourcing,2022-02-23,Paid,7818447,"HEALTH & LIFE CO., LTD.",10888439455403,70,95.52580396263981
Sourcing,2020-10-02,Exception,1674137,KLYO MEDICAL SYSTEMS INC.,690521007550,1,99.85271169278995
Sourcing,2020-05-24,Closed,3152033,Merit Pharmaceutical,J017B2381120,99,99.63309346276608
Maintenance,2021-07-14,Exception,5442451,Medical Intelligence Medizintechnik GmbH,8806364643950,104,101.99914913185494
Sourcing,2021-03-03,Cancelled,49728,"TELA BIO, INC.",10887488458380,40,97.72605331059364
Sourcing,2021-08-09,Closed,4583926,Abbott Diagnostics Technologies AS,10885862538246,131,102.28663581343082
Services,2021-02-16,Paid,627620,BIOTECNICA INSTRUMENTS SPA,20886333003994,136,103.611704253396
IT,2021-02-16,Paid,4973817,"GRI Medical & Electronic Technology Co., Ltd.",190376160665,93,100.48929208812596
IT,2021-04-28,Cancelled,6675370,"Kinamed, Inc.",15019517043686,105,97.71147052744648
IT,2020-12-08,Cancelled,6100237,APOLLO ENTERPRISE IMAGING CORP,193082049385,8,100.1272255503714
Helpdesk,2021-11-06,Exception,4765275,SKINSTITCH CORP.,4048551201572,62,100.02840252978929
Sourcing,2021-07-19,Closed,3329042,"MYNOSYS CELLULAR DEVICES, INC.",10888277780248,120,103.09510662597171
Sourcing,2021-03-25,Paid,7611757,"Dongguan Teac Electronics Co., Ltd.",15019517159998,112,97.97133112869075
Support,2021-12-08,Paid,3594075,"OASIS MEDICAL, INC.",10889942247011,47,97.46891772957062
ServiceCall,2021-05-10,Closed,4729363,OPTOPOL TECHNOLOGY SP Z O O,382830055222,49,99.70283139385924
Services,2022-02-27,Paid,4993300,"RADMEDIX, LLC",ERKO5969202,125,98.13999890658097
Sourcing,2020-09-12,Cancelled,7572839,Tria Beauty,8809763486203,137,99.20446707237934
Sourcing,2021-01-01,Cancelled,2377056,"FUTUREMED AMERICA, INC.",4026358055048,23,101.67550382704502
ServiceCall,2020-03-08,Exception,645336,THERADIAG SA,7613327337396,46,102.91105754306844
Sourcing,2021-10-01,Open,7092611,"JOOVV, INC.",885556818206,71,102.1274685199216
Services,2020-08-18,Open,8673503,getemed Medizin- und Informationstechnik AG,10351688841803,111,101.08037125364433
IT,2021-05-26,Exception,5156377,MEDIAID INC,9008737067960,130,100.24874966121371
Helpdesk,2020-03-18,Open,6581571,"Manteia Technologies Co.,Ltd.",10809160055380,17,99.94620557960074
IT,2020-12-08,Closed,1160343,KANEKA CORPORATION,10193489747966,108,98.62240258820063
Support,2022-04-25,Open,448553,INNOVATIONS FOR ACCESS INC,10195327045968,67,103.54478250479961
Support,2020-04-16,Closed,9088435,PROCEPT BIOROBOTICS CORPORATION,4961333242672,6,103.03028463649764
Helpdesk,2021-02-27,Cancelled,64129,BIO CENTRIC INC.,M368FR577RGH85841,122,97.95187603147137
Sourcing,2021-07-28,Paid,6149284,HUMMINGBIRD MED DEVICES INC,842452100712,52,102.27466593712158
Sourcing,2021-10-21,Closed,6473425,Bioelectronics Corporation,M697X0850310F04LSTR1,135,101.8367249418536
IT,2022-02-24,Closed,8459376,"VM/POSITIONING, INC.",8809265150046,88,97.96374507225849
Services,2020-02-25,Paid,674179,"ASEPTICO, INC.",5414734022330,25,100.9021612711567
Services,2022-02-28,Closed,2704639,"AURORA MANUFACTURING, LLC",7630971293519,2,97.18589061081119
Services,2021-02-05,Paid,19058,Edzway LLC,8809489299651,90,100.39779107645616
Helpdesk,2021-12-23,Paid,9637850,Avalon Biomed Inc.,846159035780,1,98.69932677060325
Support,2021-03-11,Exception,7231442,"CARDIOQUIP, LLC",15019517114409,14,98.1142320451508
Services,2021-09-11,Closed,8801571,Avaline Medical NJ Limited Liability Company,30653405032575,147,97.9817128186162
Sourcing,2020-05-27,Closed,6612125,"SHENZHEN WISONIC MEDICAL TECHNOLOGY CO., LTD.",B098AMS46690,132,100.7097291677813
ServiceCall,2021-12-01,Exception,3347095,altona Diagnostics GmbH,J017AV2R25O510,100,99.50244505857837
Maintenance,2020-05-07,Paid,8166932,NANOPASS TECHNOLOGIES LTD,8806373814662,149,100.3213750191568
Sourcing,2020-08-09,Cancelled,4741486,"SIGHT SCIENCES, INC.",847399001863,86,98.7947536451809
IT,2020-08-16,Open,3979787,WHEELCHAIRS OF KANSAS,15019517120592,120,100.67790247491662
Support,2022-04-28,Exception,6588109,"Airstrip Technologies, Inc.",10351688801975,19,102.33335865063707
IT,2021-02-14,Paid,2452348,"MENICON CO.,LTD.",810023928454,19,98.63334059608468
IT,2020-12-12,Cancelled,7176606,RENOVIA INC.,840124504707,62,98.66570515554939
Maintenance,2020-11-23,Closed,7304403,MIRADA MEDICAL LIMITED,817470000894,79,100.58884444419887
Sourcing,2022-01-27,Exception,9056221,"GEORGE KING BIO-MEDICAL, INC",8806373578380,35,99.66009192609255
IT,2021-10-29,Open,1918455,R82 A/S,10190752114791,150,100.66615024156472
Sourcing,2021-01-15,Closed,3493420,ADI Medical,G22312212990,17,104.00581521924681
ServiceCall,2021-07-05,Open,3473031,TECO DIAGNOSTICS,10381780017974,95,99.71745301865094
Sourcing,2020-12-23,Paid,4786329,"CHEMATICS, INC.",M824A5P5025RC1,63,100.87914813436137
Sourcing,2020-01-21,Exception,8129958,Mg Medical Products LLC,10888439074888,124,99.03996572570452
Support,2021-11-21,Open,4324484,"Encompass Group, L.L.C.",889929038932,38,101.08910384906584
Sourcing,2020-09-17,Closed,3903574,"Anhui Huami Information Technology Co., Ltd.",816862023435,8,99.78558685074596
Helpdesk,2021-09-21,Open,8185871,AceAge Inc,10886982223616,58,98.6766200158879
ServiceCall,2021-08-30,Exception,7356953,TRUE FUNCTION LABORATORY,10757770509857,145,102.11479537611697
Sourcing,2021-10-18,Cancelled,7830250,AL-BAD MASSUOT YITZHAK LTD,10889987168548,50,100.08335342664529
Services,2021-04-18,Cancelled,4262808,NDD Medizintechnik AG,10889942106516,33,98.92623096584991
IT,2020-09-26,Paid,8178636,MEDIPLUS LTD,10887587043647,26,101.96451826994293
Helpdesk,2022-01-22,Open,5943383,"DAESUNG MAREF CO.,LTD.",4057532332280,68,97.41915310715872
Sourcing,2021-12-13,Exception,9583485,"ACUFOCUS, INC.",380740130541,116,101.18608873718532
Sourcing,2020-03-29,Exception,6978478,"SPINAL RESOURCES, INC.",7613154556779,86,101.4622586580676
IT,2021-02-27,Paid,2123580,"INFRASCAN, INC.",673693364898,60,97.48944989749901
Services,2021-12-08,Open,4195094,"Truly Instrument Co.,Ltd",887517885463,141,99.33044516279416
Services,2021-04-25,Paid,1669569,APELEM,8806364646616,23,101.05399949527832
ServiceCall,2020-06-29,Closed,1923153,NALGE NUNC INTERNATIONAL CORPORATION,10887488596587,105,96.77681121733654
Maintenance,2021-06-23,Paid,2368637,"COOPERVISION, INC.",7613327025309,36,100.19930877497984
Sourcing,2020-10-09,Cancelled,9025175,Dental Wings Inc,D80702526622D1,128,99.15504285354521
Support,2020-08-23,Open,7861961,PHARMACEUTICAL INNOVATIONS INC,8800057232445,104,97.09041972380946
Maintenance,2021-08-17,Exception,7618395,Berchtold Holding GmbH,10885632243998,119,102.8033329099656
Helpdesk,2020-03-01,Closed,8411045,ELITE SURGICAL SUPPLIES (PTY) LTD,822383112275,65,100.77774023990045
ServiceCall,2020-01-08,Closed,6328442,"BESTCARE, L.L.C.",10705034754048,85,97.03322595862868
IT,2021-10-14,Paid,2616239,ARCADIA GROUP,10887488801087,75,103.0726806286172
Sourcing,2020-03-07,Exception,9953202,MONARCH LABS,D7091973158,57,100.37716556864537
Sourcing,2022-04-04,Paid,2757568,"NANNING VV DENTAL CO., LTD.",889095563344,23,97.59726106717419
ServiceCall,2020-05-06,Exception,6139900,"PELVITAL USA, INC.",10889942755967,60,101.15157975305758
Sourcing,2021-08-01,Closed,2162422,"EDGE SURGICAL, INC.",841132135389,121,98.28305861292165
Services,2020-04-08,Paid,6240335,MONOPOWER BIOPHARMACEUTICALS COMPANY LIMITED,880304962859,142,100.45627589597173
Maintenance,2021-10-13,Cancelled,1806875,EDGE ENDO LLC,887517933928,67,95.54051753921404
Maintenance,2021-09-11,Open,1946811,Beijing Reagent Latex Products Factory,8809542035684,9,98.76925383145286
Services,2022-03-30,Cancelled,9800695,"R.J.L. SCIENCES, INC.",EFOR860N99160051,81,101.26718489042102
ServiceCall,2021-07-27,Cancelled,8298368,"Sprintray, Inc.",10809160332788,123,101.94509705046947
Sourcing,2020-03-03,Exception,5565828,PHOENIX ORTHODONTICS INC,889795005472,65,101.75979729549879
ServiceCall,2021-02-22,Open,4351262,"ABENA NORTH AMERICA, INC.",4057532405656,14,97.54327240436562
Helpdesk,2020-11-03,Closed,9512591,"TOPCON MEDICAL SYSTEMS, INC.",10809160040485,126,98.19424298925941
IT,2020-02-05,Open,3951830,"Hetaida Technology Co., Ltd",4260557770498,102,99.20912645389879
IT,2020-08-09,Exception,3446698,"Advanced Tactile Imaging, Inc.",4712602349871,122,103.85240330480687
Support,2022-03-19,Open,2970271,Fibralign Corporation,614950000074,75,97.41088180554641
Services,2022-02-22,Closed,4136779,"Great Lakes Dental Technologies, Ltd.",D00116626U10642F0,147,96.1436361126488
IT,2020-08-12,Paid,7802538,INSPIRATION HEALTHCARE LIMITED,4046445807107,98,100.62808256942675
Helpdesk,2021-10-10,Exception,6320925,INTELIS INSTRUMENTS LTD,4057532141295,129,101.08391138196146
Support,2022-03-31,Closed,7002277,RECHARGEABLE POWER ENERGY NORTH AMERICA LLC,7640178975514,144,99.85680590565566
Support,2021-10-26,Exception,3102729,OTC DENTAL CORPORATION,889929009970,43,98.71957099455571
Maintenance,2020-01-03,Open,4524455,"Guangzhou Labsim Biotech Co., Ltd",190837037260,113,102.88604346950088
Helpdesk,2022-02-13,Closed,5900184,NEOMEDLIGHT,10193489993660,63,100.9637230044082
ServiceCall,2021-08-12,Open,7207670,LONGEVITI NEURO SOLUTIONS LLC,10884521151659,6,102.64584522985265
Maintenance,2021-05-18,Paid,2200011,"NEUROLIGN USA, LLC",10193489883121,14,100.06916068097759
ServiceCall,2021-02-28,Open,5982309,GERI-GENTLE CORPORATION,8800036800375,6,97.86435804390453
Helpdesk,2022-02-19,Paid,6093274,"Erbe Medical, LLC",4946329061161,119,99.54008632239258
Support,2021-12-25,Paid,6290662,"INNERSPACE NEURO SOLUTIONS, INC.",652221012180,83,98.98159829229125
ServiceCall,2021-04-23,Paid,7903282,DMV CORPORATION,D00116626L118W0,4,98.94012605118425
Sourcing,2021-07-17,Exception,4938499,Life Instrument Corporation,7899080338119,97,102.31511169927109
Helpdesk,2022-04-09,Open,4585707,ORTHOSENSOR INC,DIVO5649581,140,97.31969750031432
IT,2020-06-29,Closed,9176632,SOMATEX Medical Technologies GmbH,715317885256,53,99.96700250233644
IT,2021-10-29,Paid,8376547,PRIME HOLLY CORP.,886385019079,41,96.51052871089344
Services,2020-10-18,Paid,1557899,ETABLISSEMENTS OURY GUYE ET FILS,10705034785172,117,103.08994853313001
ServiceCall,2020-01-24,Paid,2885926,Forward Science Technologies LLC,887868449659,83,100.09260857028394
ServiceCall,2020-12-25,Paid,3463882,Yeti Dentalprodukte GmbH,E1995522281,130,99.55048284201833
Support,2020-04-02,Closed,7064680,"IMMUCOR, INC.",M7391933236130,73,100.54655002906163
IT,2021-12-06,Open,6968889,ADSM,8806344372504,91,101.77793445814591
Sourcing,2020-08-19,Paid,3578099,Esaote Europe B.V.,4046445611391,49,101.6462440934194
Support,2020-11-29,Open,484110,POLYTECHNIC RESOURCES INC,10887488750422,54,98.35900935346015
ServiceCall,2022-03-24,Exception,7150506,PM GLOVES U S A INC,8033707000419,73,96.35995028098773
Maintenance,2021-11-13,Closed,4275575,"PURELIFE, LLC",60888937008458,34,100.13030834608573
IT,2021-03-18,Paid,4803553,CARDINAL SCALE MANUFACTURING COMPANY,10195594939489,58,100.04392284733882
Maintenance,2021-08-27,Open,2235338,BIOSCULPTOR CORPORATION,676190359565,53,96.88496129403705
Sourcing,2020-03-15,Cancelled,5123493,Med-El Elektromedizinische Geräte Gesellschaft m.b.H.,B868CFFG018370,17,99.91697014475507
ServiceCall,2022-01-08,Open,2090280,HILO INDUSTRIES LLC,4046826176662,58,103.37915022542579
Support,2020-09-07,Exception,3743061,"Runbio Biotech Co., Ltd.",10885632061363,24,100.65406175838146
ServiceCall,2021-12-18,Cancelled,9091741,IDUN SOLUTIONS LLC,4250869657730,43,98.61953696077396
IT,2020-06-01,Closed,947671,Jeil Medical Corporation,B07310SNT65551,49,102.81488934944228
Helpdesk,2021-08-17,Exception,7269787,"Instarisa Technologies, LLC",10887488638546,60,103.99820537919791
ServiceCall,2020-04-11,Closed,9389156,AROA BIOSURGERY LIMITED,8800113938731,121,98.41669830057778
IT,2021-03-16,Cancelled,7791976,Coltène/Whaledent GmbH + Co. KG,3663422604637,139,99.85183185713838
Maintenance,2020-06-13,Cancelled,6230442,IMT Analytics AG,7290109301334,40,100.38776150279243
Helpdesk,2020-12-22,Cancelled,8486911,Red Medical Supplies Ltd,B484XN4501XBA63EA10N10,6,101.97570092936462
Services,2021-05-13,Paid,7493578,KINOS MEDICAL INC,8809288933442,17,99.72034087288124
Sourcing,2022-04-12,Cancelled,9548968,"CRAMER PRODUCTS, INC.",887517010117,141,100.68964186347837
Services,2020-11-02,Exception,4128673,"Seattle Bioceramics, Inc.",15019517099072,26,100.76792880646569
Sourcing,2021-11-20,Paid,617389,"POLYMEDCO, INC.",724995190354,112,96.07908723077495
ServiceCall,2021-05-04,Open,8842093,PRIDE MOBILITY PRODUCTS CORPORATION,888867057647,70,101.78487069200706
Sourcing,2020-01-22,Closed,3868616,ITL ASIA PACIFIC SDN. BHD.,20389151000300,90,98.13047058900833
Services,2021-10-11,Closed,3492441,IQ Products B.V.,841536138306,81,99.734772099727
Services,2021-01-18,Paid,1897343,"Shenzhen Mareal Tech Co.,Ltd",7613327375206,84,100.48190723002773
Services,2021-04-06,Cancelled,4218900,"Cv Medical, LLC",D800ZROC8101A02,147,97.6307635426816
ServiceCall,2021-06-02,Open,1857258,"Z-MEDICA, LLC",10888439298499,91,98.092672871189
ServiceCall,2021-12-23,Closed,4441325,"SCIMAGE, INC",10652927428022,82,98.67504377667784
Support,2020-02-12,Cancelled,976029,"ORTHO ORGANIZERS, INC.",5708296170951,89,100.21112686868312
Helpdesk,2021-11-18,Cancelled,7575441,DENTAL XRAY COMPANY SRL,10888439496000,115,99.94667368173378
IT,2021-08-14,Exception,7568900,"KAZ USA, INC.",3596010632722,130,102.18571839709308
ServiceCall,2020-10-25,Paid,543964,Southern Spine LLC,815277022736,79,98.90009660257748
Helpdesk,2021-09-18,Cancelled,2966451,"BLACKROCK NEUROMED, LLC",887482007914,17,99.53537916502843
ServiceCall,2021-01-02,Cancelled,9953001,Compumedics Germany GmbH,10841291100430,149,97.27443458282787
Support,2020-03-26,Exception,2311302,WESTCLIFF MEDICAL PRODUCTS,843696132989,47,100.00708065069416
Services,2022-04-29,Closed,3300150,"MEDICAL SHIPMENT, LLC",8800033869856,87,99.92463570312708
Maintenance,2020-07-18,Open,2988581,MEDTRONIC POWERED SURGICAL SOLUTIONS,10888439099119,15,99.7261588346111
Services,2020-07-03,Paid,919704,RICO SUCTION LABS INC,840105201953,19,101.13006812947202
ServiceCall,2020-02-09,Open,4895717,Auragen Aesthetics LLC,842180130722,47,97.51568698140993
ServiceCall,2020-11-27,Paid,5278587,"ENTHERMICS, INC.",889024107779,10,99.4120785817832
Support,2022-03-07,Cancelled,3362867,INTEGRA LIFESCIENCES PRODUCTION CORPORATION,15019315020247,85,98.01524941720494
Maintenance,2020-10-08,Exception,9714521,NORTH EOS INDUSTRIES INC.,821925031920,65,100.2872416564217
Sourcing,2021-11-29,Exception,6763233,"Maanshan Bond Medical Instruments Co., Ltd.",815362026113,61,100.42881887623447
Sourcing,2022-03-09,Open,4079025,"CERAGEM Co., Ltd.",4953170365126,42,100.58017673073584
Services,2020-11-27,Exception,820815,"Surgnova Healthcare Technologies (Zhejiang) Co., Ltd.",8800033172918,70,100.6849470603428
Sourcing,2021-08-12,Paid,5197518,BIOLOG-ID,6941382242616,88,96.38140560294319
ServiceCall,2021-02-05,Cancelled,3242779,"CUSTOM ORTHOPAEDIC SOLUTIONS, INC.",4046355240889,146,98.22367568957416
Sourcing,2021-11-20,Closed,3672765,"PATTERSON VETERINARY SUPPLY, INC.",10887488394824,114,96.53850232309918
Maintenance,2020-10-06,Closed,5925876,TALLEY GROUP LIMITED,10694644400059,66,97.64015329476535
Services,2020-11-05,Paid,5023645,"Implant Logistics, Inc.",8718755002119,141,98.89642495242357
Sourcing,2021-07-02,Exception,5923873,SAHURA INC.,8800037521590,17,101.14442660837284
Helpdesk,2021-10-31,Open,7408600,"GOOD DOCTORS CO., LTD.",M68271002316S0,61,99.45382699642765
Services,2021-02-24,Exception,6731875,ANAEROBE SYSTEMS,889095166224,138,101.24264373310154
Maintenance,2020-09-10,Closed,3996047,"ICHOR VASCULAR, INC.",10887488739939,60,99.12719660482628
IT,2021-09-28,Exception,9046535,"NOVO HEALTH SERVICES, LLC",880304444249,118,95.90737678773246
Sourcing,2022-02-25,Open,6895187,"AUGUSTA MEDICAL SYSTEMS, L.L.C.",M7391511690900,144,99.31561184938028
Maintenance,2022-01-28,Exception,252324,"Shandong Huamei Technology Co.,Ltd.",D807189132061,32,98.87923383563793
Support,2021-05-31,Open,320964,INTEGRA BIOTECHNICAL LLC,841983103698,11,98.32228388934611
Sourcing,2021-03-07,Open,5031806,"Zimmer Us, Inc.",10809160364567,67,100.01081996558703
Helpdesk,2020-10-03,Closed,6789541,"ESSEX INDUSTRIES, INC.",884999025721,94,101.80744181295734
IT,2020-11-07,Cancelled,2566515,"ELECTRO KINETIC TECHNOLOGIES, LLC",M985IDEZS51,139,99.96127556028632
Maintenance,2022-01-09,Closed,6780221,NATUS NEUROLOGY INCORPORATED,887709048942,64,96.47307266174214
Maintenance,2020-01-02,Exception,9117598,MIDMARK CORPORATION,350770948980,136,101.75328826944123
Support,2021-03-30,Closed,5720590,TANITA CORPORATION,10705034523507,48,98.0976730299785
Maintenance,2020-04-08,Exception,3513220,"TPC ADVANCE TECHNOLOGY, INC.",6945764415308,143,99.91377953492638
Sourcing,2020-12-01,Cancelled,8854849,Lina Medical ApS,8809263394817,140,97.22158809073244
ServiceCall,2021-09-01,Cancelled,9909665,HUESTIS MACHINE CORPORATION,M684PRTLEL291,87,99.5223494094956
Sourcing,2021-04-30,Exception,2831101,VISARIS DOO,4061644027774,115,95.98716002108236
Helpdesk,2020-01-17,Cancelled,3174975,CATHWORKS LTD,841973106005,109,101.05742732663558
ServiceCall,2021-02-16,Paid,4513704,EBZNS HOLDINGS LLC,841911100119,100,102.40782768312543
Support,2020-02-12,Closed,1563645,"WOONSOCKET PRESCRIPTION CENTER, INCORPORATED",4546540541178,42,100.37510388055482
Support,2021-11-12,Closed,7706189,"Innovision, Inc",822409023943,19,99.30469233441781
Maintenance,2022-04-05,Closed,717999,MESI d.o.o.,10809160140567,104,99.56755378203042
Helpdesk,2022-02-17,Paid,6810013,"WickiMed (Hui Zhou) Medical Equipment Manufacturing Co., Ltd.",10888857227552,23,100.32657730266084
Sourcing,2020-12-06,Paid,550931,"Bard Access Systems, Inc.",4057532160524,48,100.60635483997764
Helpdesk,2020-02-24,Cancelled,2869041,RESPIRONICS RESPIRATORY DRUG DELIVERY (UK) LTD,190660067175,6,100.87179073603254
Sourcing,2020-10-17,Open,2027025,Phillips-Medisize A/S,B0751002770,103,97.32102292958471
IT,2020-05-25,Paid,2770697,Gynius AB,6941382208131,133,104.0372035679059
Support,2020-06-30,Cancelled,2019934,Alber GmbH,10889942588893,92,103.75761120047486
Sourcing,2021-10-22,Paid,3406297,TITAN IMPLANT INC,699753496934,32,96.94364910169045
ServiceCall,2021-04-07,Paid,6678565,"OCEANIC MEDICAL PRODUCTS, INC.",606959010581,146,99.70854336327459
IT,2021-01-11,Cancelled,8780970,Avantec Vascular Corporation,190837036584,135,100.6356535741721
Support,2021-06-21,Closed,61212,"NAVILYST MEDICAL, INC.",4050659484825,91,99.57347885268997
Maintenance,2021-05-02,Cancelled,7551832,"NSPIRE HEALTH, INC.",10705031052499,79,99.06703245020813
Maintenance,2021-04-08,Open,7209877,MIDWESTERN SOLUTIONS,650551147503,73,99.62857509692982
Sourcing,2020-05-03,Cancelled,2107164,CANON INC.,10652927295778,24,101.3335056345586
IT,2021-02-28,Cancelled,372777,"Shenzhen As-Tec Technology Co.,Ltd.",191072105240,123,97.84285720002451
Helpdesk,2022-03-03,Exception,195052,C A I INDUSTRIES CORP,60888937006836,83,100.39784995072164
Sourcing,2020-06-03,Closed,8680295,"ARTERIOCYTE MEDICAL SYSTEMS, INC.",B112S03653NSD200,80,99.60419262536684
Support,2021-05-12,Open,7463812,R.A.L. DIAGNOSTICS,9348215017552,43,102.31206624594098
Sourcing,2021-10-11,Closed,6415215,"SHENZHEN LAUNCH ELECTRICAL CO., LTD",8809319754749,115,100.09038766694508
Services,2020-08-18,Exception,4572965,ESU LIMITED LIABILITY PARTNERSHIP,D788111C0300201,76,105.06726185685689
Support,2020-12-17,Paid,5364434,REHRIG PACIFIC COMPANY,884465605211,150,96.01865845994513
Sourcing,2021-09-11,Closed,2525645,Intronix Technologies Corporation,4046445326967,147,100.13172568960628
Helpdesk,2021-11-22,Open,7432392,CAPlugs,190837006082,52,98.71502517807534
Sourcing,2021-07-13,Exception,1632946,TORNIER,673693367837,149,98.2731057096008
Maintenance,2021-03-30,Exception,3239988,ReOss GmbH,8800044759139,51,98.97483106591604
Sourcing,2021-09-01,Paid,8894346,"MOLECULAR MATRIX, INC.",8800046903455,119,98.62752001055307
Services,2022-04-23,Exception,1284543,ENDOCONTROL,884465018769,106,98.60235129611826
Helpdesk,2020-03-17,Paid,21095,3J'S HEALTHCARE GROUP LLC,5711583032498,129,96.95205043218878
IT,2021-06-05,Exception,2043167,CELLERA LLC,15019517152234,19,103.40131080440392
Support,2020-02-10,Open,3478338,Masimo Sweden AB,884450311462,70,98.16572848087527
Services,2022-04-19,Open,800031,OBER CONSULTING SP Z O O,8806373574689,141,102.70622795183475
ServiceCall,2020-09-24,Open,1952183,"ARIBEX, INC.",815101025254,113,100.61072731380935
Sourcing,2020-07-13,Closed,8366381,XAVANT TECHNOLOGY (PTY) LTD,4026575247585,100,98.97615483645907
Support,2022-03-19,Exception,4529115,"SURGIKOR, LLC",M7404901612,7,97.10414362528293
Support,2021-08-23,Paid,4008523,"Bion Enterprises, Ltd.",853508002300,16,98.40256893991076
Helpdesk,2020-01-21,Exception,1968160,"SUMMIT INDUSTRIES, LLC",699753512528,104,100.27020604425506
Services,2021-04-14,Open,5797910,NG BIOTECH,M454UL50AP2451,131,99.38802195293806
Support,2020-08-31,Exception,2060336,"REALCLOUD IMAGING, INC.",3700434021929,68,101.31616967831435
Maintenance,2021-04-13,Cancelled,9608435,CHRONO-LOG CORP,7630971289529,77,100.02605595730155
Helpdesk,2021-04-29,Exception,6965344,INNONIX TECHNOLOGIES LIMITED,822383988573,10,99.02916497125449
IT,2020-03-12,Paid,9633766,priMED Medical Products Inc,10193489695779,48,102.27512319919573
Sourcing,2020-12-09,Closed,976894,"PROVENT SLEEP THERAPY, LLC",607411956119,31,96.97674179055873
Helpdesk,2020-07-09,Exception,1445015,Global Scientific Technologies,H749600708130,112,99.95108072356416
Services,2020-04-12,Closed,784908,"FRESCA MEDICAL, INC.",10887488805528,69,100.67277922502915
Sourcing,2020-09-18,Cancelled,4168826,Whitehall Manufacturing Co,10887488537740,77,101.93220384079525
Maintenance,2022-03-07,Exception,6190728,"ORTHO-MED, INC.",EMICEHREF31,70,98.91650881515235
Maintenance,2020-11-26,Exception,6517841,"MINIMALLY INVASIVE DEVICES, INC.",9120047297292,54,100.44509482325218
IT,2020-01-28,Closed,3540449,"DIASOL, INC.",8806189861843,133,97.87174108728583
Support,2022-01-21,Closed,469931,My Medic,884450052846,39,98.2127055013534
Support,2021-03-26,Closed,8608443,AD-TECH MEDICAL INSTRUMENT CORPORATION,10886982154132,31,97.64028923968664
Maintenance,2022-03-21,Closed,3360064,NORFOLK MEDICAL,10888439880793,29,98.47663760810416
Helpdesk,2021-11-06,Paid,48289,"Hangzhou AcoSound Technology Co.,Ltd.",842331184628,94,99.64642841549733
Maintenance,2020-01-21,Paid,7703265,"PROKNOW, LLC",7640142810582,142,99.93432282786394
Helpdesk,2020-07-15,Open,1731014,Smarter Alloys Inc,191083027050,23,101.49042722367601
IT,2020-02-21,Exception,1477195,"Orthopedic Designs North America, Inc.",386100004385,88,97.68925367624932
Sourcing,2021-01-24,Closed,4333402,"SYNVASIVE TECHNOLOGY, INC.",889024482807,60,99.20698625677052
Helpdesk,2021-04-23,Paid,6829504,"NEBA HEALTH, LLC",887517221827,13,101.6339560438843
Sourcing,2020-06-30,Cancelled,8613810,Dr. Franz Köhler Chemie GmbH,4019702259438,134,98.01908541538272
Maintenance,2021-01-05,Cancelled,4039787,AMERICAN DENTAL PRODUCTS INC,18257200072224,73,100.0491930344327
Helpdesk,2021-03-27,Exception,6571349,"OLSEN MEDICAL, LLC",B390C85821,136,99.92903298289453
Helpdesk,2021-10-18,Open,2743328,"SA SCIENTIFIC, LTD.",10887488899183,29,100.19159024005172
Sourcing,2021-03-20,Paid,3559435,Christoph Miethke GmbH & Co. KG,818053025334,26,97.92460850499538
IT,2021-08-22,Cancelled,3909235,APRIA HEALTHCARE LLC,10884450443191,44,98.1461129970155
Sourcing,2020-11-03,Exception,8035852,"SA SCIENTIFIC, LTD.",M719GL3DM1425P0,128,100.353310388831
IT,2021-09-07,Cancelled,3310947,"Guangdong Biolight Meditech Co., Ltd.",193082054822,109,97.99632116149334
Sourcing,2022-02-14,Cancelled,4609501,TREYMED INC,M684187366701,38,100.60034327923854
Services,2021-12-20,Open,7110590,ORTHOPEDIATRICS CORP.,10193489192315,91,102.29731575562919
Sourcing,2020-01-29,Paid,8249042,Philips India Limited,888480590521,134,103.29977447168919
IT,2020-01-30,Open,238076,P&P Medical Surgical LLC,380652418447,8,100.12051041707353
ServiceCall,2021-10-19,Open,2514123,"Foosin Medical Supplies Inc., Ltd.",616784334516,50,99.99334028299127
Services,2021-10-21,Cancelled,5741550,HEALTH CONNECTOR LLC,191083006895,96,98.47458011172354
Support,2020-11-20,Exception,859854,"U&C International Co.,Ltd",840682100854,63,102.62507084122154
Helpdesk,2020-04-10,Cancelled,8999209,Mylan Pharmaceuticals Inc.,193082002731,117,98.70657908040819
ServiceCall,2022-04-01,Open,4426078,Jeisys Medical Inc.,812282020443,127,103.3557105313189
Sourcing,2021-11-15,Cancelled,7982117,"THERMOTEK, INC.",10888439095951,66,101.60827851918135
ServiceCall,2020-01-28,Closed,314668,"TOOLS FOR SURGERY, LLC",191072016478,120,101.60847221673362
IT,2021-03-27,Open,6205642,"CARDIOCOMMAND, INC.",8054301890381,142,100.4629225732623
Helpdesk,2021-04-21,Open,9025285,Xvivo Perfusion AB,690103150438,143,103.19251607757266
Sourcing,2021-12-21,Open,7397922,EMCYTE CORP.,4057532390532,106,100.14664260972842
Support,2020-03-07,Open,9465146,PRIME DENTAL,8714729125013,102,101.0941675089611
Helpdesk,2020-05-07,Closed,9635231,"ARIBEX, INC.",7613327260991,136,99.26406056262202
Sourcing,2020-06-03,Paid,977734,"SUTTER MEDICAL TECHNOLOGIES USA, INC.",841645134411,85,101.83030559933191
Sourcing,2021-08-06,Closed,1202989,ECHOSENS,10888439119503,20,95.98006474637393
Services,2022-03-17,Exception,646629,QUEST MEDICAL INC,840186648715,120,100.12602508920266
ServiceCall,2020-11-18,Paid,7249461,"HEALTHMYNE, INC.",10888439221893,137,99.13103828322544
Support,2022-01-10,Cancelled,9802878,MyndTec Inc,10195291001571,75,101.26978716536719
Support,2020-11-10,Paid,5831736,DIAMEDIX CORPORATION,10351688727879,54,102.34800015793691
Sourcing,2022-03-14,Paid,9022030,"SEBACIA, INC.",10809160343791,55,102.5486376497183
Maintenance,2021-01-17,Closed,2437778,HOPKINS UNIFORM COMPANY,6958697602622,98,98.76249392538898
ServiceCall,2020-11-24,Open,274177,QLRAD INTERNATIONAL LTD,10195594372774,8,99.51826435368784
Support,2021-12-23,Paid,9348739,KEOS,10351688832283,143,101.11827760028032
Helpdesk,2020-10-26,Exception,1361456,LIMACORPORATE SPA,8800033323365,28,99.83985451370116
Helpdesk,2021-12-04,Exception,5333469,shen zhen shi te ken dian zi you xian gong si,4953170183430,67,103.46318976024986
Helpdesk,2021-12-05,Cancelled,8298911,QuestAlpha GmbH & Co. KG,10649111162909,149,98.36913003124083
IT,2020-10-26,Paid,2804070,YD Diagnostics CORP.,4057532045203,120,99.05261869356242
Sourcing,2020-02-12,Paid,6628544,"MULTIFUNCTIONAL IMAGING, LLC",193082004704,119,101.29242859913644
Support,2020-09-23,Paid,9731455,SPECTRONICS CORPORATION,827002039179,84,94.42698515282845
Services,2021-10-18,Cancelled,4038618,CL MEDICAL,10195594310677,3,98.18478993697794
IT,2021-12-09,Paid,5157383,"NXSTAGE MEDICAL, INC.",10653160286899,110,103.79556818413946
Services,2020-04-04,Paid,1962988,"PRO-LAB, INCORPORATED",10889942798223,102,99.02807709823276
ServiceCall,2020-03-05,Closed,8030498,SENSORONICS INCORPORATED,10840200306000,96,98.63764910985468
ServiceCall,2021-12-04,Exception,2079023,Brius Technologies Inc,10612479211817,60,100.67526363432613
Helpdesk,2022-02-07,Paid,2955679,MEDIMAGING INTEGRATED SOLUTION INC.,10809160258064,133,99.4626319995109
Services,2021-05-31,Open,8085664,Northern Digital Inc,887517969002,75,101.06340677215209
Helpdesk,2020-02-01,Exception,668213,"MEDSTREAMING, LLC",8591285627409,52,99.52057221251567
IT,2021-05-12,Open,9019717,"SUN SCIENTIFIC, INC.",4038953823786,78,97.32794730289335
Helpdesk,2020-08-25,Paid,6996381,Technolas Perfect Vision GmbH,10889942887347,83,101.41621460507118
Sourcing,2022-03-18,Open,4888700,ALDEN MEDICAL LLC,8800033144595,89,97.78954514420641
Sourcing,2020-10-26,Closed,8632221,"BIO-MEDICAL INSTRUMENTS, INC.",643169722781,55,100.20262329740684
Helpdesk,2020-05-03,Cancelled,3457299,"Guangdong Transtek Medical Electronics Co.,Ltd",887868005145,83,100.2299359848669
Sourcing,2020-06-11,Cancelled,1864447,"KAZ USA, INC.",889024203273,111,101.43818043436498
IT,2021-11-05,Open,7199465,ELI LILLY AND COMPANY,810045921082,64,101.53391458738355
Sourcing,2020-05-07,Open,6422992,"TAYLOR PRECISION PRODUCTS, INC.",10887488012094,23,98.27756865970282
Support,2020-07-16,Open,2325448,"BAOT Biological Technology Co., Ltd.",8809375716460,144,102.59531226383302
Helpdesk,2021-11-09,Cancelled,1000368,"Henke-Sass, Wolf GmbH",814216025012,5,100.16469612515124
Support,2021-09-03,Paid,288209,"HAYS, INC.",10746190004332,35,99.61586211669417
IT,2020-07-14,Open,3087230,"WickiMed (Hui Zhou) Medical Equipment Manufacturing Co., Ltd.",EFOR886N00230101,28,101.02555679795594
Services,2020-04-20,Paid,8108529,"SILEX MEDICAL, LLC",10888439070538,31,96.94753086045516
Support,2020-01-09,Exception,4793854,Oscor Inc.,190707065577,96,99.94708971517632
ServiceCall,2020-12-13,Cancelled,6600182,MIM SOFTWARE INC.,5055662947335,48,98.77885286632622
Helpdesk,2020-02-07,Exception,2510441,GMMI SDN. BHD.,8033707061922,81,97.67835886773702
IT,2021-11-23,Cancelled,3712794,Obtech Medical Sàrl,15019517150919,81,100.37777492550008
ServiceCall,2020-11-01,Cancelled,5689023,"MEDEXEL CO.,LTD.",190746135859,48,101.36589819240663
Maintenance,2020-11-06,Paid,60456,"VASCULAR TECHNOLOGY, INCORPORATED",6970596160669,63,101.59823615438076
Maintenance,2021-05-25,Open,4004913,Rex Medical LLP,887517638380,67,98.99162008772885
Support,2020-10-13,Paid,5670002,HORIBA ABX SAS,10887488671369,45,95.66651673761523
Helpdesk,2021-04-17,Paid,6969182,MAXPERT MEDICAL,812394021499,24,98.18829515891834
Support,2021-05-02,Cancelled,3660909,DIASORIN SPA,715317047883,77,96.98478839574676
IT,2021-09-25,Open,8649136,ILUMINAGE LTD,10193489247381,37,101.23918341447302
ServiceCall,2020-01-24,Cancelled,2697334,TRINITY MEDICAL DEVICES INC.,887517010100,124,98.72701968422807
Sourcing,2020-02-07,Closed,7233091,AMERICAN MEDICAL & DENTAL SUPPLIES INC,10195594138981,144,97.40208333965958
Services,2020-08-18,Exception,3443213,"STERILUCENT, INC.",8806390817462,113,99.31274972974822
Sourcing,2021-03-27,Exception,383481,DPM USA CORP,840277114631,54,99.95565323332059
Helpdesk,2022-01-10,Open,4393895,Enbio Group AG,723860448958,121,98.48109115660452
Maintenance,2021-01-24,Exception,9483818,"NEW STAR LASERS, INC.",10652927295921,126,101.15212544709627
Helpdesk,2020-08-06,Paid,2669679,"MAYER LABORATORIES, INC.",10889950054151,66,98.7534765808843
Maintenance,2021-08-31,Closed,5117787,NEOSTEO,10888439112474,121,100.2499308113998
Helpdesk,2021-03-05,Closed,6328151,CASCO BAY MOLDING LTD.,10888439888034,35,97.6894420225214
Services,2020-08-10,Exception,8660450,DEPUY INTERNATIONAL LTD,10888439765113,51,101.370920551644
IT,2020-04-15,Paid,3774971,BRAINSWAY LTD,B506N10593030401,41,98.15686813121731
ServiceCall,2020-01-02,Exception,2798224,CEDIC SRL,193033405444,45,99.26050523493592
Helpdesk,2022-02-07,Open,230772,DIASORIN SPA,EBRECLFN00E20,112,101.1943809643377
Maintenance,2021-04-28,Open,6509531,Rochester Medical Corporation,886799000120,16,98.73149858869107
Sourcing,2020-06-27,Cancelled,3594091,"GOLD STANDARD ORTHOPEDICS, LLC",643169743434,16,102.04565648711743
Helpdesk,2020-01-25,Paid,813546,MAVIG GmbH,842071107321,67,100.2090607993898
Sourcing,2021-03-21,Open,3589681,"REACH MEDICAL, INC.",D7091970496,92,99.90771257478686
Support,2020-07-23,Paid,1366505,Swift Medical Inc,10652927412564,132,100.9730017068587
Sourcing,2020-09-08,Open,5144203,FLEXMEDICS,B2215000003600,101,100.3027768998296
Helpdesk,2020-08-30,Paid,1760216,"ASSOCIATES OF CAPE COD, INC.",8806373576041,16,99.13107243321801
Sourcing,2021-05-27,Exception,3895406,"CLINICIAN'S CHOICE DENTAL PRODUCTS, INC.",4582276120584,92,98.41907345949028
IT,2020-09-30,Open,7955776,"ECOTEC MANUFACTURING, INC.",889095335354,54,100.67423429140088
Maintenance,2020-10-09,Open,2583551,PURA DENTAL PRODUCTS LLC,7613275202289,33,102.73394580019979
Support,2020-02-15,Closed,6535259,Wallac Oy,7540195000186,57,100.89152044082432
ServiceCall,2021-11-07,Closed,1875213,IT Dr. Gambert GmbH,190746085833,133,101.31204772694277
Sourcing,2022-03-30,Closed,7528604,"Smartguard Rx, Inc.",10801741015530,68,100.94658407772882
Sourcing,2021-10-30,Paid,4166508,"FUKUDA DENSHI USA, INC.",880304349933,33,102.17314344050578
Maintenance,2020-08-15,Cancelled,3007534,"Perkinelmer, Inc.",7290110208059,123,98.74155194719403
Sourcing,2020-05-18,Paid,9965482,Plastiflex Group NV,840967153940,108,98.5595166073244
Services,2021-10-08,Cancelled,2706936,ABBOTT VASCULAR INC.,10888439868630,53,100.60009455215004
Support,2020-04-23,Cancelled,571056,"WEXLER SURGICAL, INC.",4019702226041,80,97.62453057689922
Support,2022-02-06,Exception,5311126,RENOVIA INC.,4046964969508,19,98.0691687841533
Maintenance,2022-04-07,Open,5197415,"Guangzhou Labsim Biotech Co., Ltd",10886982259912,96,101.10028039432773
Support,2022-03-19,Open,6829214,IRONWEAR,841536123227,141,102.49608206149179
Sourcing,2020-10-26,Paid,9498135,FIRST CHECK DIAGNOSTIC CORP.,10885403144295,114,94.55801206707797
ServiceCall,2021-08-17,Closed,7149524,"PROTEUS DIGITAL HEALTH, INC.",192629325807,84,98.26755582414081
ServiceCall,2020-06-21,Closed,9331820,Avery Biomedical Devices Inc,6944904085944,10,98.0294625006011
IT,2022-04-15,Closed,1581860,Naslund Medical AB,889024572454,124,95.9903314605255
Maintenance,2021-03-03,Open,4159445,Denplus Inc,10885403458972,5,97.03222119903134
Helpdesk,2021-05-14,Open,275304,"PHARMAJET, INC.",4019702522235,135,100.12250926302131
Helpdesk,2022-02-10,Open,8773972,CGC Technologies Inc,613994574831,34,98.62707027946699
Helpdesk,2020-08-26,Open,4524405,TAIWAN BIOMATERIAL COMPANY LIMITED,812345026351,145,98.06479801156945
Helpdesk,2020-07-24,Exception,3564437,PRYOR PRODUCTS,5051977000444,142,100.1260708614536
Sourcing,2020-05-28,Closed,3468688,SCOTT'S DENTAL SUPPLY L.L.C.,41298400103,1,103.78152722583947
IT,2021-08-19,Exception,9152294,"Massachusetts Eye and Ear Infirmary & Physician Staff, Inc.",5704819206596,139,101.95762305728644
Support,2021-04-15,Closed,2786167,"MEDICAL INSTRUMENT DEVELOPMENT LABORATORIES, INC.",4038653741304,39,100.53124133319653
Services,2020-01-11,Open,9885514,NATUS MEDICAL INCORPORATED,746980000271,91,97.20827002038449
Sourcing,2021-08-31,Open,6209842,Rex Medical LLP,643169850279,118,99.38316419082945
Support,2021-09-01,Closed,8329225,"SIGHT SCIENCES, INC.",10889950034047,124,97.81835569685721
Sourcing,2020-07-29,Open,5881317,"CYTOPHIL, INC.",M75241073BNS0,102,102.20073977238431
Support,2022-02-10,Open,9544205,"IMBED BIOSCIENCES, INC",10888439415179,87,100.98628983817451
IT,2022-01-13,Open,8690508,"Genoray Co., Ltd.",10844685003430,148,103.79712934749504
ServiceCall,2020-04-21,Exception,8441323,JBC and Company,7630971228788,12,99.33141142792743
Sourcing,2020-02-13,Exception,5134365,Qr8 Health Inc,10351688845740,67,95.96427133401838
Sourcing,2021-02-24,Exception,1965258,CRYO BIO SYSTEM,D7091034452,148,100.14636541576473
ServiceCall,2021-11-20,Paid,5023021,"Cv Medical, LLC",10888439335514,20,99.5235254071784
ServiceCall,2021-09-19,Exception,3240724,Sonesta Medical AB,10193489573183,13,101.32929528845558
Maintenance,2020-03-13,Cancelled,9211641,SCHOLL'S WELLNESS COMPANY LLC,M454U600BP1601,49,99.86028871671503
Services,2020-01-09,Open,8642396,INTERNATIONAL MEDICAL INDUSTRIES INC.,190730009272,116,100.8989944575992
Helpdesk,2021-11-16,Paid,4651088,SEGAMI CORPORATION,848782016013,93,102.68407636273007
Helpdesk,2021-10-25,Open,8482954,"Sientra, Inc.",887868121272,94,97.89048348984696
Sourcing,2021-11-09,Exception,4529107,MAJOR PRODOTTI DENTARI SPA,4056839022603,144,98.50290164454631
Sourcing,2021-09-18,Paid,4804101,"CAREFUSION 2200, INC",10888277954298,121,99.87307743453314
Services,2021-04-06,Paid,4131671,B HOLDING GROUP LLC,M824DMF685401,91,100.19072445187783
Services,2022-01-14,Open,2173034,AAKRON RULE CORP.,5707131286246,56,101.21611702911335
Sourcing,2021-06-18,Paid,3836134,OBERON GmbH Fiber Technologies,6945664834629,61,101.72026848627877
Support,2022-04-28,Open,4985005,"VISEON, INC.",10705032049764,24,101.96412400669541
Sourcing,2021-05-23,Exception,4526522,"ALVIX LABORATORIES, LLC",15019517263152,149,98.99330691902675
Services,2020-08-28,Open,8128279,DBMEDX INC.,10887488768373,71,100.16597186612175
Sourcing,2020-11-18,Paid,2749159,"NSPIRE HEALTH, INC.",812171027799,115,100.49929801116598
Sourcing,2021-06-10,Closed,3121478,"3T MEDICAL SYSTEMS, INC.",634782082659,5,97.74332549255041
Services,2020-05-31,Exception,2684231,"XIAMEN ANTS-BRO TECHNOLOGY CO., LTD.",849044046403,55,95.27764949935826
ServiceCall,2022-03-31,Paid,7613138,"AURORA SPINE, INC.",4046955248353,76,102.86921779873198
Support,2020-04-30,Exception,840177,"BRIGHTWATER MEDICAL, INC.",M684E42000321,128,103.06137870744598
Helpdesk,2021-09-15,Exception,410576,"SIE AG, Surgical Instrument Engineering",7630971263352,11,99.80322868994358
Sourcing,2020-01-18,Closed,6168963,FUSION DENTAL IMPLANTS LLC,643169334519,140,98.02894343482492
Sourcing,2021-01-13,Open,7037865,"MANAN MEDICAL PRODUCTS, INC.",889929022412,105,100.73991530307673
Support,2020-04-09,Paid,309984,"ABAXIS, INC.",10889981086930,51,103.21224438046777
Support,2020-06-13,Open,7974411,LC MEDICAL CONCEPTS,M684PNV073941,123,96.79589254349713
Sourcing,2022-04-01,Closed,2155268,ASAHI KASEI PHARMA CORPORATION,885074317489,131,98.16139620926214
Support,2021-11-09,Open,8119715,IMBiotechnologies Ltd,8800056230466,122,102.00907975694433
Support,2021-07-24,Cancelled,7340917,"HYPOTHERMIA DEVICES, INC.",L502BSB6711,21,98.92371124050429
Services,2021-06-16,Closed,972364,IMMUNOTECH,E322029600020010,15,95.40968095369426
IT,2020-11-26,Exception,2459808,CORIN LTD,D0026781401,99,100.76664614430925
Sourcing,2020-09-28,Open,8870181,GE Ultrasound Korea Ltd.,4046963639464,63,100.02756435445934
Helpdesk,2020-05-16,Closed,8203701,Sonesta Medical AB,8800033166894,69,96.37053515750769
Sourcing,2022-02-26,Cancelled,3371245,MERIT CABLES INCORPORATED,10887488157443,95,97.8594472363403
Support,2020-03-26,Open,393822,CEPHEID,M7557220030,87,96.62298200804022
Support,2021-04-02,Cancelled,4946566,"Meda Co., Ltd",5056079005816,49,103.93098398934681
Sourcing,2020-04-07,Paid,7554698,Conavi Medical Inc,D00116356LB69F0,99,99.5095850991104
Sourcing,2020-01-02,Closed,4714659,WATCHDOG GROUP LC,817365021218,146,101.6008736283869
IT,2020-12-18,Open,3807225,COROVENTIS Research AB,809161305807,17,99.05919963760967
ServiceCall,2021-05-02,Open,3823728,Best Nomos,10888551004732,143,99.43897587127626
Helpdesk,2020-11-22,Exception,1874370,"NATIONAL ADVANCED ENDOSCOPY DEVICES, INC.",10884521141209,62,101.72801408617588
Maintenance,2020-09-30,Cancelled,3863820,"MACHIDA ENDOSCOPE CO.,LTD.",10887488553351,51,96.70202080120873
Support,2022-03-28,Open,2017001,Schiller AG,190837041588,53,102.01551980185445
IT,2021-04-01,Paid,5274982,AURADONICS INC.,10888439934953,67,100.58316884686184
IT,2022-03-30,Cancelled,4804277,MEDVIRON LLC,840606129213,135,98.44908111993631
Services,2021-09-05,Cancelled,6014504,"Kinreen Technology (Shenzhen) Co., Ltd",8809493853726,75,98.79218685094382
IT,2021-02-25,Paid,2684752,MINTA MEDICAL LIMITED,M7161016010,57,98.11983139229771
Sourcing,2021-07-12,Cancelled,5238927,tyromotion GmbH,8717213024083,98,98.09185625329408
Support,2021-01-13,Closed,308148,L P G SYSTEMS,7613275258699,7,103.058241685489
ServiceCall,2020-08-03,Closed,8023250,MIAMI DEVICE SOLUTIONS LLC,D00116156LP776300,55,98.98084308402082
Helpdesk,2020-10-18,Cancelled,2959990,ACRO BIOTECH INC,EFOR2893N00250051,77,98.96125840641179
ServiceCall,2020-12-20,Open,6744190,"CHAIN DRUG MARKETING ASSOCIATION, INC.",801741074691,64,97.12949652245143
Support,2020-06-18,Exception,9742382,SOUTH EAST INSTRUMENTS LLC,190376216973,23,104.37829909369344
Sourcing,2020-12-24,Paid,8124772,Shopko,10381780044727,59,99.25428108694541
Sourcing,2022-02-03,Paid,827613,"Ricca Chemical Company, LLC",606959007673,24,102.57942090112947
IT,2020-09-04,Closed,7017895,"LUPIN PHARMACEUTICALS, INC.",5055343875346,31,102.82618476939
Services,2020-07-28,Cancelled,2839464,"SERENE MEDICAL, INC.",812998031993,4,102.21736558188493
Services,2021-09-04,Open,462635,ACI MEDICAL LLC,10887488434391,133,99.50600796970849
Sourcing,2022-03-14,Paid,7775515,"GENESIS HEALTH TECHNOLOGIES, LLC",10840843105084,115,101.67870164466754
ServiceCall,2021-05-05,Cancelled,8397509,Convergent Imaging Solutions Incorporated,7325710000670,93,100.07561511004515
Sourcing,2021-07-05,Open,9322164,MibeTec GmbH,676190392203,37,98.49311336144986
Sourcing,2020-02-12,Paid,6753244,"OSTEONOVUS, INC.",8809460306590,57,98.96086693325788
ServiceCall,2020-07-01,Exception,4319786,PATHEN MEDICAL LLC,D800TMAE8524,76,102.35373436445595
Helpdesk,2022-01-18,Exception,1030890,MKG Consulting UG (haftungsbeschränkt),840606156981,40,98.04232140058531
Helpdesk,2021-09-22,Open,1782288,"IMPERATIVE CARE, INC.",889024238343,5,101.0609520255579
Support,2021-06-17,Open,2905824,"TANGIBLE SCIENCE, LLC",715317002172,46,99.07993158770248
Sourcing,2020-03-21,Open,5968985,"Apollo Endosurgery, Inc.",10888439528329,126,97.71247504401138
Helpdesk,2021-09-17,Closed,8973411,OSSEOLINK USA LLC,10193489525311,129,100.00872746220443
Sourcing,2020-07-12,Cancelled,4398596,WELL-LIFE HEALTHCARE LTD.,8800057200055,90,97.54717202904231
Helpdesk,2020-04-15,Closed,5358552,"PRISM CLINICAL IMAGING, INC.",815203021826,104,99.70772790278943
Services,2020-09-26,Closed,6831992,"OLSEN MEDICAL, LLC",10381780529392,144,103.07857644691346
IT,2021-07-02,Open,3426121,"JOSNOE MEDICAL, INC.",7613327289220,95,99.36491178966781
Maintenance,2020-05-30,Open,2744640,Geuder Aktiengesellschaft,10885403004292,51,98.52125837662108
Helpdesk,2020-06-21,Closed,3004192,"POST MEDICAL, INC.",643169784970,105,98.07153955565293
Sourcing,2020-11-17,Closed,7292586,"Pursuit Vascular, Inc.",10886982152756,14,97.77289467213649
Sourcing,2020-01-31,Open,2480462,Ceiba Healthcare Technologies LLC,35664016777,130,100.83037950971416
Helpdesk,2021-09-06,Paid,5932032,SHARPS COMPLIANCE CORP.,5060440333569,144,100.30068484115576
IT,2021-11-28,Open,1892206,"FAXITRON BIOPTICS, LLC",385640023054,94,98.24077268322496
Sourcing,2020-10-17,Exception,601430,"Hangwei GE Medical Systems Co., Ltd.",190707040628,42,99.33767751726782
Services,2021-11-25,Paid,6478798,"AEROBIOTIX, INC.",841019110300,111,101.51948623394009
Maintenance,2021-04-12,Closed,8852738,CYDEN LIMITED,10193489522792,100,98.2306057730227
Sourcing,2021-10-01,Paid,6752412,BIOSEAL,EFOR706V60151,101,101.01857542355616
Sourcing,2020-07-23,Closed,469810,SURGICAL INNOVATIONS LIMITED,M97015000107007,43,101.01312222255488
IT,2020-05-06,Cancelled,326309,Greenguard,842271101204,51,97.79562199980894
Support,2021-03-05,Open,6639063,"LENSAR, LLC",7613327038095,69,97.77201399487222
ServiceCall,2020-11-09,Cancelled,3547083,IT Dr. Gambert GmbH,10809160213377,6,100.93110791670468
Helpdesk,2021-07-08,Exception,5789358,RESIDEO LIFE CARE SOLUTIONS LLC,889797004626,39,101.05331997877678
Sourcing,2020-02-26,Paid,4109432,"VALFLUX GROUP, LLC",844868017042,128,100.01677379531536
Helpdesk,2021-08-29,Closed,5332127,BIOTRONIK SE & Co. KG,D00116736UA0233M0,45,99.60654714132619
ServiceCall,2020-09-29,Open,14299,TORNIER,10195594927165,76,102.54071980269556
Helpdesk,2021-05-02,Open,5587534,"M.C. JOHNSON CO., INC.",851136007001,29,98.79137324175096
ServiceCall,2021-03-31,Open,3878725,INTELESENS LIMITED,5206569834031,117,98.99566974838478
IT,2021-04-05,Paid,1190508,GS Medical Packaging Inc,3770019599006,66,100.92365713218054
ServiceCall,2022-01-27,Open,6769149,VICON MOTION SYSTEMS LIMITED,EFORC73914130051,105,96.73714991578674
Sourcing,2020-09-28,Closed,8731989,"SYMAX LIFT (CHINA) CO., LTD.",7630039100568,147,99.7758598817024
Sourcing,2020-07-22,Closed,1271155,"Eckert & Ziegler Bebig, Inc.",841036272418,145,99.33596861670966
IT,2020-11-05,Closed,6449887,"BERKELEY ADVANCED BIOMATERIALS, LLC",10889942882823,81,99.26629482210518
IT,2021-05-28,Exception,3267161,"INFINITE BIOMEDICAL TECHNOLOGIES, LLC",885556711415,75,98.93068251674042
ServiceCall,2022-02-22,Cancelled,921716,"ACIST MEDICAL SYSTEMS, INC.",8800056262733,92,95.13897212203227
Sourcing,2020-07-04,Exception,8784853,MEDSAFETY SOLUTIONS LLC,7613275289754,128,100.4028512654111
Sourcing,2021-08-10,Cancelled,6843366,SUMMIT GLOVE INC.,840967109800,93,97.27030500367994
Services,2020-09-17,Exception,5352942,CEQUR CORPORATION,827002021556,107,99.81912628889874
Services,2021-05-02,Open,9653232,"Global Healthcare Product Solutions, LLC",6924274910145,79,99.090808155662
Sourcing,2020-04-28,Exception,6277876,Tridien Medical,6941382244771,83,97.80563031994012
Support,2021-01-14,Open,3033526,"LORTE TECHNOLOGIES, INC",190746162190,4,101.95337440297929
Support,2022-01-07,Closed,7488191,GENDEX CORP.,10840200311523,134,103.45422706925604
Services,2021-05-25,Open,5627820,"CORINDUS, INC.",810002220104,29,98.7083859542481
Services,2021-06-12,Closed,6961220,"ISEN Tech. & Trading Co.,Ltd.",10705034712291,75,100.07695427120656
Sourcing,2020-08-31,Exception,9508120,"ALIMED, INC.",4711605575539,135,99.37270924441174
Sourcing,2021-04-30,Closed,2926795,Scinus Cell Expansion Netherlands B.V.,10888439311389,101,102.59869586962634
Helpdesk,2020-07-15,Open,8997802,MEDIC VISION - IMAGING SOLUTIONS LTD,10887488507293,28,102.49694025736949
Sourcing,2022-04-13,Paid,268894,Matricel GmbH,685447002574,145,103.56834161716735
Sourcing,2022-02-25,Open,2367239,"Kunshan Aoshida Electric Technology Co., Ltd",18904255216775,7,95.41518134579478
Support,2020-09-06,Closed,8739689,Machnet B.V.,50885380022287,90,98.12702595057786
Sourcing,2020-09-25,Exception,209880,MICHELSON DIAGNOSTICS LTD,10680651929478,148,99.57229571594992
Maintenance,2020-06-16,Open,3372832,"MOTION CONTROL, INC",613994238498,6,99.21921354217127
Helpdesk,2021-08-21,Exception,670242,"IMBED BIOSCIENCES, INC",4711605574457,19,102.07732338781382
Helpdesk,2021-02-12,Open,2239616,"OHIO MEDICAL, LLC",190730042224,47,102.86676864697085
Helpdesk,2021-06-01,Open,4122483,"Bioplate, Inc.",689281034135,130,101.07052453682252
IT,2020-03-18,Paid,3089676,Suturegard Medical Inc,10809160043684,47,99.07596252675283
Helpdesk,2021-08-27,Exception,5933790,"REMEDI CO.,LTD.",6941382232570,105,99.90225708361217
Services,2022-04-03,Cancelled,3655866,Calgary Scientific Inc,10887488754581,37,101.54464323082766
IT,2020-04-26,Open,8395655,"KELYNIAM GLOBAL, INC.",885556627402,105,100.74128813004059
Support,2022-04-11,Exception,5841770,"MAGNUM MEDICAL, INC.",4061644052776,83,102.57766013101782
ServiceCall,2021-04-20,Closed,85845,Johnson & Johnson International Inc.,D974BSI50031,75,99.83082940826412
IT,2020-03-09,Exception,7028206,BEAMMED LTD,842166113022,128,99.4382829416829
Sourcing,2020-01-23,Closed,5651217,ORTHOSENSOR INC,10887587034393,91,98.7994716441427
Sourcing,2022-03-08,Cancelled,6273826,"Shanghai AnQing Medical Instrument Co., Ltd",J017A64L15O4L0,13,98.37337596230931
IT,2021-10-08,Paid,2298515,"Craftmatic Industries, Inc.",8886483501751,81,100.0511989064168
Sourcing,2022-03-12,Open,3699968,"Intelivation, LLC",8800113943551,130,96.58445153872897
IT,2020-11-17,Cancelled,8957115,"TEAM TECHNOLOGIES, INC.",8719425504476,86,101.75745948543597
Sourcing,2021-05-17,Exception,1349818,Domrex Pharma Inc,15019517086331,73,99.14796828534634
Helpdesk,2021-11-26,Exception,6697884,Abilia AB,10193489761245,110,95.6239770554664
IT,2022-04-27,Exception,9963167,"DISCOUNT DRUG MART, INC.",715317204507,143,99.2888010523519
ServiceCall,2020-11-19,Cancelled,2716736,"ENLITIC, INC.",846832041657,54,99.47451109685208
Support,2022-04-02,Exception,4231055,OVATION INTERNATIONAL,M6950010000040,71,100.09382989952788
Services,2020-06-05,Exception,1137634,"DALE MEDICAL PRODUCTS, INC.",B654LS0,40,98.81919256198213
ServiceCall,2021-06-26,Open,4473176,O.B - TOOLS LTD,9008737044015,99,100.04924019280624
Sourcing,2021-04-07,Exception,2589715,"FTT MEDICAL, INC.",8717213025752,27,100.97046884064004
Maintenance,2021-12-06,Open,299171,NEXALIN TECHNOLOGY,382830055284,141,98.394148255604
Services,2020-01-14,Exception,6357789,"ACCUTRON, INC.",J0228750711,5,96.01284493072632
Support,2020-11-25,Cancelled,7246372,KIRO GRIFOLS SL.,8800033886006,109,100.92099963712448
Sourcing,2021-11-08,Closed,4294969,BTL INDUSTRIES LIMITED,8806383570008,96,99.48175174419315
ServiceCall,2020-12-30,Paid,3330734,GYNEX CORPORATION,83208130236,111,100.83660396577909
Maintenance,2021-05-16,Cancelled,4339842,"Rog Sports Medicine, Inc.",83208005077,117,100.48153968258322
IT,2021-11-06,Exception,2247969,"Optina Diagnostiques, Inc",845821026477,65,100.99404952217427
Maintenance,2020-07-25,Paid,5180678,"Biotem Co., ltd",4251436925757,40,103.51416294604806
Maintenance,2021-06-10,Exception,8678255,Orgenics Ltd,822409079414,71,100.7248694247975
Sourcing,2021-04-09,Closed,8551473,Max Pdo Inc,10889981015602,1,100.88716958911048
Support,2020-04-22,Exception,5225559,Abilia AB,190707037192,132,99.79027937179934
Sourcing,2022-01-21,Paid,8737882,J.MORITA MFG.CORP.,810019240591,88,101.13175443093182
Sourcing,2021-12-23,Cancelled,6431338,Rex Pj Tech LLC,850033297102,113,99.68293348419152
Sourcing,2021-03-22,Closed,3799402,"Thermopeutix, Inc.",4056481137908,34,98.27159380187813
Support,2020-09-27,Cancelled,7716130,THOMPSON MIS,3596010199539,90,105.25623403433433
ServiceCall,2022-01-10,Closed,7984626,"BIOSTRUCTURES, LLC",14026704636256,53,100.38691500997572
Maintenance,2021-10-31,Open,6444102,"VILEX IN TENNESSEE, INC.",885556675366,73,100.16082334968955
IT,2020-08-26,Paid,2201543,E.M.S. Electro Medical Systems S.A.,4061644044177,3,96.9564314051216
ServiceCall,2020-02-02,Open,2698024,NOVOSCI CORP.,9120034304118,148,99.39524052821135
Sourcing,2020-12-03,Exception,2972722,TYSON BIORESEARCH INC.,8800118603122,12,99.62075429864869
Sourcing,2021-12-17,Exception,1984031,SKINGEN UK LTD,841494104276,96,102.02978286885622
ServiceCall,2020-11-12,Cancelled,8686850,"MEDHOST OF TENNESSEE, INC.",841912106653,127,101.64004457305428
ServiceCall,2020-03-07,Open,2727375,OPTIMIZED ORTHO PTY LTD,5708296200214,141,98.31513494983308
Support,2021-10-17,Cancelled,8666858,"ANZAI MEDICAL CO., LTD.",10193489220773,89,99.84188534358665
ServiceCall,2020-09-12,Open,7584108,Varian Medical Systems Particle Therapy GmbH,817906023961,72,101.26809148332849
Sourcing,2021-04-04,Exception,1318507,DENTAL CARE FOR ALL INTERNATIONAL,M543CM9002,117,95.72757062427664
Services,2020-03-18,Open,9844428,"pro med instruments GmbH, Herstellung und Vertrieb medizinisch technischer Ausrüstung",715317902793,108,97.54948778636864
Services,2021-09-04,Open,8883656,"I.C. MEDICAL, INC.",D7092001420,129,100.60273211711595
IT,2020-04-13,Paid,1440957,"HY-VEE, INC.",841019109021,121,102.30222523096148
Support,2020-11-11,Cancelled,8807420,CYDAR LIMITED,B112S03455NSRU300,18,101.45055744112348
ServiceCall,2021-04-08,Cancelled,5005273,"GAMBRO RENAL PRODUCTS, INC.",6945664840613,112,98.57053184320358
Sourcing,2021-07-24,Paid,2165324,MEDICREA INTERNATIONAL,190660125066,99,99.05260092890086
IT,2020-10-09,Paid,957386,RIGHTBIO/METRICS INC.,842188102196,118,99.79398114882112
Sourcing,2020-10-25,Open,9698129,"Hangzhou Universal Electronic Co.,Ltd.",8806390840446,129,100.3189685375704
ServiceCall,2020-03-10,Closed,6362497,SUMMIT GLOVE INC.,10817489025601,147,99.91460524609744
ServiceCall,2021-04-26,Open,5628747,3J'S HEALTHCARE GROUP LLC,721734674403,69,100.55164717229341
Maintenance,2021-10-14,Paid,3798083,"Breethe, Inc.",10887488516509,24,100.39173815265985
IT,2021-07-10,Closed,5554660,Vita - Zahnfabrik H. Rauter Gesellschaft mit beschränkter Haftung & Co Kommanditgesellschaft,8806343918499,122,102.67609255261905
Sourcing,2020-06-05,Closed,4156498,WAT Medical Technology Inc.,4015630919628,19,100.62711530758722
Sourcing,2020-04-09,Closed,1797050,Fehling Instruments GmbH & Co. KG,7613327002805,134,100.2931707694724
Services,2021-08-01,Paid,9665033,SAFE-TEC CLINICAL PRODUCTS LLC,10887488463742,108,101.9519345631791
IT,2021-08-02,Open,9434005,EEG SOFTWARE LLC,3760187910765,115,103.66196830899716
Sourcing,2020-12-26,Cancelled,4740321,EMERGENT PROTECTIVE PRODUCTS USA INC.,190730061232,69,102.77746428003087
IT,2020-06-26,Exception,5277469,L A P GMBH LASER APPLIKATIONEN,10603295381099,85,101.56535522096911
IT,2020-02-29,Exception,7754266,Perimed AB,885556634431,105,99.54203100207701
Sourcing,2021-08-12,Paid,7655254,AGA MEDICAL CORPORATION,10887488551524,128,101.55360793801728
Maintenance,2020-04-09,Closed,8432076,"Philips Medical Systems (cleveland), Inc.",8055510176402,113,103.46037535401229
Support,2021-06-19,Exception,9305077,"DAILY MEDICAL PRODUCTS, INC",8809319842019,99,98.94007507291734
Maintenance,2021-10-03,Paid,7449878,"NEXUS SPINE, L.L.C.",8800033877905,46,98.46634958613652
Sourcing,2021-06-14,Cancelled,9542199,ELECTRONIQUE DU MAZET,8809327352975,113,97.27462222026917
Support,2021-03-07,Paid,5929516,Masena Invest B.V.,10889942292813,57,100.773181018189
Support,2021-07-03,Paid,4481228,ORTHOSONICS LIMITED,613994858184,138,100.19960264557757
Sourcing,2020-03-12,Cancelled,5151346,"TRANSMED CO, LLC",10887488553269,55,103.34942840658805
ServiceCall,2021-06-27,Closed,4517526,Terumo Cardiovascular Systems Corporation,827002363199,65,101.62054211277493
IT,2020-02-17,Closed,4186986,"LUMITEX, INC.",10889981155230,123,100.95563729771902
Helpdesk,2022-03-04,Paid,5885463,TEKNIMED,8800053006910,147,98.65742846686595
Support,2021-02-27,Closed,7060857,"IVANTIS, INC.",10190752114791,10,99.3729762081942
IT,2020-04-14,Cancelled,4243874,"CHAMELEON DENTAL PRODUCTS, INC",383730002941,113,99.81977524650422
IT,2020-06-02,Closed,7574271,ABBVIE INC.,9120073930767,21,103.09031762597878
IT,2020-01-19,Open,6215252,C R I,8800015916530,57,102.02050811104525
Maintenance,2020-07-20,Paid,7444688,MILLIE & MORE PTY. LTD.,6944904091877,64,100.33913677910942
Maintenance,2022-03-12,Paid,8871735,AD-TECH MEDICAL INSTRUMENT CORPORATION,848665007039,47,100.25889389314845
ServiceCall,2021-08-09,Cancelled,1182061,LIGHT TREE TECHNOLOGY INDIA PRIVATE LIMITED,613994406613,117,98.57251241821439
Maintenance,2021-03-05,Exception,1554504,Honeywell International Inc.,10806378032516,6,98.34206787423844
ServiceCall,2021-11-29,Paid,7633422,MEDSOURCE INTERNATIONAL LLC,10886982152589,66,98.14034343176846
IT,2021-01-30,Closed,7846640,CERACARTA SPA,887517673572,137,99.74111413214854
Helpdesk,2020-09-27,Open,9741894,"Suzhou Kangli Orthopaedics Instrument Co.,Ltd.",3700569624705,129,99.00421338481307
Helpdesk,2021-02-07,Open,7902061,TECO DIAGNOSTICS,10195594130411,13,96.02703567458252
Sourcing,2021-03-12,Paid,4458541,"AXELGAARD MANUFACTURING CO., LTD.",8033390122177,61,97.5858562078037
